task,feature_set,model,accuracy,precision,recall,macro_f1
single_round_R2,all_features,rf,0.9577981651376147,0.9574885613400574,0.9577981651376147,0.9576196593728327
single_round_R2,all_features,xgboost,0.9522935779816514,0.9522294372294372,0.9522935779816514,0.9521632581811665
single_round_R2,all_features,lightgbm,0.9559633027522936,0.9559118186835345,0.9559633027522937,0.9557204889280362
single_round_R2,all_features,extra_trees,0.9486238532110092,0.9482812682812684,0.9486238532110092,0.9483689280463061
single_round_R2,all_features,stacking,0.9559633027522936,0.956173619890434,0.9559633027522935,0.9559484718363223
single_round_R2,selected_features,rf,0.9486238532110092,0.9488050896746548,0.9486238532110093,0.9481493506493507
single_round_R2,selected_features,xgboost,0.9357798165137615,0.9356821106821107,0.9357798165137616,0.9356202048673985
single_round_R2,selected_features,lightgbm,0.9339449541284404,0.9336788445199659,0.9339449541284404,0.9337899543378996
single_round_R2,selected_features,extra_trees,0.9504587155963303,0.9502097902097904,0.9504587155963303,0.9501969689165385
single_round_R2,selected_features,stacking,0.9394495412844037,0.9398165700909475,0.9394495412844037,0.9393642214554305
single_round_R3,all_features,rf,0.9601449275362319,0.9604773889745879,0.9600300550759266,0.9601634996130409
single_round_R3,all_features,xgboost,0.9637681159420289,0.9639522611025413,0.9636488684097679,0.9637778166773391
single_round_R3,all_features,lightgbm,0.9619565217391305,0.9623008849557522,0.9618789569053433,0.9620515329419439
single_round_R3,all_features,extra_trees,0.9565217391304348,0.9569337194337194,0.9563439502889043,0.9565827605058039
single_round_R3,all_features,stacking,0.9619565217391305,0.962142857142857,0.9618470666079663,0.9619794281658033
single_round_R3,selected_features,rf,0.9655797101449275,0.9654545454545455,0.9654682205140921,0.9654538316907374
single_round_R3,selected_features,xgboost,0.9583333333333334,0.958538961038961,0.9581621321070862,0.9583264906871444
single_round_R3,selected_features,lightgbm,0.9601449275362319,0.9605212355212356,0.9600771551035414,0.9602606849607586
single_round_R3,selected_features,extra_trees,0.9547101449275363,0.9552342971086739,0.9544259856186461,0.9544692564001739
single_round_R3,selected_features,stacking,0.9601449275362319,0.9601965601965603,0.9600133745087873,0.9600822331039897
single_round_R4,all_features,rf,0.9442446043165468,0.9437500195031857,0.9435116158051937,0.9434355165688955
single_round_R4,all_features,xgboost,0.9460431654676259,0.9470394520765737,0.9452543786488741,0.9455011164248625
single_round_R4,all_features,lightgbm,0.9442446043165468,0.9445551206326745,0.9434361968306921,0.943603770518801
single_round_R4,all_features,extra_trees,0.9334532374100719,0.9336227437577701,0.9323936613844872,0.9320375730265106
single_round_R4,all_features,stacking,0.9442446043165468,0.9449812702781071,0.9434195162635529,0.9436230568381587
single_round_R4,selected_features,rf,0.9442446043165468,0.9447404783119069,0.9433694745621353,0.943339521543815
single_round_R4,selected_features,xgboost,0.9532374100719424,0.9542717086834734,0.9525437864887406,0.9527422825471706
single_round_R4,selected_features,lightgbm,0.9424460431654677,0.9429525418023047,0.9416013344453711,0.9417879302563226
single_round_R4,selected_features,extra_trees,0.9460431654676259,0.9477176941681129,0.9452210175145954,0.9455190846792199
single_round_R4,selected_features,stacking,0.9514388489208633,0.9523048618493852,0.9507089241034195,0.9508937376120038
joint_R2_R3_R4,all_features,rf,0.9309927360774818,0.9309894292934009,0.9306736474781225,0.9306592310168786
joint_R2_R3_R4,all_features,xgboost,0.9473365617433414,0.947581936973824,0.9470839323160245,0.9471160499466895
joint_R2_R3_R4,all_features,lightgbm,0.9521791767554479,0.9521708035065879,0.9519329045617007,0.95192514520381
joint_R2_R3_R4,all_features,extra_trees,0.9007263922518159,0.9009023184675359,0.9002478226677528,0.9002708624845152
joint_R2_R3_R4,all_features,stacking,0.9497578692493946,0.9499299697166343,0.9495158096267188,0.949517576842743
joint_R2_R3_R4,selected_features,rf,0.9207021791767555,0.9205859720417143,0.9203206175944192,0.920231894951786
joint_R2_R3_R4,selected_features,xgboost,0.9412832929782082,0.941435124078924,0.9410194626799482,0.9409985584973141
joint_R2_R3_R4,selected_features,lightgbm,0.9455205811138014,0.9455248611071367,0.9452786346821286,0.9452535290168642
joint_R2_R3_R4,selected_features,extra_trees,0.9092009685230025,0.9088333359080851,0.9087665196840709,0.9085738369121696
joint_R2_R3_R4,selected_features,stacking,0.9449152542372882,0.9448707411550361,0.9446524080172877,0.9446159313056534
loro_R2_R3_to_R4,all_features,rf,0.7069616837560713,0.7276857144134101,0.7057514906057267,0.6592117370350504
loro_R2_R3_to_R4,all_features,xgboost,0.712358337830545,0.6919261171075723,0.710834557592979,0.6618770405744276
loro_R2_R3_to_R4,all_features,lightgbm,0.7155963302752294,0.690632146621736,0.7140951310071726,0.6664534949734986
loro_R2_R3_to_R4,all_features,extra_trees,0.7145169994603346,0.7274881676808654,0.7130286211402389,0.6657761390732111
loro_R2_R3_to_R4,all_features,stacking,0.715056664867782,0.7051160028775237,0.7136875364968168,0.6643798257171675
loro_R2_R3_to_R4,selected_features,rf,0.7112790070156503,0.6520267489085032,0.710112026718391,0.6553752936563216
loro_R2_R3_to_R4,selected_features,xgboost,0.7231516459794927,0.6810459037996924,0.7220165311332771,0.6668737837158973
loro_R2_R3_to_R4,selected_features,lightgbm,0.7177549919050189,0.6529599590001072,0.7166775038113624,0.6619661562407677
loro_R2_R3_to_R4,selected_features,extra_trees,0.7112790070156503,0.627223314548669,0.7097912894643388,0.6556594602093557
loro_R2_R3_to_R4,selected_features,stacking,0.7161359956826767,0.6465897153496176,0.7151116483031938,0.6589454675896377
loro_R2_R4_to_R3,all_features,rf,0.6336418072945019,0.6225074706021854,0.6305451136456817,0.6148161314237031
loro_R2_R4_to_R3,all_features,xgboost,0.5802939575394666,0.5072755801621621,0.5765608209486349,0.5331577734068969
loro_R2_R4_to_R3,all_features,lightgbm,0.5993467610234078,0.5430674842002889,0.595718898643298,0.5524779671371125
loro_R2_R4_to_R3,all_features,extra_trees,0.6102340772999456,0.5942643798065045,0.6070356266796446,0.588776651529636
loro_R2_R4_to_R3,all_features,stacking,0.5911812738160044,0.5269400271517068,0.5875292563073142,0.5464721457973389
loro_R2_R4_to_R3,selected_features,rf,0.5824714207947741,0.5153843569488687,0.5786317932389068,0.5367882349976272
loro_R2_R4_to_R3,selected_features,xgboost,0.583015786608601,0.4822113076377083,0.579011166857961,0.5165262213137545
loro_R2_R4_to_R3,selected_features,lightgbm,0.5895481763745237,0.4881154256120685,0.5855779349756205,0.5195460784007243
loro_R2_R4_to_R3,selected_features,extra_trees,0.5661404463799673,0.46914903485829546,0.5621163838877898,0.5030969431969087
loro_R2_R4_to_R3,selected_features,stacking,0.5846488840500816,0.48685700084430417,0.5806491608672455,0.5196976733006422
loro_R3_R4_to_R2,all_features,rf,0.8083700440528634,0.814255723120555,0.8084345974485851,0.8097991283932819
loro_R3_R4_to_R2,all_features,xgboost,0.7786343612334802,0.7844321532025695,0.778674996387855,0.7752091537055984
loro_R3_R4_to_R2,all_features,lightgbm,0.7951541850220264,0.7985736299094626,0.795228173939223,0.7923449332233496
loro_R3_R4_to_R2,all_features,extra_trees,0.7769823788546255,0.7834438319386539,0.7770280417128218,0.776909835366751
loro_R3_R4_to_R2,all_features,stacking,0.7990088105726872,0.8004978080955023,0.7990925832914784,0.7956733166605012
loro_R3_R4_to_R2,selected_features,rf,0.8083700440528634,0.8112339455271751,0.8084135396332062,0.808439856947941
loro_R3_R4_to_R2,selected_features,xgboost,0.7808370044052864,0.7851914900022191,0.7808849161200495,0.7776117222128324
loro_R3_R4_to_R2,selected_features,lightgbm,0.8001101321585903,0.8007835956358628,0.8001990276293132,0.796357169721555
loro_R3_R4_to_R2,selected_features,extra_trees,0.7626651982378855,0.7679976406261121,0.7626938658583801,0.761742155767663
loro_R3_R4_to_R2,selected_features,stacking,0.802863436123348,0.8039128892702193,0.8029342376935311,0.798740394329626
position_R2_R3_R4_to_R5,all_features,rf,0.711453744493392,0.7064556600220291,0.7119468617496043,0.7012224296594887
position_R2_R3_R4_to_R5,all_features,xgboost,0.6855726872246696,0.6475509489947956,0.6861976528250102,0.6603072409777727
position_R2_R3_R4_to_R5,all_features,lightgbm,0.6822687224669604,0.6532852949792357,0.6828465579541311,0.6594293995680399
position_R2_R3_R4_to_R5,all_features,extra_trees,0.6547356828193832,0.6412327430383273,0.6553317325223781,0.6422760760425074
position_R2_R3_R4_to_R5,all_features,stacking,0.6877753303964758,0.6696103896103895,0.6883184500447113,0.6699683223453546
position_R2_R3_R4_to_R5,selected_features,rf,0.6662995594713657,0.6594411458009447,0.666849110745136,0.6540706309859254
position_R2_R3_R4_to_R5,selected_features,xgboost,0.6685022026431718,0.630821612458574,0.6691539908000281,0.6432364714395001
position_R2_R3_R4_to_R5,selected_features,lightgbm,0.6657488986784141,0.6378293997187311,0.6663522630583996,0.6410335943648059
position_R2_R3_R4_to_R5,selected_features,extra_trees,0.6189427312775331,0.6095900717972433,0.6195959067776767,0.6087937945787203
position_R2_R3_R4_to_R5,selected_features,stacking,0.6596916299559471,0.6354032488077714,0.6603143869288093,0.6379308645898858
jitter_R2_R3_R4_to_R6,all_features,rf,0.7454728370221329,0.7646439045817709,0.7454067490400629,0.7488747806643499
jitter_R2_R3_R4_to_R6,all_features,xgboost,0.7756539235412475,0.7869961759883468,0.7759973896965254,0.7783647964241942
jitter_R2_R3_R4_to_R6,all_features,lightgbm,0.761569416498994,0.7957449888697264,0.762189641800437,0.7645904906531967
jitter_R2_R3_R4_to_R6,all_features,extra_trees,0.7037223340040242,0.7249130918175268,0.7033765032093277,0.705445249510111
jitter_R2_R3_R4_to_R6,all_features,stacking,0.7681086519114688,0.7871490772493983,0.7685079475540884,0.772201585571799
jitter_R2_R3_R4_to_R6,selected_features,rf,0.7188128772635815,0.7399238970360603,0.7187004188155592,0.7235211120580545
jitter_R2_R3_R4_to_R6,selected_features,xgboost,0.7605633802816901,0.7781704922678326,0.7609359132396115,0.7642082628599783
jitter_R2_R3_R4_to_R6,selected_features,lightgbm,0.7404426559356136,0.776155669851036,0.7408337246456448,0.7442637587406203
jitter_R2_R3_R4_to_R6,selected_features,extra_trees,0.7007042253521126,0.7206416607251998,0.7003442559435349,0.7039484941565295
jitter_R2_R3_R4_to_R6,selected_features,stacking,0.7540241448692153,0.7761355667511969,0.7542907102239573,0.7582865482768962
jitter_R2_R3_R4_to_R7,all_features,rf,0.8208730556949323,0.8262179328651195,0.8198198646653854,0.8219721259799911
jitter_R2_R3_R4_to_R7,all_features,xgboost,0.814350225790266,0.8227743370366788,0.8134815047960793,0.8154367714214587
jitter_R2_R3_R4_to_R7,all_features,lightgbm,0.8133467134972403,0.829217245184739,0.8126370237686906,0.8128590947326917
jitter_R2_R3_R4_to_R7,all_features,extra_trees,0.7972905168088309,0.8006180448518077,0.7959496218398263,0.7967956471485002
jitter_R2_R3_R4_to_R7,all_features,stacking,0.8178625188158555,0.8264497701997134,0.8170526605491304,0.8184813189414575
jitter_R2_R3_R4_to_R7,selected_features,rf,0.8033115905669844,0.8091481086374571,0.8021605285960727,0.8048229768064875
jitter_R2_R3_R4_to_R7,selected_features,xgboost,0.8113396889111891,0.8218608340177569,0.8105328806723839,0.8118439743427526
jitter_R2_R3_R4_to_R7,selected_features,lightgbm,0.8098344204716508,0.824492328829816,0.8090065107183158,0.8108054370367362
jitter_R2_R3_R4_to_R7,selected_features,extra_trees,0.8003010536879077,0.8029611209178953,0.7989773678456203,0.7998125773129142
jitter_R2_R3_R4_to_R7,selected_features,stacking,0.8133467134972403,0.8227234486643871,0.8124972593933751,0.8142980150167354
jitter_R2_R3_R4_to_R6_R7,all_features,rf,0.7832202964079377,0.7950123514088613,0.7825790949566782,0.7857564694967087
jitter_R2_R3_R4_to_R6_R7,all_features,xgboost,0.7950263752825923,0.8047617556564134,0.7947632592203357,0.797025777793998
jitter_R2_R3_R4_to_R6_R7,all_features,lightgbm,0.787490580256217,0.812379876729743,0.7874351283260149,0.7890191362647092
jitter_R2_R3_R4_to_R6_R7,all_features,extra_trees,0.7505651846269782,0.7622779956914364,0.7496029820390061,0.7515681301677548
jitter_R2_R3_R4_to_R6_R7,all_features,stacking,0.7930168299422256,0.806507052381668,0.7928005624592744,0.7954910175865477
jitter_R2_R3_R4_to_R6_R7,selected_features,rf,0.7611152976639035,0.7735924094955501,0.7603966058607012,0.7643367870864328
jitter_R2_R3_R4_to_R6_R7,selected_features,xgboost,0.785983421250942,0.8000394547734597,0.7857414136057762,0.7880473015767231
jitter_R2_R3_R4_to_R6_R7,selected_features,lightgbm,0.7751821150464707,0.8003307763920645,0.7749175155789535,0.7778743547987902
jitter_R2_R3_R4_to_R6_R7,selected_features,extra_trees,0.7505651846269782,0.7608982447286265,0.7496152508227036,0.7521065424608167
jitter_R2_R3_R4_to_R6_R7,selected_features,stacking,0.7837226827430294,0.7993432574174614,0.7834063547927982,0.786495379511012
