unit,arm,seed,model,macro_f1,f1_Camera,f1_Light_T1,f1_Light_XM,f1_Sensor,f1_Socket,dev30_acc,n_blocks,n_overridden
pos_R5,flat_full94,42,rf,0.7012224296594887,0.8849557522123894,0.2913907284768212,0.681044267877412,0.648721399730821,1.0,0.8166666666666667,60,0
pos_R5,flat_drop_rssi,42,rf,0.6756305912756534,0.5212765957446809,0.4653179190751445,0.7324675324675325,0.6590909090909091,1.0,0.8666666666666667,60,0
pos_R5,override_gate3,42,rf,0.735154847794702,0.8849557522123894,0.3747870528109029,0.7093821510297483,0.7066492829204694,1.0,0.85,60,841
pos_R5,override_anyfam_loose,42,rf,0.734729463661429,0.8875912408759125,0.3758620689655172,0.7161066048667439,0.6940874035989717,1.0,0.8833333333333333,60,1282
pos_R5,ovo_full94,42,rf,0.6649311167983222,0.8108108108108109,0.22182468694096602,0.6752688172043011,0.616751269035533,1.0,0.8,60,0
pos_R5,flat_full94,42,xgboost,0.6603072409777727,0.9226441631504922,0.09540636042402827,0.7036199095022625,0.5798657718120805,1.0,0.7833333333333333,60,0
pos_R5,flat_drop_rssi,42,xgboost,0.7288858292769937,0.6167247386759582,0.5374823196605375,0.7817938420348058,0.7084282460136674,1.0,0.9333333333333333,60,0
pos_R5,override_gate3,42,xgboost,0.7162756401208836,0.9226441631504922,0.2364341085271318,0.7108571428571429,0.7114427860696517,1.0,0.8166666666666667,60,684
pos_R5,override_anyfam_loose,42,xgboost,0.6967705585377117,0.878698224852071,0.2222222222222222,0.6681034482758621,0.714828897338403,1.0,0.8166666666666667,60,1256
pos_R5,ovo_full94,42,xgboost,0.6497255823610173,0.8931750741839762,0.10896309314586995,0.6638566912539515,0.5826330532212886,1.0,0.7833333333333333,60,0
pos_R5,flat_full94,42,lightgbm,0.6583908067353137,0.8625730994152047,0.14965986394557823,0.7060158910329172,0.5737051792828686,1.0,0.7833333333333333,60,0
pos_R5,flat_drop_rssi,42,lightgbm,0.7334187064794107,0.624561403508772,0.5521126760563381,0.7860026917900403,0.7044167610419027,1.0,0.9333333333333333,60,0
pos_R5,override_gate3,42,lightgbm,0.712304284479619,0.8625730994152047,0.27533460803059273,0.7199100112485939,0.7037037037037037,1.0,0.8166666666666667,60,678
pos_R5,override_anyfam_loose,42,lightgbm,0.6923880853621197,0.8174962292609351,0.24854368932038834,0.6810810810810811,0.7148194271481942,1.0,0.7833333333333333,60,1255
pos_R5,ovo_full94,42,lightgbm,0.6389355031605237,0.8826979472140762,0.08290155440414508,0.6617021276595745,0.5673758865248227,1.0,0.7666666666666667,60,0
pos_R5,flat_full94,43,rf,0.696014444295626,0.8849557522123894,0.26981450252951095,0.6825396825396826,0.6427622841965471,1.0,0.8,60,0
pos_R5,flat_drop_rssi,43,rf,0.6800649685181419,0.5266903914590747,0.4710860366713681,0.7404479578392622,0.6621004566210046,1.0,0.9,60,0
pos_R5,override_gate3,43,rf,0.7307203218696181,0.8849557522123894,0.3623931623931624,0.7111622554660529,0.6950904392764858,1.0,0.8333333333333334,60,837
pos_R5,override_anyfam_loose,43,rf,0.7318900955162386,0.890190336749634,0.3642611683848797,0.7169373549883991,0.6880616174582799,1.0,0.8333333333333334,60,1287
pos_R5,ovo_full94,43,rf,0.6692110837289784,0.819620253164557,0.22580645161290322,0.677384780278671,0.6232439335887612,1.0,0.8,60,0
pos_R5,flat_full94,43,xgboost,0.6569126106209839,0.9165487977369166,0.08849557522123894,0.6980920314253648,0.5814266487213997,1.0,0.7833333333333333,60,0
pos_R5,flat_drop_rssi,43,xgboost,0.731767941506001,0.6153846153846154,0.540084388185654,0.7929634641407307,0.7104072398190046,1.0,0.9333333333333333,60,0
pos_R5,override_gate3,43,xgboost,0.7162089420342371,0.9165487977369166,0.23137254901960785,0.7128263337116912,0.7202970297029703,1.0,0.8166666666666667,60,690
pos_R5,override_anyfam_loose,43,xgboost,0.6985274437670592,0.8725637181409296,0.22745098039215686,0.6680942184154176,0.7245283018867924,1.0,0.8166666666666667,60,1244
pos_R5,ovo_full94,43,xgboost,0.6512758882033723,0.8925373134328358,0.10934744268077601,0.657563025210084,0.596931659693166,1.0,0.8,60,0
pos_R5,flat_full94,43,lightgbm,0.6583908067353137,0.8625730994152047,0.14965986394557823,0.7060158910329172,0.5737051792828686,1.0,0.7833333333333333,60,0
pos_R5,flat_drop_rssi,43,lightgbm,0.7334187064794107,0.624561403508772,0.5521126760563381,0.7860026917900403,0.7044167610419027,1.0,0.9333333333333333,60,0
pos_R5,override_gate3,43,lightgbm,0.712304284479619,0.8625730994152047,0.27533460803059273,0.7199100112485939,0.7037037037037037,1.0,0.8166666666666667,60,678
pos_R5,override_anyfam_loose,43,lightgbm,0.6923880853621197,0.8174962292609351,0.24854368932038834,0.6810810810810811,0.7148194271481942,1.0,0.7833333333333333,60,1255
pos_R5,ovo_full94,43,lightgbm,0.6389355031605237,0.8826979472140762,0.08290155440414508,0.6617021276595745,0.5673758865248227,1.0,0.7666666666666667,60,0
pos_R5,flat_full94,44,rf,0.6914411164347813,0.8545454545454545,0.28052805280528054,0.677309007981756,0.6448230668414154,1.0,0.8,60,0
pos_R5,flat_drop_rssi,44,rf,0.6790980733807815,0.518783542039356,0.48158640226628896,0.7398692810457517,0.6552511415525114,1.0,0.9,60,0
pos_R5,override_gate3,44,rf,0.7276438083699223,0.8545454545454545,0.3745819397993311,0.7151095732410612,0.6939820742637645,1.0,0.8666666666666667,60,850
pos_R5,override_anyfam_loose,44,rf,0.7335480584652072,0.8757396449704142,0.3822525597269625,0.7200929152148664,0.6896551724137931,1.0,0.8833333333333333,60,1293
pos_R5,ovo_full94,44,rf,0.6536392445751702,0.7742998352553542,0.21129326047358835,0.6695005313496281,0.6131025957972805,1.0,0.8,60,0
pos_R5,flat_full94,44,xgboost,0.6531123543780806,0.9209039548022598,0.07760141093474426,0.6944757609921083,0.5725806451612904,1.0,0.7833333333333333,60,0
pos_R5,flat_drop_rssi,44,xgboost,0.7342433967721986,0.6319444444444444,0.5369318181818182,0.7903225806451613,0.7120181405895691,1.0,0.9333333333333333,60,0
pos_R5,override_gate3,44,xgboost,0.7131238190353003,0.9209039548022598,0.22090729783037474,0.714448236632537,0.7093596059113301,1.0,0.8166666666666667,60,694
pos_R5,override_anyfam_loose,44,xgboost,0.6968521502105547,0.874251497005988,0.21739130434782608,0.6680896478121665,0.7245283018867924,1.0,0.8166666666666667,60,1251
pos_R5,ovo_full94,44,xgboost,0.6465191284332137,0.8875562218890555,0.1048951048951049,0.6568109820485745,0.5833333333333334,1.0,0.8,60,0
pos_R5,flat_full94,44,lightgbm,0.6583908067353137,0.8625730994152047,0.14965986394557823,0.7060158910329172,0.5737051792828686,1.0,0.7833333333333333,60,0
pos_R5,flat_drop_rssi,44,lightgbm,0.7334187064794107,0.624561403508772,0.5521126760563381,0.7860026917900403,0.7044167610419027,1.0,0.9333333333333333,60,0
pos_R5,override_gate3,44,lightgbm,0.712304284479619,0.8625730994152047,0.27533460803059273,0.7199100112485939,0.7037037037037037,1.0,0.8166666666666667,60,678
pos_R5,override_anyfam_loose,44,lightgbm,0.6923880853621197,0.8174962292609351,0.24854368932038834,0.6810810810810811,0.7148194271481942,1.0,0.7833333333333333,60,1255
pos_R5,ovo_full94,44,lightgbm,0.6389355031605237,0.8826979472140762,0.08290155440414508,0.6617021276595745,0.5673758865248227,1.0,0.7666666666666667,60,0
pos_R5,flat_full94,45,rf,0.6935335986677011,0.8597285067873304,0.28760330578512394,0.6842105263157895,0.6361256544502618,1.0,0.8,60,0
pos_R5,flat_drop_rssi,45,rf,0.6737062636053655,0.5195729537366548,0.45714285714285713,0.7350649350649351,0.6567505720823799,1.0,0.8833333333333333,60,0
pos_R5,override_gate3,45,rf,0.7253275896704034,0.8597285067873304,0.3694915254237288,0.7121387283236994,0.6852791878172588,1.0,0.8666666666666667,60,842
pos_R5,override_anyfam_loose,45,rf,0.7292020594821154,0.8686567164179104,0.3765112262521589,0.7207415990730012,0.6801007556675063,1.0,0.8833333333333333,60,1287
pos_R5,ovo_full94,45,rf,0.6653744105483236,0.7922077922077922,0.23214285714285715,0.6789189189189189,0.6236024844720497,1.0,0.8,60,0
pos_R5,flat_full94,45,xgboost,0.6590326824903515,0.9230769230769231,0.08185053380782918,0.7048054919908466,0.5854304635761589,1.0,0.7666666666666667,60,0
pos_R5,flat_drop_rssi,45,xgboost,0.7318408180885126,0.6215277777777778,0.5418439716312057,0.7854251012145749,0.7104072398190046,1.0,0.9333333333333333,60,0
pos_R5,override_gate3,45,xgboost,0.7155463951577279,0.9230769230769231,0.21868787276341947,0.7188940092165899,0.7170731707317073,1.0,0.8166666666666667,60,681
pos_R5,override_anyfam_loose,45,xgboost,0.6958046756664611,0.8777614138438881,0.20440881763527055,0.6645299145299145,0.7323232323232324,1.0,0.8166666666666667,60,1243
pos_R5,ovo_full94,45,xgboost,0.6472597952367267,0.8915304606240714,0.10211267605633803,0.660377358490566,0.5822784810126582,1.0,0.7833333333333333,60,0
pos_R5,flat_full94,45,lightgbm,0.6583908067353137,0.8625730994152047,0.14965986394557823,0.7060158910329172,0.5737051792828686,1.0,0.7833333333333333,60,0
pos_R5,flat_drop_rssi,45,lightgbm,0.7334187064794107,0.624561403508772,0.5521126760563381,0.7860026917900403,0.7044167610419027,1.0,0.9333333333333333,60,0
pos_R5,override_gate3,45,lightgbm,0.712304284479619,0.8625730994152047,0.27533460803059273,0.7199100112485939,0.7037037037037037,1.0,0.8166666666666667,60,678
pos_R5,override_anyfam_loose,45,lightgbm,0.6923880853621197,0.8174962292609351,0.24854368932038834,0.6810810810810811,0.7148194271481942,1.0,0.7833333333333333,60,1255
pos_R5,ovo_full94,45,lightgbm,0.6389355031605237,0.8826979472140762,0.08290155440414508,0.6617021276595745,0.5673758865248227,1.0,0.7666666666666667,60,0
pos_R5,flat_full94,46,rf,0.6977284530738025,0.8703427719821163,0.2871452420701169,0.6884875846501128,0.6426666666666667,1.0,0.8,60,0
pos_R5,flat_drop_rssi,46,rf,0.676989905037001,0.522202486678508,0.4648493543758967,0.7395833333333334,0.6583143507972665,1.0,0.8666666666666667,60,0
pos_R5,override_gate3,46,rf,0.7305747895775468,0.8703427719821163,0.37225042301184436,0.7124856815578465,0.6977950713359273,1.0,0.8666666666666667,60,857
pos_R5,override_anyfam_loose,46,rf,0.7284227489862672,0.8677563150074294,0.37392795883361923,0.7072330654420207,0.693196405648267,1.0,0.8666666666666667,60,1281
pos_R5,ovo_full94,46,rf,0.6594800153865675,0.7980613893376414,0.209009009009009,0.6788008565310493,0.6115288220551378,1.0,0.8,60,0
pos_R5,flat_full94,46,xgboost,0.660445173525362,0.9152542372881356,0.10782608695652174,0.6969353007945517,0.5822102425876011,1.0,0.7833333333333333,60,0
pos_R5,flat_drop_rssi,46,xgboost,0.7316424188202135,0.6167247386759582,0.5441595441595442,0.790257104194858,0.7070707070707071,1.0,0.9166666666666666,60,0
pos_R5,override_gate3,46,xgboost,0.718731877230987,0.9152542372881356,0.23904382470119523,0.711864406779661,0.7274969173859432,1.0,0.8166666666666667,60,698
pos_R5,override_anyfam_loose,46,xgboost,0.7004029676496064,0.874251497005988,0.2315369261477046,0.6666666666666666,0.7295597484276729,1.0,0.8166666666666667,60,1242
pos_R5,ovo_full94,46,xgboost,0.6502955048274028,0.8849028400597907,0.1164021164021164,0.658307210031348,0.5918653576437588,1.0,0.8,60,0
pos_R5,flat_full94,46,lightgbm,0.6583908067353137,0.8625730994152047,0.14965986394557823,0.7060158910329172,0.5737051792828686,1.0,0.7833333333333333,60,0
pos_R5,flat_drop_rssi,46,lightgbm,0.7334187064794107,0.624561403508772,0.5521126760563381,0.7860026917900403,0.7044167610419027,1.0,0.9333333333333333,60,0
pos_R5,override_gate3,46,lightgbm,0.712304284479619,0.8625730994152047,0.27533460803059273,0.7199100112485939,0.7037037037037037,1.0,0.8166666666666667,60,678
pos_R5,override_anyfam_loose,46,lightgbm,0.6923880853621197,0.8174962292609351,0.24854368932038834,0.6810810810810811,0.7148194271481942,1.0,0.7833333333333333,60,1255
pos_R5,ovo_full94,46,lightgbm,0.6389355031605237,0.8826979472140762,0.08290155440414508,0.6617021276595745,0.5673758865248227,1.0,0.7666666666666667,60,0
jit_R6,flat_full94,42,rf,0.7488747806643499,0.8159771754636234,0.617169373549884,0.6191780821917808,0.6920492721164614,1.0,0.9696969696969697,66,0
jit_R6,flat_drop_rssi,42,rf,0.6983582416835513,0.5759162303664922,0.5898520084566596,0.5962059620596206,0.7298170075349839,1.0,0.9090909090909091,66,0
jit_R6,override_gate3,42,rf,0.7581642140003371,0.8159771754636234,0.6298472385428907,0.6217331499312242,0.7232635060639471,1.0,0.9848484848484849,66,1029
jit_R6,override_anyfam_loose,42,rf,0.6952240318560348,0.5789473684210527,0.6234067207415991,0.5339470655926352,0.7398190045248869,1.0,0.8787878787878788,66,1391
jit_R6,ovo_full94,42,rf,0.6531723944157453,0.4189723320158103,0.6006389776357828,0.5759803921568627,0.6702702702702703,1.0,0.8181818181818182,66,0
jit_R6,flat_full94,42,xgboost,0.7783647964241942,0.9024707412223667,0.6222791293213829,0.6547085201793722,0.7123655913978495,1.0,1.0,66,0
jit_R6,flat_drop_rssi,42,xgboost,0.7392245027348717,0.657762938230384,0.6230936819172114,0.6350461133069829,0.7802197802197802,1.0,1.0,66,0
jit_R6,override_gate3,42,xgboost,0.7924595177575355,0.9024707412223667,0.6762589928057554,0.634207240948814,0.7493606138107417,1.0,0.9848484848484849,66,905
jit_R6,override_anyfam_loose,42,xgboost,0.7634329923061778,0.8011363636363636,0.6770708283313326,0.5876887340301974,0.751269035532995,1.0,0.9848484848484849,66,1513
jit_R6,ovo_full94,42,xgboost,0.7810174585005948,0.8922305764411027,0.6402877697841727,0.6544117647058824,0.7181571815718157,1.0,1.0,66,0
jit_R6,flat_full94,42,lightgbm,0.7640759809256255,0.9057104913678619,0.5947441217150761,0.640625,0.6793002915451894,1.0,0.9696969696969697,66,0
jit_R6,flat_drop_rssi,42,lightgbm,0.7434294873428366,0.6710526315789473,0.621380846325167,0.6421052631578947,0.782608695652174,1.0,1.0,66,0
jit_R6,override_gate3,42,lightgbm,0.7859034266158459,0.9057104913678619,0.677382319173364,0.6329411764705882,0.7134831460674157,1.0,1.0,66,894
jit_R6,override_anyfam_loose,42,lightgbm,0.7009883594414159,0.5714285714285714,0.677382319173364,0.5220883534136547,0.7340425531914894,1.0,0.8333333333333334,66,1543
jit_R6,ovo_full94,42,lightgbm,0.7893779797949184,0.9270166453265045,0.6225165562913907,0.6703296703296703,0.727027027027027,1.0,1.0,66,0
jit_R6,flat_full94,43,rf,0.7536787218386124,0.8394366197183099,0.6062717770034843,0.6149584487534626,0.7077267637178052,1.0,0.9545454545454546,66,0
jit_R6,flat_drop_rssi,43,rf,0.6969952128547735,0.5892547660311959,0.5862433862433862,0.5888738127544098,0.7206040992448759,1.0,0.9242424242424242,66,0
jit_R6,override_gate3,43,rf,0.7651679271026361,0.8394366197183099,0.6319444444444444,0.6251768033946252,0.7292817679558011,1.0,0.9848484848484849,66,1043
jit_R6,override_anyfam_loose,43,rf,0.6995645813339901,0.6020761245674741,0.6271379703534777,0.5280373831775701,0.7405714285714285,1.0,0.8939393939393939,66,1379
jit_R6,ovo_full94,43,rf,0.668798823778895,0.4674329501915709,0.6210640608034745,0.5795314426633785,0.6759656652360515,1.0,0.8484848484848485,66,0
jit_R6,flat_full94,43,xgboost,0.7769578127010457,0.9064935064935065,0.6169665809768637,0.6557734204793029,0.7055555555555556,1.0,1.0,66,0
jit_R6,flat_drop_rssi,43,xgboost,0.7368013456573799,0.6510851419031719,0.6172043010752688,0.6381842456608812,0.7775330396475771,1.0,0.9848484848484849,66,0
jit_R6,override_gate3,43,xgboost,0.7876240308018703,0.9064935064935065,0.6658767772511849,0.6317073170731707,0.7340425531914894,1.0,1.0,66,913
jit_R6,override_anyfam_loose,43,xgboost,0.7620348394280356,0.8185654008438819,0.6666666666666666,0.5879629629629629,0.7369791666666666,1.0,1.0,66,1519
jit_R6,ovo_full94,43,xgboost,0.7779715783306351,0.8897243107769424,0.636471990464839,0.6552147239263804,0.7084468664850136,1.0,1.0,66,0
jit_R6,flat_full94,43,lightgbm,0.7640759809256255,0.9057104913678619,0.5947441217150761,0.640625,0.6793002915451894,1.0,0.9696969696969697,66,0
jit_R6,flat_drop_rssi,43,lightgbm,0.7434294873428366,0.6710526315789473,0.621380846325167,0.6421052631578947,0.782608695652174,1.0,1.0,66,0
jit_R6,override_gate3,43,lightgbm,0.7859034266158459,0.9057104913678619,0.677382319173364,0.6329411764705882,0.7134831460674157,1.0,1.0,66,894
jit_R6,override_anyfam_loose,43,lightgbm,0.7009883594414159,0.5714285714285714,0.677382319173364,0.5220883534136547,0.7340425531914894,1.0,0.8333333333333334,66,1543
jit_R6,ovo_full94,43,lightgbm,0.7893779797949184,0.9270166453265045,0.6225165562913907,0.6703296703296703,0.727027027027027,1.0,1.0,66,0
jit_R6,flat_full94,44,rf,0.7388432947600209,0.8,0.6,0.6106442577030813,0.6835722160970231,1.0,0.9545454545454546,66,0
jit_R6,flat_drop_rssi,44,rf,0.6995793706584985,0.5759162303664922,0.5910064239828694,0.5978552278820375,0.7331189710610932,1.0,0.9090909090909091,66,0
jit_R6,override_gate3,44,rf,0.7561799694558315,0.8,0.6317016317016317,0.6293706293706294,0.7198275862068966,1.0,0.9848484848484849,66,1028
jit_R6,override_anyfam_loose,44,rf,0.7002463973006992,0.59375,0.6303592120509849,0.5412311265969802,0.7358916478555305,1.0,0.8939393939393939,66,1378
jit_R6,ovo_full94,44,rf,0.6767024495499756,0.5046728971962616,0.6188436830835118,0.5940337224383917,0.6659619450317125,1.0,0.8333333333333334,66,0
jit_R6,flat_full94,44,xgboost,0.7774190074750142,0.8952879581151832,0.6278481012658228,0.6487093153759821,0.7152496626180836,1.0,1.0,66,0
jit_R6,flat_drop_rssi,44,xgboost,0.7403680416247527,0.6655683690280065,0.6221248630887185,0.6372155287817939,0.7769314472252449,1.0,0.9848484848484849,66,0
jit_R6,override_gate3,44,xgboost,0.7868309610979843,0.8952879581151832,0.6682634730538922,0.6270136307311028,0.7435897435897436,1.0,0.9848484848484849,66,911
jit_R6,override_anyfam_loose,44,xgboost,0.7596548132688872,0.7925608011444921,0.6698679471788715,0.5836216839677048,0.7522236340533672,1.0,0.9848484848484849,66,1528
jit_R6,ovo_full94,44,xgboost,0.7800405087909336,0.8905660377358491,0.6326034063260341,0.6610169491525424,0.7160161507402423,1.0,1.0,66,0
jit_R6,flat_full94,44,lightgbm,0.7640759809256255,0.9057104913678619,0.5947441217150761,0.640625,0.6793002915451894,1.0,0.9696969696969697,66,0
jit_R6,flat_drop_rssi,44,lightgbm,0.7434294873428366,0.6710526315789473,0.621380846325167,0.6421052631578947,0.782608695652174,1.0,1.0,66,0
jit_R6,override_gate3,44,lightgbm,0.7859034266158459,0.9057104913678619,0.677382319173364,0.6329411764705882,0.7134831460674157,1.0,1.0,66,894
jit_R6,override_anyfam_loose,44,lightgbm,0.7009883594414159,0.5714285714285714,0.677382319173364,0.5220883534136547,0.7340425531914894,1.0,0.8333333333333334,66,1543
jit_R6,ovo_full94,44,lightgbm,0.7893779797949184,0.9270166453265045,0.6225165562913907,0.6703296703296703,0.727027027027027,1.0,1.0,66,0
jit_R6,flat_full94,45,rf,0.7442315034210465,0.7994186046511628,0.611764705882353,0.6224066390041494,0.6875675675675675,1.0,0.9545454545454546,66,0
jit_R6,flat_drop_rssi,45,rf,0.7014115771919103,0.5862068965517241,0.5937834941050375,0.5962566844919787,0.7308108108108108,1.0,0.9242424242424242,66,0
jit_R6,override_gate3,45,rf,0.7540445930688809,0.7994186046511628,0.6258823529411764,0.6258692628650904,0.7190527448869752,1.0,0.9848484848484849,66,1028
jit_R6,override_anyfam_loose,45,rf,0.7266226104853492,0.7068145800316957,0.6231038506417736,0.5757196495619524,0.7274749721913237,1.0,0.9848484848484849,66,1377
jit_R6,ovo_full94,45,rf,0.6882052044954073,0.5637342908438061,0.6186895810955961,0.5833333333333334,0.6752688172043011,1.0,0.8939393939393939,66,0
jit_R6,flat_full94,45,xgboost,0.7812458699608165,0.9033942558746736,0.6306306306306306,0.6502793296089385,0.7219251336898396,1.0,1.0,66,0
jit_R6,flat_drop_rssi,45,xgboost,0.7409352777000138,0.6644628099173554,0.625,0.6392572944297082,0.7759562841530054,1.0,1.0,66,0
jit_R6,override_gate3,45,xgboost,0.7916440782109664,0.9033942558746736,0.6738868832731648,0.6401985111662531,0.7407407407407407,1.0,1.0,66,902
jit_R6,override_anyfam_loose,45,xgboost,0.774466613239976,0.8473177441540578,0.6738868832731648,0.6097271648873073,0.7414012738853503,1.0,1.0,66,1527
jit_R6,ovo_full94,45,xgboost,0.7806710501706751,0.8936170212765957,0.6313193588162762,0.665868263473054,0.7125506072874493,1.0,1.0,66,0
jit_R6,flat_full94,45,lightgbm,0.7640759809256255,0.9057104913678619,0.5947441217150761,0.640625,0.6793002915451894,1.0,0.9696969696969697,66,0
jit_R6,flat_drop_rssi,45,lightgbm,0.7434294873428366,0.6710526315789473,0.621380846325167,0.6421052631578947,0.782608695652174,1.0,1.0,66,0
jit_R6,override_gate3,45,lightgbm,0.7859034266158459,0.9057104913678619,0.677382319173364,0.6329411764705882,0.7134831460674157,1.0,1.0,66,894
jit_R6,override_anyfam_loose,45,lightgbm,0.7009883594414159,0.5714285714285714,0.677382319173364,0.5220883534136547,0.7340425531914894,1.0,0.8333333333333334,66,1543
jit_R6,ovo_full94,45,lightgbm,0.7893779797949184,0.9270166453265045,0.6225165562913907,0.6703296703296703,0.727027027027027,1.0,1.0,66,0
jit_R6,flat_full94,46,rf,0.7482805249725685,0.8108882521489972,0.6093023255813953,0.6243093922651933,0.6969026548672567,1.0,0.9545454545454546,66,0
jit_R6,flat_drop_rssi,46,rf,0.6922424596146672,0.5714285714285714,0.577209797657082,0.5898123324396782,0.7227615965480043,1.0,0.9242424242424242,66,0
jit_R6,override_gate3,46,rf,0.757935049617474,0.8108882521489972,0.6255813953488372,0.6271186440677966,0.7260869565217392,1.0,0.9848484848484849,66,1038
jit_R6,override_anyfam_loose,46,rf,0.6891709692608898,0.5618374558303887,0.6222732491389208,0.5266821345707656,0.7350620067643743,1.0,0.8787878787878788,66,1378
jit_R6,ovo_full94,46,rf,0.6762632095070564,0.5239852398523985,0.6135371179039302,0.5721518987341773,0.6716417910447762,1.0,0.8484848484848485,66,0
jit_R6,flat_full94,46,xgboost,0.7793861555088145,0.9031413612565445,0.6177215189873417,0.6546681664791901,0.721399730820996,1.0,1.0,66,0
jit_R6,flat_drop_rssi,46,xgboost,0.7427752990465581,0.6655683690280065,0.6299559471365639,0.6410596026490066,0.777292576419214,1.0,1.0,66,0
jit_R6,override_gate3,46,xgboost,0.7874060316379533,0.9031413612565445,0.6587112171837709,0.6242197253433208,0.7509578544061303,1.0,0.9848484848484849,66,915
jit_R6,override_anyfam_loose,46,xgboost,0.7639621320671013,0.8251748251748252,0.6618705035971223,0.5865724381625441,0.7461928934010152,1.0,0.9848484848484849,66,1507
jit_R6,ovo_full94,46,xgboost,0.7803088299243335,0.8860759493670886,0.6417370325693607,0.660217654171705,0.7135135135135136,1.0,1.0,66,0
jit_R6,flat_full94,46,lightgbm,0.7640759809256255,0.9057104913678619,0.5947441217150761,0.640625,0.6793002915451894,1.0,0.9696969696969697,66,0
jit_R6,flat_drop_rssi,46,lightgbm,0.7434294873428366,0.6710526315789473,0.621380846325167,0.6421052631578947,0.782608695652174,1.0,1.0,66,0
jit_R6,override_gate3,46,lightgbm,0.7859034266158459,0.9057104913678619,0.677382319173364,0.6329411764705882,0.7134831460674157,1.0,1.0,66,894
jit_R6,override_anyfam_loose,46,lightgbm,0.7009883594414159,0.5714285714285714,0.677382319173364,0.5220883534136547,0.7340425531914894,1.0,0.8333333333333334,66,1543
jit_R6,ovo_full94,46,lightgbm,0.7893779797949184,0.9270166453265045,0.6225165562913907,0.6703296703296703,0.727027027027027,1.0,1.0,66,0
jit_R7,flat_full94,42,rf,0.8219721259799911,0.94750656167979,0.6873508353221957,0.7157894736842105,0.7592137592137592,1.0,1.0,66,0
jit_R7,flat_drop_rssi,42,rf,0.7951001444609315,0.8125854993160054,0.6797546012269938,0.7331606217616581,0.75,1.0,1.0,66,0
jit_R7,override_gate3,42,rf,0.8371816749756666,0.94750656167979,0.7162329615861215,0.7542262678803641,0.7679425837320574,1.0,1.0,66,1040
jit_R7,override_anyfam_loose,42,rf,0.784837935980884,0.7890743550834598,0.7054545454545454,0.6735632183908046,0.7560975609756098,1.0,1.0,66,1446
jit_R7,ovo_full94,42,rf,0.7645767317675954,0.7581903276131046,0.6557734204793029,0.7003891050583657,0.7085308056872038,1.0,1.0,66,0
jit_R7,flat_full94,42,xgboost,0.8154367714214587,0.9609375,0.6994011976047905,0.7005917159763314,0.7162534435261708,1.0,1.0,66,0
jit_R7,flat_drop_rssi,42,xgboost,0.8360572426086055,0.8766756032171582,0.7243510506798516,0.7755644090305445,0.8036951501154734,1.0,1.0,66,0
jit_R7,override_gate3,42,xgboost,0.8486102663896183,0.9609375,0.7580025608194623,0.7544910179640718,0.769620253164557,1.0,1.0,66,990
jit_R7,override_anyfam_loose,42,xgboost,0.844402836312079,0.9365079365079365,0.751269035532995,0.752714113389626,0.7815230961298377,1.0,1.0,66,1490
jit_R7,ovo_full94,42,xgboost,0.8227157006049464,0.954367666232073,0.704,0.7160804020100503,0.7391304347826086,1.0,1.0,66,0
jit_R7,flat_full94,42,lightgbm,0.8088477748505276,0.9703989703989704,0.7016645326504481,0.6986155484558041,0.6735598227474151,1.0,1.0,66,0
jit_R7,flat_drop_rssi,42,lightgbm,0.8358327659297284,0.870026525198939,0.7326732673267327,0.776,0.8004640371229699,1.0,1.0,66,0
jit_R7,override_gate3,42,lightgbm,0.8345841555124809,0.9703989703989704,0.7440100882723834,0.7309875141884222,0.7275242047026279,1.0,1.0,66,949
jit_R7,override_anyfam_loose,42,lightgbm,0.8349552607349253,0.9245283018867925,0.7365792759051186,0.7335640138408305,0.7801047120418848,1.0,1.0,66,1490
jit_R7,ovo_full94,42,lightgbm,0.8247399834302598,0.9640102827763496,0.6884848484848485,0.7218934911242604,0.7493112947658402,1.0,1.0,66,0
jit_R7,flat_full94,43,rf,0.8236975201013944,0.940554821664465,0.687793427230047,0.7165775401069518,0.773561811505508,1.0,1.0,66,0
jit_R7,flat_drop_rssi,43,rf,0.79001019929637,0.8032786885245902,0.6813186813186813,0.7227979274611399,0.7426556991774383,1.0,1.0,66,0
jit_R7,override_gate3,43,rf,0.8379073078656329,0.940554821664465,0.7144622991347342,0.7636363636363637,0.7708830548926014,1.0,1.0,66,1056
jit_R7,override_anyfam_loose,43,rf,0.7675368339266955,0.7220447284345048,0.69377990430622,0.6651685393258427,0.7566909975669099,1.0,0.9848484848484849,66,1445
jit_R7,ovo_full94,43,rf,0.7765124888275305,0.8012048192771084,0.66,0.7129750982961992,0.7083825265643447,1.0,1.0,66,0
jit_R7,flat_full94,43,xgboost,0.8133923108988175,0.9596879063719116,0.7004830917874396,0.7083333333333334,0.6984572230014026,1.0,1.0,66,0
jit_R7,flat_drop_rssi,43,xgboost,0.8361471451792145,0.8674698795180723,0.7270501835985312,0.7829560585885486,0.8032596041909197,1.0,1.0,66,0
jit_R7,override_gate3,43,xgboost,0.8441061842249479,0.9596879063719116,0.7512820512820513,0.7470449172576832,0.7625160462130937,1.0,1.0,66,996
jit_R7,override_anyfam_loose,43,xgboost,0.841992529247535,0.9350993377483444,0.7455470737913485,0.7479091995221028,0.7814070351758794,1.0,1.0,66,1497
jit_R7,ovo_full94,43,xgboost,0.8272199421926626,0.954367666232073,0.7066974595842956,0.7290886392009988,0.745945945945946,1.0,1.0,66,0
jit_R7,flat_full94,43,lightgbm,0.8088477748505276,0.9703989703989704,0.7016645326504481,0.6986155484558041,0.6735598227474151,1.0,1.0,66,0
jit_R7,flat_drop_rssi,43,lightgbm,0.8358327659297284,0.870026525198939,0.7326732673267327,0.776,0.8004640371229699,1.0,1.0,66,0
jit_R7,override_gate3,43,lightgbm,0.8345841555124809,0.9703989703989704,0.7440100882723834,0.7309875141884222,0.7275242047026279,1.0,1.0,66,949
jit_R7,override_anyfam_loose,43,lightgbm,0.8349552607349253,0.9245283018867925,0.7365792759051186,0.7335640138408305,0.7801047120418848,1.0,1.0,66,1490
jit_R7,ovo_full94,43,lightgbm,0.8247399834302598,0.9640102827763496,0.6884848484848485,0.7218934911242604,0.7493112947658402,1.0,1.0,66,0
jit_R7,flat_full94,44,rf,0.8232986071974431,0.9361702127659575,0.6949352179034158,0.7211796246648794,0.7642079806529625,1.0,1.0,66,0
jit_R7,flat_drop_rssi,44,rf,0.7964897807357314,0.810368349249659,0.6905940594059405,0.7364341085271318,0.7450523864959255,1.0,1.0,66,0
jit_R7,override_gate3,44,rf,0.833590006193916,0.9361702127659575,0.7086419753086419,0.7568270481144344,0.7663107947805456,1.0,1.0,66,1047
jit_R7,override_anyfam_loose,44,rf,0.7876629335536147,0.7963800904977375,0.6998784933171325,0.6845168800931315,0.7575392038600723,1.0,1.0,66,1434
jit_R7,ovo_full94,44,rf,0.7784821491740406,0.8101644245142003,0.6636971046770601,0.7071240105540897,0.7114252061248527,1.0,1.0,66,0
jit_R7,flat_full94,44,xgboost,0.8169168155399948,0.9595827900912647,0.7023809523809523,0.7061611374407583,0.7164591977869986,1.0,1.0,66,0
jit_R7,flat_drop_rssi,44,xgboost,0.8316268138828772,0.8671140939597315,0.7172582619339045,0.7737617135207496,0.8,1.0,1.0,66,0
jit_R7,override_gate3,44,xgboost,0.8501841526158318,0.9595827900912647,0.7593307593307593,0.7526881720430108,0.7793190416141236,1.0,1.0,66,997
jit_R7,override_anyfam_loose,44,xgboost,0.8458859346359556,0.9350993377483444,0.7535121328224776,0.752714113389626,0.7881040892193308,1.0,1.0,66,1499
jit_R7,ovo_full94,44,xgboost,0.8305351181410465,0.9570871261378413,0.7161066048667439,0.7261306532663316,0.7533512064343163,1.0,1.0,66,0
jit_R7,flat_full94,44,lightgbm,0.8088477748505276,0.9703989703989704,0.7016645326504481,0.6986155484558041,0.6735598227474151,1.0,1.0,66,0
jit_R7,flat_drop_rssi,44,lightgbm,0.8358327659297284,0.870026525198939,0.7326732673267327,0.776,0.8004640371229699,1.0,1.0,66,0
jit_R7,override_gate3,44,lightgbm,0.8345841555124809,0.9703989703989704,0.7440100882723834,0.7309875141884222,0.7275242047026279,1.0,1.0,66,949
jit_R7,override_anyfam_loose,44,lightgbm,0.8349552607349253,0.9245283018867925,0.7365792759051186,0.7335640138408305,0.7801047120418848,1.0,1.0,66,1490
jit_R7,ovo_full94,44,lightgbm,0.8247399834302598,0.9640102827763496,0.6884848484848485,0.7218934911242604,0.7493112947658402,1.0,1.0,66,0
jit_R7,flat_full94,45,rf,0.8258894059214619,0.9389920424403183,0.6972255729794934,0.7195767195767195,0.7736526946107785,1.0,1.0,66,0
jit_R7,flat_drop_rssi,45,rf,0.7934060804005566,0.8064952638700947,0.6724137931034483,0.7395833333333334,0.7485380116959064,1.0,1.0,66,0
jit_R7,override_gate3,45,rf,0.8388143347730175,0.9389920424403183,0.71267252195734,0.765685019206146,0.7767220902612827,1.0,1.0,66,1045
jit_R7,override_anyfam_loose,45,rf,0.8226913951278542,0.8993103448275862,0.7019704433497537,0.7425742574257426,0.7696019300361882,1.0,1.0,66,1430
jit_R7,ovo_full94,45,rf,0.7863387727517311,0.8447024673439768,0.6651685393258427,0.709592641261498,0.7122302158273381,1.0,1.0,66,0
jit_R7,flat_full94,45,xgboost,0.8216756028209227,0.9622886866059818,0.713422007255139,0.7131050767414404,0.719562243502052,1.0,1.0,66,0
jit_R7,flat_drop_rssi,45,xgboost,0.835485324310865,0.8708388814913449,0.7283950617283951,0.7791164658634538,0.7990762124711316,1.0,1.0,66,0
jit_R7,override_gate3,45,xgboost,0.8491294377373066,0.9622886866059818,0.7589743589743589,0.7497005988023953,0.7746835443037975,1.0,1.0,66,997
jit_R7,override_anyfam_loose,45,xgboost,0.8449195201348028,0.9379128137384413,0.7522236340533672,0.75,0.7844611528822055,1.0,1.0,66,1509
jit_R7,ovo_full94,45,xgboost,0.8236484288784531,0.954367666232073,0.7062937062937062,0.7174447174447175,0.7401360544217687,1.0,1.0,66,0
jit_R7,flat_full94,45,lightgbm,0.8088477748505276,0.9703989703989704,0.7016645326504481,0.6986155484558041,0.6735598227474151,1.0,1.0,66,0
jit_R7,flat_drop_rssi,45,lightgbm,0.8358327659297284,0.870026525198939,0.7326732673267327,0.776,0.8004640371229699,1.0,1.0,66,0
jit_R7,override_gate3,45,lightgbm,0.8345841555124809,0.9703989703989704,0.7440100882723834,0.7309875141884222,0.7275242047026279,1.0,1.0,66,949
jit_R7,override_anyfam_loose,45,lightgbm,0.8349552607349253,0.9245283018867925,0.7365792759051186,0.7335640138408305,0.7801047120418848,1.0,1.0,66,1490
jit_R7,ovo_full94,45,lightgbm,0.8247399834302598,0.9640102827763496,0.6884848484848485,0.7218934911242604,0.7493112947658402,1.0,1.0,66,0
jit_R7,flat_full94,46,rf,0.8224775367311377,0.9379128137384413,0.6890756302521008,0.7174770039421814,0.7679222357229648,1.0,1.0,66,0
jit_R7,flat_drop_rssi,46,rf,0.794145153869892,0.8060522696011004,0.6902439024390243,0.7305699481865285,0.743859649122807,1.0,1.0,66,0
jit_R7,override_gate3,46,rf,0.8328208639822842,0.9379128137384413,0.7070457354758962,0.7506493506493507,0.7684964200477327,1.0,1.0,66,1065
jit_R7,override_anyfam_loose,46,rf,0.7747286603271221,0.75,0.6956521739130435,0.6620847651775487,0.765906362545018,1.0,1.0,66,1424
jit_R7,ovo_full94,46,rf,0.7891524416426473,0.8430232558139535,0.672686230248307,0.7155963302752294,0.7144563918757467,1.0,1.0,66,0
jit_R7,flat_full94,46,xgboost,0.8174573878405453,0.9609375,0.6982248520710059,0.7086801426872771,0.7194444444444444,1.0,1.0,66,0
jit_R7,flat_drop_rssi,46,xgboost,0.8355770788576666,0.875,0.7283950617283951,0.7786666666666666,0.7958236658932715,1.0,1.0,66,0
jit_R7,override_gate3,46,xgboost,0.851593140585179,0.9609375,0.7561290322580645,0.7586206896551724,0.7822784810126582,1.0,1.0,66,987
jit_R7,override_anyfam_loose,46,xgboost,0.8477739618858419,0.9421052631578948,0.7522464698331194,0.7565632458233891,0.7879548306148055,1.0,1.0,66,1484
jit_R7,ovo_full94,46,xgboost,0.8276020303881566,0.9530026109660574,0.71280276816609,0.7317676143386898,0.7404371584699454,1.0,1.0,66,0
jit_R7,flat_full94,46,lightgbm,0.8088477748505276,0.9703989703989704,0.7016645326504481,0.6986155484558041,0.6735598227474151,1.0,1.0,66,0
jit_R7,flat_drop_rssi,46,lightgbm,0.8358327659297284,0.870026525198939,0.7326732673267327,0.776,0.8004640371229699,1.0,1.0,66,0
jit_R7,override_gate3,46,lightgbm,0.8345841555124809,0.9703989703989704,0.7440100882723834,0.7309875141884222,0.7275242047026279,1.0,1.0,66,949
jit_R7,override_anyfam_loose,46,lightgbm,0.8349552607349253,0.9245283018867925,0.7365792759051186,0.7335640138408305,0.7801047120418848,1.0,1.0,66,1490
jit_R7,ovo_full94,46,lightgbm,0.8247399834302598,0.9640102827763496,0.6884848484848485,0.7218934911242604,0.7493112947658402,1.0,1.0,66,0
