task,seed,arm,oof_mode,cv_requested,folds_effective,b_folds_effective,aprime_aligned_with_b,n_train_rounds,b_split_basis,stacking_f1,best_base_model,best_base_f1,gain_absolute,base_f1_rf,base_f1_xgboost,base_f1_lightgbm,n_sources,target_env,grid_kind
g0_R5_to_R2,42,A,random,5,5,5,,1,time_block,0.606645115658326,lightgbm,0.6400569402874108,-0.03341182462908476,0.5728903086491407,0.5919777816463475,0.6400569402874108,1,R2,ood
g0_R5_to_R2,42,A_prime,random,5,5,5,True,1,time_block,0.606645115658326,lightgbm,0.6400569402874108,-0.03341182462908476,0.5728903086491407,0.5919777816463475,0.6400569402874108,1,R2,ood
g0_R5_to_R2,42,B,grouped,5,5,5,,1,time_block,0.6116641602645003,lightgbm,0.6400569402874108,-0.028392780022910458,0.5728903086491407,0.5919777816463475,0.6400569402874108,1,R2,ood
g0_R3_R4_to_R2,42,A,random,5,5,2,,2,round_group,0.7905353668369289,rf,0.8097991283932819,-0.01926376155635301,0.8097991283932819,0.7752091537055984,0.7934265218076193,2,R2,ood
g0_R3_R4_to_R2,42,A_prime,random,2,2,2,True,2,round_group,0.7919648044241505,rf,0.8097991283932819,-0.017834323969131427,0.8097991283932819,0.7752091537055984,0.7934265218076193,2,R2,ood
g0_R3_R4_to_R2,42,B,grouped,5,2,2,,2,round_group,0.6370202122940894,rf,0.8097991283932819,-0.1727789160991925,0.8097991283932819,0.7752091537055984,0.7934265218076193,2,R2,ood
g0_R3_R7_to_R2,42,A,random,5,5,2,,2,round_group,0.6189509624486883,rf,0.7148402909259551,-0.09588932847726683,0.7148402909259551,0.6275911824003098,0.6049142912555372,2,R2,ood
g0_R3_R7_to_R2,42,A_prime,random,2,2,2,True,2,round_group,0.6253761669408199,rf,0.7148402909259551,-0.08946412398513526,0.7148402909259551,0.6275911824003098,0.6049142912555372,2,R2,ood
g0_R3_R7_to_R2,42,B,grouped,5,2,2,,2,round_group,0.6804114235741042,rf,0.7148402909259551,-0.03442886735185091,0.7148402909259551,0.6275911824003098,0.6049142912555372,2,R2,ood
g0_R4_R7_to_R2,42,A,random,5,5,2,,2,round_group,0.7628029353656809,rf,0.8086728434678887,-0.04586990810220781,0.8086728434678887,0.7320151787313458,0.7506933029829205,2,R2,ood
g0_R4_R7_to_R2,42,A_prime,random,2,2,2,True,2,round_group,0.7647781068989623,rf,0.8086728434678887,-0.043894736568926396,0.8086728434678887,0.7320151787313458,0.7506933029829205,2,R2,ood
g0_R4_R7_to_R2,42,B,grouped,5,2,2,,2,round_group,0.5853692484933364,rf,0.8086728434678887,-0.22330359497455232,0.8086728434678887,0.7320151787313458,0.7506933029829205,2,R2,ood
g0_R6_R7_to_R2,42,A,random,5,5,2,,2,round_group,0.6326188553916359,rf,0.7820875826325645,-0.14946872724092863,0.7820875826325645,0.6190752769431634,0.6153869685376326,2,R2,ood
g0_R6_R7_to_R2,42,A_prime,random,2,2,2,True,2,round_group,0.6448861452001935,rf,0.7820875826325645,-0.137201437432371,0.7820875826325645,0.6190752769431634,0.6153869685376326,2,R2,ood
g0_R6_R7_to_R2,42,B,grouped,5,2,2,,2,round_group,0.6062043498294558,rf,0.7820875826325645,-0.1758832328031087,0.7820875826325645,0.6190752769431634,0.6153869685376326,2,R2,ood
g0_R3_R4_R7_to_R2,42,A,random,5,5,3,,3,round_group,0.816074971972402,rf,0.8502409166824106,-0.03416594471000867,0.8502409166824106,0.8070653617597978,0.791795173233063,3,R2,ood
g0_R3_R4_R7_to_R2,42,A_prime,random,3,3,3,True,3,round_group,0.8150782083564841,rf,0.8502409166824106,-0.035162708325926495,0.8502409166824106,0.8070653617597978,0.791795173233063,3,R2,ood
g0_R3_R4_R7_to_R2,42,B,grouped,5,3,3,,3,round_group,0.8323739147396736,rf,0.8502409166824106,-0.01786700194273705,0.8502409166824106,0.8070653617597978,0.791795173233063,3,R2,ood
g0_R3_R6_R7_to_R2,42,A,random,5,5,3,,3,round_group,0.6678594010419456,rf,0.762434674985844,-0.09457527394389842,0.762434674985844,0.6643532847960683,0.5865751462739761,3,R2,ood
g0_R3_R6_R7_to_R2,42,A_prime,random,3,3,3,True,3,round_group,0.6668160953887798,rf,0.762434674985844,-0.09561857959706421,0.762434674985844,0.6643532847960683,0.5865751462739761,3,R2,ood
g0_R3_R6_R7_to_R2,42,B,grouped,5,3,3,,3,round_group,0.6436768197326087,rf,0.762434674985844,-0.11875785525323534,0.762434674985844,0.6643532847960683,0.5865751462739761,3,R2,ood
g0_R4_R6_R7_to_R2,42,A,random,5,5,3,,3,round_group,0.843157662733024,rf,0.8501706506152835,-0.007012987882259569,0.8501706506152835,0.838377283424595,0.8350877134952089,3,R2,ood
g0_R4_R6_R7_to_R2,42,A_prime,random,3,3,3,True,3,round_group,0.8424623474275108,rf,0.8501706506152835,-0.007708303187772714,0.8501706506152835,0.838377283424595,0.8350877134952089,3,R2,ood
g0_R4_R6_R7_to_R2,42,B,grouped,5,3,3,,3,round_group,0.8321915608072926,rf,0.8501706506152835,-0.0179790898079909,0.8501706506152835,0.838377283424595,0.8350877134952089,3,R2,ood
g0_R4_to_R3,42,A,random,5,5,5,,1,time_block,0.45850488449063126,rf,0.5446164842506234,-0.08611159975999211,0.5446164842506234,0.4356311810932153,0.4422526059827773,1,R3,ood
g0_R4_to_R3,42,A_prime,random,5,5,5,True,1,time_block,0.45850488449063126,rf,0.5446164842506234,-0.08611159975999211,0.5446164842506234,0.4356311810932153,0.4422526059827773,1,R3,ood
g0_R4_to_R3,42,B,grouped,5,5,5,,1,time_block,0.48440143535879426,rf,0.5446164842506234,-0.060215048891829104,0.5446164842506234,0.4356311810932153,0.4422526059827773,1,R3,ood
g0_R7_to_R3,42,A,random,5,5,5,,1,time_block,0.3829993718627962,rf,0.6655966061537787,-0.2825972342909825,0.6655966061537787,0.3356449806544883,0.34325394555475713,1,R3,ood
g0_R7_to_R3,42,A_prime,random,5,5,5,True,1,time_block,0.3829993718627962,rf,0.6655966061537787,-0.2825972342909825,0.6655966061537787,0.3356449806544883,0.34325394555475713,1,R3,ood
g0_R7_to_R3,42,B,grouped,5,5,5,,1,time_block,0.39981567341819746,rf,0.6655966061537787,-0.26578093273558123,0.6655966061537787,0.3356449806544883,0.34325394555475713,1,R3,ood
g0_R2_R6_to_R3,42,A,random,5,5,2,,2,round_group,0.5938693046573407,rf,0.6453461755964374,-0.0514768709390967,0.6453461755964374,0.5740933477218507,0.5811342427150084,2,R3,ood
g0_R2_R6_to_R3,42,A_prime,random,2,2,2,True,2,round_group,0.5935555295792178,rf,0.6453461755964374,-0.05179064601721961,0.6453461755964374,0.5740933477218507,0.5811342427150084,2,R3,ood
g0_R2_R6_to_R3,42,B,grouped,5,2,2,,2,round_group,0.6532202993714883,rf,0.6453461755964374,0.007874123775050923,0.6453461755964374,0.5740933477218507,0.5811342427150084,2,R3,ood
g0_R4_R6_to_R3,42,A,random,5,5,2,,2,round_group,0.5723448304763854,rf,0.6285415878179144,-0.05619675734152896,0.6285415878179144,0.5612324838366451,0.5772932432430451,2,R3,ood
g0_R4_R6_to_R3,42,A_prime,random,2,2,2,True,2,round_group,0.5726504534389417,rf,0.6285415878179144,-0.05589113437897264,0.6285415878179144,0.5612324838366451,0.5772932432430451,2,R3,ood
g0_R4_R6_to_R3,42,B,grouped,5,2,2,,2,round_group,0.5712619529166204,rf,0.6285415878179144,-0.05727963490129395,0.6285415878179144,0.5612324838366451,0.5772932432430451,2,R3,ood
g0_R5_R7_to_R3,42,A,random,5,5,2,,2,round_group,0.775961594189052,rf,0.7773063715367468,-0.001344777347694781,0.7773063715367468,0.7539659856323687,0.7550938650522091,2,R3,ood
g0_R5_R7_to_R3,42,A_prime,random,2,2,2,True,2,round_group,0.7785510456740395,rf,0.7773063715367468,0.0012446741372927894,0.7773063715367468,0.7539659856323687,0.7550938650522091,2,R3,ood
g0_R5_R7_to_R3,42,B,grouped,5,2,2,,2,round_group,0.6079473348509291,rf,0.7773063715367468,-0.16935903668581764,0.7773063715367468,0.7539659856323687,0.7550938650522091,2,R3,ood
g0_R2_R4_R6_to_R3,42,A,random,5,5,3,,3,round_group,0.6066357781771107,rf,0.6840850926983947,-0.07744931452128401,0.6840850926983947,0.5978465318097632,0.6094208535572125,3,R3,ood
g0_R2_R4_R6_to_R3,42,A_prime,random,3,3,3,True,3,round_group,0.6086482406816662,rf,0.6840850926983947,-0.07543685201672845,0.6840850926983947,0.5978465318097632,0.6094208535572125,3,R3,ood
g0_R2_R4_R6_to_R3,42,B,grouped,5,3,3,,3,round_group,0.6270308701366376,rf,0.6840850926983947,-0.05705422256175707,0.6840850926983947,0.5978465318097632,0.6094208535572125,3,R3,ood
g0_R2_R5_R7_to_R3,42,A,random,5,5,3,,3,round_group,0.7346329669957052,rf,0.7725428960282625,-0.0379099290325573,0.7725428960282625,0.7294041542833163,0.7344958030029632,3,R3,ood
g0_R2_R5_R7_to_R3,42,A_prime,random,3,3,3,True,3,round_group,0.7333455486136179,rf,0.7725428960282625,-0.039197347414644645,0.7725428960282625,0.7294041542833163,0.7344958030029632,3,R3,ood
g0_R2_R5_R7_to_R3,42,B,grouped,5,3,3,,3,round_group,0.784126881776457,rf,0.7725428960282625,0.011583985748194414,0.7725428960282625,0.7294041542833163,0.7344958030029632,3,R3,ood
g0_R4_R5_R7_to_R3,42,A,random,5,5,3,,3,round_group,0.6965822958327162,rf,0.7679633528496199,-0.07138105701690367,0.7679633528496199,0.6791223725261921,0.6961081555183232,3,R3,ood
g0_R4_R5_R7_to_R3,42,A_prime,random,3,3,3,True,3,round_group,0.6938078819333959,rf,0.7679633528496199,-0.07415547091622399,0.7679633528496199,0.6791223725261921,0.6961081555183232,3,R3,ood
g0_R4_R5_R7_to_R3,42,B,grouped,5,3,3,,3,round_group,0.8087310950565403,rf,0.7679633528496199,0.040767742206920365,0.7679633528496199,0.6791223725261921,0.6961081555183232,3,R3,ood
g0_R2_to_R4,42,A,random,5,5,5,,1,time_block,0.46795171214162296,rf,0.5879190029361334,-0.11996729079451046,0.5879190029361334,0.4460439512776442,0.402877952456142,1,R4,ood
g0_R2_to_R4,42,A_prime,random,5,5,5,True,1,time_block,0.46795171214162296,rf,0.5879190029361334,-0.11996729079451046,0.5879190029361334,0.4460439512776442,0.402877952456142,1,R4,ood
g0_R2_to_R4,42,B,grouped,5,5,5,,1,time_block,0.4556030512949477,rf,0.5879190029361334,-0.1323159516411857,0.5879190029361334,0.4460439512776442,0.402877952456142,1,R4,ood
g0_R6_to_R4,42,A,random,5,5,5,,1,time_block,0.6277574145290507,rf,0.7047265706649399,-0.07696915613588928,0.7047265706649399,0.5909315116092595,0.6458066002604217,1,R4,ood
g0_R6_to_R4,42,A_prime,random,5,5,5,True,1,time_block,0.6277574145290507,rf,0.7047265706649399,-0.07696915613588928,0.7047265706649399,0.5909315116092595,0.6458066002604217,1,R4,ood
g0_R6_to_R4,42,B,grouped,5,5,5,,1,time_block,0.636685310001421,rf,0.7047265706649399,-0.0680412606635189,0.7047265706649399,0.5909315116092595,0.6458066002604217,1,R4,ood
g0_R2_R5_to_R4,42,A,random,5,5,2,,2,round_group,0.5637063577770698,rf,0.6158027595420854,-0.05209640176501562,0.6158027595420854,0.5954392466551461,0.5492440549444909,2,R4,ood
g0_R2_R5_to_R4,42,A_prime,random,2,2,2,True,2,round_group,0.552900979850669,rf,0.6158027595420854,-0.06290177969141642,0.6158027595420854,0.5954392466551461,0.5492440549444909,2,R4,ood
g0_R2_R5_to_R4,42,B,grouped,5,2,2,,2,round_group,0.507621802453401,rf,0.6158027595420854,-0.10818095708868436,0.6158027595420854,0.5954392466551461,0.5492440549444909,2,R4,ood
g0_R3_R5_to_R4,42,A,random,5,5,2,,2,round_group,0.5059879181144631,rf,0.5201454527612681,-0.014157534646805026,0.5201454527612681,0.49675290859330523,0.504637068815153,2,R4,ood
g0_R3_R5_to_R4,42,A_prime,random,2,2,2,True,2,round_group,0.5086302165714388,rf,0.5201454527612681,-0.011515236189829303,0.5201454527612681,0.49675290859330523,0.504637068815153,2,R4,ood
g0_R3_R5_to_R4,42,B,grouped,5,2,2,,2,round_group,0.667164734194938,rf,0.5201454527612681,0.14701928143366993,0.5201454527612681,0.49675290859330523,0.504637068815153,2,R4,ood
g0_R5_R6_to_R4,42,A,random,5,5,2,,2,round_group,0.7925820762866245,lightgbm,0.8085813525203891,-0.015999276233764625,0.7790002562519555,0.786887742449454,0.8085813525203891,2,R4,ood
g0_R5_R6_to_R4,42,A_prime,random,2,2,2,True,2,round_group,0.7965176749326941,lightgbm,0.8085813525203891,-0.012063677587694999,0.7790002562519555,0.786887742449454,0.8085813525203891,2,R4,ood
g0_R5_R6_to_R4,42,B,grouped,5,2,2,,2,round_group,0.6670418323515405,lightgbm,0.8085813525203891,-0.14153952016884863,0.7790002562519555,0.786887742449454,0.8085813525203891,2,R4,ood
g0_R2_R3_R5_to_R4,42,A,random,5,5,3,,3,round_group,0.705028594433285,lightgbm,0.7066994993771257,-0.0016709049438407009,0.6972893016537488,0.7060909217774151,0.7066994993771257,3,R4,ood
g0_R2_R3_R5_to_R4,42,A_prime,random,3,3,3,True,3,round_group,0.702260120725897,lightgbm,0.7066994993771257,-0.004439378651228676,0.6972893016537488,0.7060909217774151,0.7066994993771257,3,R4,ood
g0_R2_R3_R5_to_R4,42,B,grouped,5,3,3,,3,round_group,0.47461343317046917,lightgbm,0.7066994993771257,-0.23208606620665656,0.6972893016537488,0.7060909217774151,0.7066994993771257,3,R4,ood
g0_R2_R5_R6_to_R4,42,A,random,5,5,3,,3,round_group,0.836721342171756,xgboost,0.8363410772554793,0.00038026491627662917,0.8352313653335163,0.8363410772554793,0.8243324087577889,3,R4,ood
g0_R2_R5_R6_to_R4,42,A_prime,random,3,3,3,True,3,round_group,0.8394222843554349,xgboost,0.8363410772554793,0.0030812070999555186,0.8352313653335163,0.8363410772554793,0.8243324087577889,3,R4,ood
g0_R2_R5_R6_to_R4,42,B,grouped,5,3,3,,3,round_group,0.731916961427629,xgboost,0.8363410772554793,-0.10442411582785038,0.8352313653335163,0.8363410772554793,0.8243324087577889,3,R4,ood
g0_R3_R5_R6_to_R4,42,A,random,5,5,3,,3,round_group,0.6762465725125508,rf,0.7776659133154694,-0.10141934080291859,0.7776659133154694,0.6156653873805294,0.6477230614741002,3,R4,ood
g0_R3_R5_R6_to_R4,42,A_prime,random,3,3,3,True,3,round_group,0.677933850307804,rf,0.7776659133154694,-0.09973206300766546,0.7776659133154694,0.6156653873805294,0.6477230614741002,3,R4,ood
g0_R3_R5_R6_to_R4,42,B,grouped,5,3,3,,3,round_group,0.7867886438481175,rf,0.7776659133154694,0.009122730532648116,0.7776659133154694,0.6156653873805294,0.6477230614741002,3,R4,ood
g0_R5_R6_R7_to_R4,42,A,random,5,5,3,,3,round_group,0.823678049568851,rf,0.8227862698552626,0.0008917797135884475,0.8227862698552626,0.8143889351021623,0.815541588013709,3,R4,ood
g0_R5_R6_R7_to_R4,42,A_prime,random,3,3,3,True,3,round_group,0.8273181800956788,rf,0.8227862698552626,0.004531910240416215,0.8227862698552626,0.8143889351021623,0.815541588013709,3,R4,ood
g0_R5_R6_R7_to_R4,42,B,grouped,5,3,3,,3,round_group,0.8380097788607959,rf,0.8227862698552626,0.015223509005533264,0.8227862698552626,0.8143889351021623,0.815541588013709,3,R4,ood
g0_R4_to_R5,42,A,random,5,5,5,,1,time_block,0.5600409143305756,rf,0.6118622565305192,-0.05182134219994361,0.6118622565305192,0.5374861638421328,0.5705608881469147,1,R5,ood
g0_R4_to_R5,42,A_prime,random,5,5,5,True,1,time_block,0.5600409143305756,rf,0.6118622565305192,-0.05182134219994361,0.6118622565305192,0.5374861638421328,0.5705608881469147,1,R5,ood
g0_R4_to_R5,42,B,grouped,5,5,5,,1,time_block,0.5973682374027858,rf,0.6118622565305192,-0.014494019127733404,0.6118622565305192,0.5374861638421328,0.5705608881469147,1,R5,ood
g0_R2_R3_to_R5,42,A,random,5,5,2,,2,round_group,0.6422478192971282,rf,0.6649250626239468,-0.02267724332681864,0.6649250626239468,0.618446263058735,0.6394690098126882,2,R5,ood
g0_R2_R3_to_R5,42,A_prime,random,2,2,2,True,2,round_group,0.6391187351551817,rf,0.6649250626239468,-0.0258063274687651,0.6649250626239468,0.618446263058735,0.6394690098126882,2,R5,ood
g0_R2_R3_to_R5,42,B,grouped,5,2,2,,2,round_group,0.6636423394173017,rf,0.6649250626239468,-0.001282723206645131,0.6649250626239468,0.618446263058735,0.6394690098126882,2,R5,ood
g0_R2_R7_to_R5,42,A,random,5,5,2,,2,round_group,0.5525651213106977,rf,0.6193006721153218,-0.06673555080462412,0.6193006721153218,0.548190003656795,0.540539147739165,2,R5,ood
g0_R2_R7_to_R5,42,A_prime,random,2,2,2,True,2,round_group,0.5502920007000639,rf,0.6193006721153218,-0.0690086714152579,0.6193006721153218,0.548190003656795,0.540539147739165,2,R5,ood
g0_R2_R7_to_R5,42,B,grouped,5,2,2,,2,round_group,0.6008946897827764,rf,0.6193006721153218,-0.018405982332545423,0.6193006721153218,0.548190003656795,0.540539147739165,2,R5,ood
g0_R3_R7_to_R5,42,A,random,5,5,2,,2,round_group,0.6271491314050809,xgboost,0.6530281715919057,-0.025879040186824853,0.5643343559563307,0.6530281715919057,0.6133138272969779,2,R5,ood
g0_R3_R7_to_R5,42,A_prime,random,2,2,2,True,2,round_group,0.6302196414450778,xgboost,0.6530281715919057,-0.022808530146827932,0.5643343559563307,0.6530281715919057,0.6133138272969779,2,R5,ood
g0_R3_R7_to_R5,42,B,grouped,5,2,2,,2,round_group,0.5079158590287319,xgboost,0.6530281715919057,-0.1451123125631738,0.5643343559563307,0.6530281715919057,0.6133138272969779,2,R5,ood
g0_R6_R7_to_R5,42,A,random,5,5,2,,2,round_group,0.6467716622294337,rf,0.7076008932441107,-0.060829231014676965,0.7076008932441107,0.6165110723806535,0.628053081654179,2,R5,ood
g0_R6_R7_to_R5,42,A_prime,random,2,2,2,True,2,round_group,0.6451198376642879,rf,0.7076008932441107,-0.06248105557982275,0.7076008932441107,0.6165110723806535,0.628053081654179,2,R5,ood
g0_R6_R7_to_R5,42,B,grouped,5,2,2,,2,round_group,0.5942019934598642,rf,0.7076008932441107,-0.11339889978424644,0.7076008932441107,0.6165110723806535,0.628053081654179,2,R5,ood
g0_R2_R3_R7_to_R5,42,A,random,5,5,3,,3,round_group,0.6601284844124933,rf,0.7084339581405116,-0.0483054737280183,0.7084339581405116,0.6526908580598761,0.6555792466724631,3,R5,ood
g0_R2_R3_R7_to_R5,42,A_prime,random,3,3,3,True,3,round_group,0.6539655228027849,rf,0.7084339581405116,-0.05446843533772672,0.7084339581405116,0.6526908580598761,0.6555792466724631,3,R5,ood
g0_R2_R3_R7_to_R5,42,B,grouped,5,3,3,,3,round_group,0.7347540511052275,rf,0.7084339581405116,0.026320092964715935,0.7084339581405116,0.6526908580598761,0.6555792466724631,3,R5,ood
g0_R2_R6_R7_to_R5,42,A,random,5,5,3,,3,round_group,0.5694183502965504,rf,0.6902865774067293,-0.12086822711017886,0.6902865774067293,0.5646735242196537,0.5619377089191915,3,R5,ood
g0_R2_R6_R7_to_R5,42,A_prime,random,3,3,3,True,3,round_group,0.5697261458002901,rf,0.6902865774067293,-0.12056043160643914,0.6902865774067293,0.5646735242196537,0.5619377089191915,3,R5,ood
g0_R2_R6_R7_to_R5,42,B,grouped,5,3,3,,3,round_group,0.6001791744620821,rf,0.6902865774067293,-0.09010740294464714,0.6902865774067293,0.5646735242196537,0.5619377089191915,3,R5,ood
g0_R3_R6_R7_to_R5,42,A,random,5,5,3,,3,round_group,0.6387136851885915,xgboost,0.6539269818539765,-0.015213296665384957,0.5887185593812042,0.6539269818539765,0.622790683500906,3,R5,ood
g0_R3_R6_R7_to_R5,42,A_prime,random,3,3,3,True,3,round_group,0.6376229773849196,xgboost,0.6539269818539765,-0.016304004469056887,0.5887185593812042,0.6539269818539765,0.622790683500906,3,R5,ood
g0_R3_R6_R7_to_R5,42,B,grouped,5,3,3,,3,round_group,0.5125387678572796,xgboost,0.6539269818539765,-0.14138821399669688,0.5887185593812042,0.6539269818539765,0.622790683500906,3,R5,ood
g0_R3_to_R6,42,A,random,5,5,5,,1,time_block,0.32507094943240455,xgboost,0.41288112952043665,-0.0878101800880321,0.2791540785498489,0.41288112952043665,0.3317003628823224,1,R6,ood
g0_R3_to_R6,42,A_prime,random,5,5,5,True,1,time_block,0.32507094943240455,xgboost,0.41288112952043665,-0.0878101800880321,0.2791540785498489,0.41288112952043665,0.3317003628823224,1,R6,ood
g0_R3_to_R6,42,B,grouped,5,5,5,,1,time_block,0.3524253646047638,xgboost,0.41288112952043665,-0.06045576491567284,0.2791540785498489,0.41288112952043665,0.3317003628823224,1,R6,ood
g0_R7_to_R6,42,A,random,5,5,5,,1,time_block,0.7318291907186054,xgboost,0.7321181158506991,-0.00028892513209366477,0.7283019210840016,0.7321181158506991,0.7282664824557845,1,R6,ood
g0_R7_to_R6,42,A_prime,random,5,5,5,True,1,time_block,0.7318291907186054,xgboost,0.7321181158506991,-0.00028892513209366477,0.7283019210840016,0.7321181158506991,0.7282664824557845,1,R6,ood
g0_R7_to_R6,42,B,grouped,5,5,5,,1,time_block,0.7261528446566609,xgboost,0.7321181158506991,-0.005965271194038224,0.7283019210840016,0.7321181158506991,0.7282664824557845,1,R6,ood
g0_R2_R5_to_R6,42,A,random,5,5,2,,2,round_group,0.28418808214566266,rf,0.28717278364337184,-0.0029847014977091857,0.28717278364337184,0.28529462155402663,0.2842288058204464,2,R6,ood
g0_R2_R5_to_R6,42,A_prime,random,2,2,2,True,2,round_group,0.2831573371181265,rf,0.28717278364337184,-0.004015446525245325,0.28717278364337184,0.28529462155402663,0.2842288058204464,2,R6,ood
g0_R2_R5_to_R6,42,B,grouped,5,2,2,,2,round_group,0.28840294634134356,rf,0.28717278364337184,0.001230162697971715,0.28717278364337184,0.28529462155402663,0.2842288058204464,2,R6,ood
g0_R3_R5_to_R6,42,A,random,5,5,2,,2,round_group,0.2855218855218855,xgboost,0.3305930269444515,-0.04507114142256596,0.31761512989288637,0.3305930269444515,0.31214648089955704,2,R6,ood
g0_R3_R5_to_R6,42,A_prime,random,2,2,2,True,2,round_group,0.29638678360745396,xgboost,0.3305930269444515,-0.03420624333699751,0.31761512989288637,0.3305930269444515,0.31214648089955704,2,R6,ood
g0_R3_R5_to_R6,42,B,grouped,5,2,2,,2,round_group,0.4143483907396951,xgboost,0.3305930269444515,0.08375536379524362,0.31761512989288637,0.3305930269444515,0.31214648089955704,2,R6,ood
g0_R4_R7_to_R6,42,A,random,5,5,2,,2,round_group,0.7780587463925329,xgboost,0.7919417269183906,-0.01388298052585768,0.761757222669349,0.7919417269183906,0.7734738502373423,2,R6,ood
g0_R4_R7_to_R6,42,A_prime,random,2,2,2,True,2,round_group,0.786797531083859,xgboost,0.7919417269183906,-0.0051441958345316285,0.761757222669349,0.7919417269183906,0.7734738502373423,2,R6,ood
g0_R4_R7_to_R6,42,B,grouped,5,2,2,,2,round_group,0.6001097258813392,xgboost,0.7919417269183906,-0.19183200103705145,0.761757222669349,0.7919417269183906,0.7734738502373423,2,R6,ood
g0_R2_R3_R5_to_R6,42,A,random,5,5,3,,3,round_group,0.6263439241615194,lightgbm,0.6648088984683613,-0.038464974306841926,0.5750811606983018,0.6539842969749964,0.6648088984683613,3,R6,ood
g0_R2_R3_R5_to_R6,42,A_prime,random,3,3,3,True,3,round_group,0.6286343371988152,lightgbm,0.6648088984683613,-0.0361745612695461,0.5750811606983018,0.6539842969749964,0.6648088984683613,3,R6,ood
g0_R2_R3_R5_to_R6,42,B,grouped,5,3,3,,3,round_group,0.46474080588278266,lightgbm,0.6648088984683613,-0.20006809258557867,0.5750811606983018,0.6539842969749964,0.6648088984683613,3,R6,ood
g0_R2_R4_R7_to_R6,42,A,random,5,5,3,,3,round_group,0.7922535635008283,xgboost,0.8012599313351434,-0.009006367834315077,0.7774372232012368,0.8012599313351434,0.7791451615532654,3,R6,ood
g0_R2_R4_R7_to_R6,42,A_prime,random,3,3,3,True,3,round_group,0.7935422365415135,xgboost,0.8012599313351434,-0.007717694793629937,0.7774372232012368,0.8012599313351434,0.7791451615532654,3,R6,ood
g0_R2_R4_R7_to_R6,42,B,grouped,5,3,3,,3,round_group,0.7552765655579357,xgboost,0.8012599313351434,-0.04598336577720774,0.7774372232012368,0.8012599313351434,0.7791451615532654,3,R6,ood
g0_R3_R4_R7_to_R6,42,A,random,5,5,3,,3,round_group,0.8005109795234345,xgboost,0.8066907298544296,-0.0061797503309950486,0.7758726574941364,0.8066907298544296,0.7838318616159883,3,R6,ood
g0_R3_R4_R7_to_R6,42,A_prime,random,3,3,3,True,3,round_group,0.7940436107426796,xgboost,0.8066907298544296,-0.012647119111749983,0.7758726574941364,0.8066907298544296,0.7838318616159883,3,R6,ood
g0_R3_R4_R7_to_R6,42,B,grouped,5,3,3,,3,round_group,0.7187958090461277,xgboost,0.8066907298544296,-0.08789492080830186,0.7758726574941364,0.8066907298544296,0.7838318616159883,3,R6,ood
g0_R2_to_R7,42,A,random,5,5,5,,1,time_block,0.28036253776435044,rf,0.28036253776435044,0.0,0.28036253776435044,0.27949967093426703,0.28036253776435044,1,R7,ood
g0_R2_to_R7,42,A_prime,random,5,5,5,True,1,time_block,0.28036253776435044,rf,0.28036253776435044,0.0,0.28036253776435044,0.27949967093426703,0.28036253776435044,1,R7,ood
g0_R2_to_R7,42,B,grouped,5,5,5,,1,time_block,0.28036253776435044,rf,0.28036253776435044,0.0,0.28036253776435044,0.27949967093426703,0.28036253776435044,1,R7,ood
g0_R5_to_R7,42,A,random,5,5,5,,1,time_block,0.4188096769405828,lightgbm,0.4199970012174483,-0.0011873242768655201,0.41438508040480937,0.4158299014811832,0.4199970012174483,1,R7,ood
g0_R5_to_R7,42,A_prime,random,5,5,5,True,1,time_block,0.4188096769405828,lightgbm,0.4199970012174483,-0.0011873242768655201,0.41438508040480937,0.4158299014811832,0.4199970012174483,1,R7,ood
g0_R5_to_R7,42,B,grouped,5,5,5,,1,time_block,0.42066628143281026,lightgbm,0.4199970012174483,0.0006692802153619448,0.41438508040480937,0.4158299014811832,0.4199970012174483,1,R7,ood
g0_R2_R4_to_R7,42,A,random,5,5,2,,2,round_group,0.6615116465121159,lightgbm,0.6623218601444343,-0.0008102136323183684,0.6311282716635265,0.662176082048135,0.6623218601444343,2,R7,ood
g0_R2_R4_to_R7,42,A_prime,random,2,2,2,True,2,round_group,0.6612317294880238,lightgbm,0.6623218601444343,-0.001090130656410504,0.6311282716635265,0.662176082048135,0.6623218601444343,2,R7,ood
g0_R2_R4_to_R7,42,B,grouped,5,2,2,,2,round_group,0.5003340804398875,lightgbm,0.6623218601444343,-0.1619877797045468,0.6311282716635265,0.662176082048135,0.6623218601444343,2,R7,ood
g0_R3_R4_to_R7,42,A,random,5,5,2,,2,round_group,0.7006947594732965,rf,0.7800326479531493,-0.07933788847985279,0.7800326479531493,0.6833938052761592,0.705227819650415,2,R7,ood
g0_R3_R4_to_R7,42,A_prime,random,2,2,2,True,2,round_group,0.7040478259908692,rf,0.7800326479531493,-0.07598482196228007,0.7800326479531493,0.6833938052761592,0.705227819650415,2,R7,ood
g0_R3_R4_to_R7,42,B,grouped,5,2,2,,2,round_group,0.5621753693540898,rf,0.7800326479531493,-0.21785727859905946,0.7800326479531493,0.6833938052761592,0.705227819650415,2,R7,ood
g0_R4_R5_to_R7,42,A,random,5,5,2,,2,round_group,0.6441115468340526,rf,0.663964425555622,-0.019852878721569378,0.663964425555622,0.6387408526395332,0.6090865756114259,2,R7,ood
g0_R4_R5_to_R7,42,A_prime,random,2,2,2,True,2,round_group,0.6455710270802595,rf,0.663964425555622,-0.018393398475362477,0.663964425555622,0.6387408526395332,0.6090865756114259,2,R7,ood
g0_R4_R5_to_R7,42,B,grouped,5,2,2,,2,round_group,0.658690623003126,rf,0.663964425555622,-0.0052738025524959875,0.663964425555622,0.6387408526395332,0.6090865756114259,2,R7,ood
g0_R2_R3_R4_to_R7,42,A,random,5,5,3,,3,round_group,0.8204439830298785,rf,0.8219721259799911,-0.0015281429501126098,0.8219721259799911,0.8154367714214587,0.8088477748505276,3,R7,ood
g0_R2_R3_R4_to_R7,42,A_prime,random,3,3,3,True,3,round_group,0.817413780124258,rf,0.8219721259799911,-0.004558345855733115,0.8219721259799911,0.8154367714214587,0.8088477748505276,3,R7,ood
g0_R2_R3_R4_to_R7,42,B,grouped,5,3,3,,3,round_group,0.7291714113522227,rf,0.8219721259799911,-0.0928007146277684,0.8219721259799911,0.8154367714214587,0.8088477748505276,3,R7,ood
g0_R2_R4_R5_to_R7,42,A,random,5,5,3,,3,round_group,0.6739147319884891,lightgbm,0.6718183121776737,0.00209641981081532,0.670764367595287,0.6711579401445669,0.6718183121776737,3,R7,ood
g0_R2_R4_R5_to_R7,42,A_prime,random,3,3,3,True,3,round_group,0.6721572715495994,lightgbm,0.6718183121776737,0.00033895937192562897,0.670764367595287,0.6711579401445669,0.6718183121776737,3,R7,ood
g0_R2_R4_R5_to_R7,42,B,grouped,5,3,3,,3,round_group,0.7177476211373202,lightgbm,0.6718183121776737,0.04592930895964642,0.670764367595287,0.6711579401445669,0.6718183121776737,3,R7,ood
g0_R3_R4_R5_to_R7,42,A,random,5,5,3,,3,round_group,0.7498210437766182,rf,0.8048099592689717,-0.05498891549235352,0.8048099592689717,0.7487015519774133,0.7333535270732643,3,R7,ood
g0_R3_R4_R5_to_R7,42,A_prime,random,3,3,3,True,3,round_group,0.7542061115381233,rf,0.8048099592689717,-0.05060384773084836,0.8048099592689717,0.7487015519774133,0.7333535270732643,3,R7,ood
g0_R3_R4_R5_to_R7,42,B,grouped,5,3,3,,3,round_group,0.6689966327340112,rf,0.8048099592689717,-0.13581332653496048,0.8048099592689717,0.7487015519774133,0.7333535270732643,3,R7,ood
g0_R4_R5_R6_to_R7,42,A,random,5,5,3,,3,round_group,0.869419840526912,xgboost,0.8699865955969482,-0.0005667550700362289,0.8377881359399296,0.8699865955969482,0.864750899945836,3,R7,ood
g0_R4_R5_R6_to_R7,42,A_prime,random,3,3,3,True,3,round_group,0.86991056056214,xgboost,0.8699865955969482,-7.60350348082417e-05,0.8377881359399296,0.8699865955969482,0.864750899945836,3,R7,ood
g0_R4_R5_R6_to_R7,42,B,grouped,5,3,3,,3,round_group,0.7978301171132285,xgboost,0.8699865955969482,-0.07215647848371975,0.8377881359399296,0.8699865955969482,0.864750899945836,3,R7,ood
