round,traffic,filter_mode,source_file,window_id,window_start,window_end,true_label,predicted_label,correct
R2,full,raw_all,/home/lmy/iot-device-classification/dataset/light_T1/round2_normal/light_T1_r2.pcapng,107,1071.4665129184723,1077.212095975876,Light_T1,Light_T1,True
R2,full,raw_all,/home/lmy/iot-device-classification/dataset/socket/round2_normal/socket_r2.pcapng,284,2840.1279723644257,2849.9476130008698,Socket,Socket,True
R2,full,raw_all,/home/lmy/iot-device-classification/dataset/socket/round2_normal/socket_r2.pcapng,240,2402.103792667389,2409.56432390213,Socket,Socket,True
R2,full,raw_all,/home/lmy/iot-device-classification/dataset/socket/round2_normal/socket_r2.pcapng,184,1841.6669325828552,1848.818302154541,Socket,Socket,True
R2,full,raw_all,/home/lmy/iot-device-classification/dataset/camera/round2_normal/camera_r2.pcapng,87,871.4174144268036,876.4488835334778,Camera,Camera,True
R2,full,raw_all,/home/lmy/iot-device-classification/dataset/light_xm/round2_normal/light_xm_r2.pcapng,213,2133.635888814926,2138.186534643173,Light_XM,Light_XM,True
R2,full,raw_all,/home/lmy/iot-device-classification/dataset/socket/round2_normal/socket_r2.pcapng,265,2652.705573797226,2659.0869410037994,Socket,Socket,True
R2,full,raw_all,/home/lmy/iot-device-classification/dataset/sensor/round2_normal/sensor_r2.pcapng,74,740.5281891822815,748.8105680942535,Sensor,Sensor,True
R2,full,raw_all,/home/lmy/iot-device-classification/dataset/sensor/round2_normal/sensor_r2.pcapng,54,542.7606384754181,546.1014008522034,Sensor,Sensor,True
R2,full,raw_all,/home/lmy/iot-device-classification/dataset/socket/round2_normal/socket_r2.pcapng,217,2170.1272258758545,2175.6999621391296,Socket,Socket,True
R2,full,raw_all,/home/lmy/iot-device-classification/dataset/sensor/round2_normal/sensor_r2.pcapng,312,3122.810390472412,3128.769585609436,Sensor,Sensor,True
R2,full,raw_all,/home/lmy/iot-device-classification/dataset/sensor/round2_normal/sensor_r2.pcapng,319,3193.5285770893097,3198.727019071579,Sensor,Sensor,True
R2,full,raw_all,/home/lmy/iot-device-classification/dataset/light_xm/round2_normal/light_xm_r2.pcapng,194,1944.7266495227811,1948.1323206424715,Light_XM,Light_XM,True
R2,full,raw_all,/home/lmy/iot-device-classification/dataset/light_T1/round2_normal/light_T1_r2.pcapng,124,1243.6025581359863,1248.3644332885742,Light_T1,Light_T1,True
R2,full,raw_all,/home/lmy/iot-device-classification/dataset/camera/round2_normal/camera_r2.pcapng,329,3290.8538897037506,3295.666656970978,Camera,Camera,True
R2,full,raw_all,/home/lmy/iot-device-classification/dataset/socket/round2_normal/socket_r2.pcapng,58,580.2362542152405,589.0882699489594,Socket,Socket,True
R2,full,raw_all,/home/lmy/iot-device-classification/dataset/light_T1/round2_normal/light_T1_r2.pcapng,310,3100.2848887443542,3109.8751122951508,Light_T1,Light_T1,True
R2,full,raw_all,/home/lmy/iot-device-classification/dataset/light_xm/round2_normal/light_xm_r2.pcapng,362,3626.805492401123,3629.796667098999,Light_XM,Light_T1,False
R2,full,raw_all,/home/lmy/iot-device-classification/dataset/light_xm/round2_normal/light_xm_r2.pcapng,106,1061.8701984882357,1069.6426222324371,Light_XM,Light_XM,True
R2,full,raw_all,/home/lmy/iot-device-classification/dataset/socket/round2_normal/socket_r2.pcapng,62,620.261754989624,626.2252879142761,Socket,Socket,True
R2,full,raw_all,/home/lmy/iot-device-classification/dataset/sensor/round2_normal/sensor_r2.pcapng,295,2951.926488637924,2955.38058924675,Sensor,Sensor,True
R2,full,raw_all,/home/lmy/iot-device-classification/dataset/socket/round2_normal/socket_r2.pcapng,51,510.57012009620667,518.1223821640015,Socket,Socket,True
R2,full,raw_all,/home/lmy/iot-device-classification/dataset/camera/round2_normal/camera_r2.pcapng,99,991.4677090644836,997.0997684001924,Camera,Camera,True
R2,full,raw_all,/home/lmy/iot-device-classification/dataset/sensor/round2_normal/sensor_r2.pcapng,305,3050.9771869182587,3055.277549266815,Sensor,Sensor,True
R2,full,raw_all,/home/lmy/iot-device-classification/dataset/camera/round2_normal/camera_r2.pcapng,263,2632.154580116272,2637.516012907028,Camera,Camera,True
R2,full,raw_all,/home/lmy/iot-device-classification/dataset/light_xm/round2_normal/light_xm_r2.pcapng,125,1251.2881574630735,1257.394244432449,Light_XM,Light_XM,True
R2,full,raw_all,/home/lmy/iot-device-classification/dataset/sensor/round2_normal/sensor_r2.pcapng,179,1790.0578179359436,1794.1812195777893,Sensor,Sensor,True
R2,full,raw_all,/home/lmy/iot-device-classification/dataset/sensor/round2_normal/sensor_r2.pcapng,17,170.49036240577698,173.81535148620603,Sensor,Sensor,True
R2,full,raw_all,/home/lmy/iot-device-classification/dataset/camera/round2_normal/camera_r2.pcapng,21,211.06676602363584,219.18229269981384,Camera,Camera,True
R2,full,raw_all,/home/lmy/iot-device-classification/dataset/sensor/round2_normal/sensor_r2.pcapng,347,3471.4958708286285,3475.695618391037,Sensor,Sensor,True
R2,full,raw_all,/home/lmy/iot-device-classification/dataset/light_T1/round2_normal/light_T1_r2.pcapng,35,350.3954920768738,356.0745806694031,Light_T1,Light_T1,True
R2,full,raw_all,/home/lmy/iot-device-classification/dataset/socket/round2_normal/socket_r2.pcapng,312,3120.0246818065643,3129.938462972641,Socket,Socket,True
R2,full,raw_all,/home/lmy/iot-device-classification/dataset/camera/round2_normal/camera_r2.pcapng,149,1490.0754919052124,1499.5482728481293,Camera,Camera,True
R2,full,raw_all,/home/lmy/iot-device-classification/dataset/light_T1/round2_normal/light_T1_r2.pcapng,177,1771.0806646347046,1776.4156818389893,Light_T1,Light_T1,True
R2,full,raw_all,/home/lmy/iot-device-classification/dataset/light_T1/round2_normal/light_T1_r2.pcapng,53,531.3740339279175,538.2332999706268,Light_T1,Light_T1,True
R2,full,raw_all,/home/lmy/iot-device-classification/dataset/sensor/round2_normal/sensor_r2.pcapng,296,2961.0757944583893,2965.188056707382,Sensor,Sensor,True
R2,full,raw_all,/home/lmy/iot-device-classification/dataset/light_T1/round2_normal/light_T1_r2.pcapng,143,1431.5148973464966,1439.5820755958557,Light_T1,Light_T1,True
R2,full,raw_all,/home/lmy/iot-device-classification/dataset/light_xm/round2_normal/light_xm_r2.pcapng,248,2480.695337533951,2489.9797587394714,Light_XM,Light_XM,True
R2,full,raw_all,/home/lmy/iot-device-classification/dataset/camera/round2_normal/camera_r2.pcapng,342,3421.684412717819,3425.812100172043,Camera,Camera,True
R2,full,raw_all,/home/lmy/iot-device-classification/dataset/light_xm/round2_normal/light_xm_r2.pcapng,25,251.90243196487427,259.1897602081299,Light_XM,Light_XM,True
R2,full,raw_all,/home/lmy/iot-device-classification/dataset/camera/round2_normal/camera_r2.pcapng,130,1303.5507655143738,1309.9556488990784,Camera,Camera,True
R2,full,raw_all,/home/lmy/iot-device-classification/dataset/sensor/round2_normal/sensor_r2.pcapng,285,2851.284272670746,2858.7723736763,Sensor,Sensor,True
R2,full,raw_all,/home/lmy/iot-device-classification/dataset/sensor/round2_normal/sensor_r2.pcapng,322,3223.633684873581,3225.4466836452484,Sensor,Sensor,True
R2,full,raw_all,/home/lmy/iot-device-classification/dataset/light_xm/round2_normal/light_xm_r2.pcapng,261,2611.791841506958,2619.589110851288,Light_XM,Light_XM,True
R2,full,raw_all,/home/lmy/iot-device-classification/dataset/camera/round2_normal/camera_r2.pcapng,169,1690.7651755809784,1699.925780057907,Camera,Camera,True
R2,full,raw_all,/home/lmy/iot-device-classification/dataset/socket/round2_normal/socket_r2.pcapng,256,2562.5561578273773,2567.818703174591,Socket,Socket,True
R2,full,raw_all,/home/lmy/iot-device-classification/dataset/camera/round2_normal/camera_r2.pcapng,52,520.859005689621,529.9615371227264,Camera,Camera,True
R2,full,raw_all,/home/lmy/iot-device-classification/dataset/light_T1/round2_normal/light_T1_r2.pcapng,99,990.9941470623016,996.722766160965,Light_T1,Light_T1,True
R2,full,raw_all,/home/lmy/iot-device-classification/dataset/camera/round2_normal/camera_r2.pcapng,200,2000.3638124465945,2008.937985420227,Camera,Camera,True
R2,full,raw_all,/home/lmy/iot-device-classification/dataset/socket/round2_normal/socket_r2.pcapng,274,2740.469830751419,2748.755888700485,Socket,Socket,True
R2,full,raw_all,/home/lmy/iot-device-classification/dataset/socket/round2_normal/socket_r2.pcapng,295,2950.101926326752,2959.29727935791,Socket,Socket,True
R2,full,raw_all,/home/lmy/iot-device-classification/dataset/light_xm/round2_normal/light_xm_r2.pcapng,161,1612.7889392375946,1617.7043602466583,Light_XM,Light_XM,True
R2,full,raw_all,/home/lmy/iot-device-classification/dataset/socket/round2_normal/socket_r2.pcapng,223,2231.0773696899414,2235.571822166443,Socket,Socket,True
R2,full,raw_all,/home/lmy/iot-device-classification/dataset/socket/round2_normal/socket_r2.pcapng,236,2361.7968995571136,2366.3246495723724,Socket,Socket,True
R2,full,raw_all,/home/lmy/iot-device-classification/dataset/light_xm/round2_normal/light_xm_r2.pcapng,33,333.5216815471649,337.7933547496796,Light_XM,Light_XM,True
R2,full,raw_all,/home/lmy/iot-device-classification/dataset/light_xm/round2_normal/light_xm_r2.pcapng,294,2940.99509716034,2949.2093799114227,Light_XM,Light_XM,True
R2,full,raw_all,/home/lmy/iot-device-classification/dataset/sensor/round2_normal/sensor_r2.pcapng,197,1970.237728834152,1975.3921842575076,Sensor,Sensor,True
R2,full,raw_all,/home/lmy/iot-device-classification/dataset/camera/round2_normal/camera_r2.pcapng,351,3512.034941673279,3517.2174553871155,Camera,Camera,True
R2,full,raw_all,/home/lmy/iot-device-classification/dataset/socket/round2_normal/socket_r2.pcapng,113,1131.1459579467771,1138.433893918991,Socket,Socket,True
R2,full,raw_all,/home/lmy/iot-device-classification/dataset/light_xm/round2_normal/light_xm_r2.pcapng,363,3630.625636339188,3639.8092563152313,Light_XM,Light_XM,True
R2,full,raw_all,/home/lmy/iot-device-classification/dataset/camera/round2_normal/camera_r2.pcapng,215,2153.72504901886,2154.4975464344025,Camera,Camera,True
R2,full,raw_all,/home/lmy/iot-device-classification/dataset/camera/round2_normal/camera_r2.pcapng,276,2762.391175270081,2768.330917596817,Camera,Camera,True
R2,full,raw_all,/home/lmy/iot-device-classification/dataset/camera/round2_normal/camera_r2.pcapng,14,140.3548879623413,148.2180368900299,Camera,Camera,True
R2,full,raw_all,/home/lmy/iot-device-classification/dataset/light_T1/round2_normal/light_T1_r2.pcapng,172,1720.759200334549,1728.6543233394625,Light_T1,Light_XM,False
R2,full,raw_all,/home/lmy/iot-device-classification/dataset/camera/round2_normal/camera_r2.pcapng,269,2690.974287509918,2698.038310289383,Camera,Camera,True
R2,full,raw_all,/home/lmy/iot-device-classification/dataset/camera/round2_normal/camera_r2.pcapng,226,2261.947966337204,2269.6728649139404,Camera,Camera,True
R2,full,raw_all,/home/lmy/iot-device-classification/dataset/sensor/round2_normal/sensor_r2.pcapng,340,3403.873057603836,3405.6248304843903,Sensor,Sensor,True
R2,full,raw_all,/home/lmy/iot-device-classification/dataset/light_xm/round2_normal/light_xm_r2.pcapng,97,972.5810341835022,979.5899882316588,Light_XM,Light_XM,True
R2,full,raw_all,/home/lmy/iot-device-classification/dataset/camera/round2_normal/camera_r2.pcapng,191,1912.1781225204468,1914.1678664684296,Camera,Camera,True
R2,full,raw_all,/home/lmy/iot-device-classification/dataset/light_xm/round2_normal/light_xm_r2.pcapng,232,2323.5277552604675,2329.2888102531438,Light_XM,Light_XM,True
R2,full,raw_all,/home/lmy/iot-device-classification/dataset/camera/round2_normal/camera_r2.pcapng,283,2830.389991044998,2839.2935543060303,Camera,Camera,True
R2,full,raw_all,/home/lmy/iot-device-classification/dataset/socket/round2_normal/socket_r2.pcapng,55,550.6129779815674,558.6306862831116,Socket,Socket,True
R2,full,raw_all,/home/lmy/iot-device-classification/dataset/socket/round2_normal/socket_r2.pcapng,106,1061.087486743927,1068.595324754715,Socket,Socket,True
R2,full,raw_all,/home/lmy/iot-device-classification/dataset/sensor/round2_normal/sensor_r2.pcapng,127,1270.7921879291534,1279.9350936412811,Sensor,Sensor,True
R2,full,raw_all,/home/lmy/iot-device-classification/dataset/light_T1/round2_normal/light_T1_r2.pcapng,253,2534.400569677353,2539.2493250370026,Light_T1,Light_T1,True
R2,full,raw_all,/home/lmy/iot-device-classification/dataset/light_xm/round2_normal/light_xm_r2.pcapng,228,2284.2494473457336,2289.2713305950165,Light_XM,Light_XM,True
R2,full,raw_all,/home/lmy/iot-device-classification/dataset/light_xm/round2_normal/light_xm_r2.pcapng,154,1542.4143035411837,1547.6484808921814,Light_XM,Light_XM,True
R2,full,raw_all,/home/lmy/iot-device-classification/dataset/light_T1/round2_normal/light_T1_r2.pcapng,238,2381.428659439087,2389.1576154232025,Light_T1,Light_T1,True
R2,full,raw_all,/home/lmy/iot-device-classification/dataset/sensor/round2_normal/sensor_r2.pcapng,248,2480.753606081009,2489.989073753357,Sensor,Sensor,True
R2,full,raw_all,/home/lmy/iot-device-classification/dataset/sensor/round2_normal/sensor_r2.pcapng,286,2861.283433675766,2865.0883708000183,Sensor,Sensor,True
R2,full,raw_all,/home/lmy/iot-device-classification/dataset/light_xm/round2_normal/light_xm_r2.pcapng,91,910.9821357727052,919.7926542758942,Light_XM,Light_XM,True
R2,full,raw_all,/home/lmy/iot-device-classification/dataset/light_T1/round2_normal/light_T1_r2.pcapng,214,2143.34606385231,2148.961574554444,Light_T1,Light_T1,True
R2,full,raw_all,/home/lmy/iot-device-classification/dataset/light_xm/round2_normal/light_xm_r2.pcapng,305,3051.750479698181,3059.381347179413,Light_XM,Light_XM,True
R2,full,raw_all,/home/lmy/iot-device-classification/dataset/light_T1/round2_normal/light_T1_r2.pcapng,57,570.8866467475891,578.5522747039795,Light_T1,Light_T1,True
R2,full,raw_all,/home/lmy/iot-device-classification/dataset/camera/round2_normal/camera_r2.pcapng,187,1871.9368324279783,1879.545615196228,Camera,Camera,True
R2,full,raw_all,/home/lmy/iot-device-classification/dataset/camera/round2_normal/camera_r2.pcapng,62,622.8774116039276,624.6677129268646,Camera,Camera,True
R2,full,raw_all,/home/lmy/iot-device-classification/dataset/light_xm/round2_normal/light_xm_r2.pcapng,4,41.66246724128723,46.22103238105774,Light_XM,Light_XM,True
R2,full,raw_all,/home/lmy/iot-device-classification/dataset/socket/round2_normal/socket_r2.pcapng,47,470.2123441696167,474.7274439334869,Socket,Socket,True
R2,full,raw_all,/home/lmy/iot-device-classification/dataset/camera/round2_normal/camera_r2.pcapng,259,2591.465351343155,2597.2350635528564,Camera,Camera,True
R2,full,raw_all,/home/lmy/iot-device-classification/dataset/camera/round2_normal/camera_r2.pcapng,32,322.10616636276245,329.6306059360504,Camera,Camera,True
R2,full,raw_all,/home/lmy/iot-device-classification/dataset/sensor/round2_normal/sensor_r2.pcapng,221,2210.478011608124,2217.0900382995605,Sensor,Sensor,True
R2,full,raw_all,/home/lmy/iot-device-classification/dataset/sensor/round2_normal/sensor_r2.pcapng,201,2014.237991809845,2015.690222740173,Sensor,Sensor,True
R2,full,raw_all,/home/lmy/iot-device-classification/dataset/light_xm/round2_normal/light_xm_r2.pcapng,354,3544.0892815589905,3549.9927139282227,Light_XM,Light_XM,True
R2,full,raw_all,/home/lmy/iot-device-classification/dataset/sensor/round2_normal/sensor_r2.pcapng,112,1123.345861673355,1129.8999934196472,Sensor,Sensor,True
R2,full,raw_all,/home/lmy/iot-device-classification/dataset/light_T1/round2_normal/light_T1_r2.pcapng,287,2871.391262292862,2879.4272813797,Light_T1,Light_T1,True
R2,full,raw_all,/home/lmy/iot-device-classification/dataset/camera/round2_normal/camera_r2.pcapng,98,983.2378005981444,987.2503113746644,Camera,Camera,True
R2,full,raw_all,/home/lmy/iot-device-classification/dataset/camera/round2_normal/camera_r2.pcapng,54,541.2423532009125,544.953610420227,Camera,Camera,True
R2,full,raw_all,/home/lmy/iot-device-classification/dataset/sensor/round2_normal/sensor_r2.pcapng,16,162.39047288894653,169.14223432540894,Sensor,Sensor,True
R2,full,raw_all,/home/lmy/iot-device-classification/dataset/camera/round2_normal/camera_r2.pcapng,331,3311.0110173225403,3317.269309282303,Camera,Camera,True
R2,full,raw_all,/home/lmy/iot-device-classification/dataset/light_xm/round2_normal/light_xm_r2.pcapng,84,844.1773953437805,849.3144614696503,Light_XM,Light_T1,False
R2,full,raw_all,/home/lmy/iot-device-classification/dataset/light_xm/round2_normal/light_xm_r2.pcapng,323,3232.938750743866,3239.3871388435364,Light_XM,Light_XM,True
R2,full,raw_all,/home/lmy/iot-device-classification/dataset/light_T1/round2_normal/light_T1_r2.pcapng,142,1421.5535809993744,1429.550215959549,Light_T1,Light_T1,True
R2,full,raw_all,/home/lmy/iot-device-classification/dataset/light_T1/round2_normal/light_T1_r2.pcapng,149,1493.837729692459,1499.9188513755798,Light_T1,Light_T1,True
R2,full,raw_all,/home/lmy/iot-device-classification/dataset/camera/round2_normal/camera_r2.pcapng,313,3130.548703193665,3139.879628419876,Camera,Camera,True
R2,full,raw_all,/home/lmy/iot-device-classification/dataset/socket/round2_normal/socket_r2.pcapng,97,970.7316403388976,979.9112751483916,Socket,Socket,True
R2,full,raw_all,/home/lmy/iot-device-classification/dataset/light_T1/round2_normal/light_T1_r2.pcapng,261,2614.879992246628,2617.2357726097107,Light_T1,Light_T1,True
R2,full,raw_all,/home/lmy/iot-device-classification/dataset/light_xm/round2_normal/light_xm_r2.pcapng,336,3363.787456035614,3369.496612548828,Light_XM,Light_XM,True
R2,full,raw_all,/home/lmy/iot-device-classification/dataset/light_T1/round2_normal/light_T1_r2.pcapng,151,1510.2199544906616,1519.636733293533,Light_T1,Light_T1,True
R2,full,raw_all,/home/lmy/iot-device-classification/dataset/light_xm/round2_normal/light_xm_r2.pcapng,312,3122.318622589112,3129.486123085022,Light_XM,Light_XM,True
R2,full,raw_all,/home/lmy/iot-device-classification/dataset/sensor/round2_normal/sensor_r2.pcapng,155,1550.1842975616455,1558.8126907348633,Sensor,Sensor,True
R2,full,raw_all,/home/lmy/iot-device-classification/dataset/socket/round2_normal/socket_r2.pcapng,235,2352.004641532898,2356.521775007248,Socket,Socket,True
R2,full,raw_all,/home/lmy/iot-device-classification/dataset/light_T1/round2_normal/light_T1_r2.pcapng,295,2955.219544649124,2959.5139648914337,Light_T1,Light_XM,False
R2,full,raw_all,/home/lmy/iot-device-classification/dataset/light_xm/round2_normal/light_xm_r2.pcapng,105,1055.1814467906952,1059.7708387374878,Light_XM,Light_XM,True
R2,full,raw_all,/home/lmy/iot-device-classification/dataset/sensor/round2_normal/sensor_r2.pcapng,103,1033.2531135082245,1039.7673830986023,Sensor,Sensor,True
R2,full,raw_all,/home/lmy/iot-device-classification/dataset/light_xm/round2_normal/light_xm_r2.pcapng,159,1592.803819656372,1599.0975587368011,Light_XM,Light_XM,True
R2,full,raw_all,/home/lmy/iot-device-classification/dataset/light_xm/round2_normal/light_xm_r2.pcapng,71,710.0750658512115,719.830953836441,Light_XM,Light_XM,True
R2,full,raw_all,/home/lmy/iot-device-classification/dataset/light_T1/round2_normal/light_T1_r2.pcapng,221,2211.990196228028,2218.93413066864,Light_T1,Light_T1,True
R2,full,raw_all,/home/lmy/iot-device-classification/dataset/camera/round2_normal/camera_r2.pcapng,1,10.053329229354858,19.76816129684448,Camera,Camera,True
R2,full,raw_all,/home/lmy/iot-device-classification/dataset/socket/round2_normal/socket_r2.pcapng,123,1231.2890632152555,1239.6536529064178,Socket,Socket,True
R2,full,raw_all,/home/lmy/iot-device-classification/dataset/socket/round2_normal/socket_r2.pcapng,159,1590.0508978366852,1598.8200149536133,Socket,Socket,True
R2,full,raw_all,/home/lmy/iot-device-classification/dataset/sensor/round2_normal/sensor_r2.pcapng,140,1400.0374732017517,1403.6290366649628,Sensor,Sensor,True
R2,full,raw_all,/home/lmy/iot-device-classification/dataset/camera/round2_normal/camera_r2.pcapng,8,80.02296090126038,82.32007122039795,Camera,Camera,True
R2,full,raw_all,/home/lmy/iot-device-classification/dataset/camera/round2_normal/camera_r2.pcapng,80,803.0640075206757,805.8667311668396,Camera,Camera,True
R2,full,raw_all,/home/lmy/iot-device-classification/dataset/light_T1/round2_normal/light_T1_r2.pcapng,317,3170.277452468872,3175.450977087021,Light_T1,Light_T1,True
R2,full,raw_all,/home/lmy/iot-device-classification/dataset/camera/round2_normal/camera_r2.pcapng,359,3590.925525188446,3595.9354195594788,Camera,Camera,True
R2,full,raw_all,/home/lmy/iot-device-classification/dataset/socket/round2_normal/socket_r2.pcapng,141,1410.5867111682892,1419.9042031764984,Socket,Socket,True
R2,full,raw_all,/home/lmy/iot-device-classification/dataset/socket/round2_normal/socket_r2.pcapng,139,1391.4986543655396,1399.2686042785645,Socket,Socket,True
R2,full,raw_all,/home/lmy/iot-device-classification/dataset/sensor/round2_normal/sensor_r2.pcapng,147,1472.0380795001984,1473.700894832611,Sensor,Sensor,True
R2,full,raw_all,/home/lmy/iot-device-classification/dataset/sensor/round2_normal/sensor_r2.pcapng,100,1003.222226381302,1009.7639286518096,Sensor,Sensor,True
R2,full,raw_all,/home/lmy/iot-device-classification/dataset/light_T1/round2_normal/light_T1_r2.pcapng,153,1530.1172749996183,1539.7246193885803,Light_T1,Light_T1,True
R2,full,raw_all,/home/lmy/iot-device-classification/dataset/sensor/round2_normal/sensor_r2.pcapng,307,3072.725109577179,3075.2956738471985,Sensor,Sensor,True
R2,full,raw_all,/home/lmy/iot-device-classification/dataset/sensor/round2_normal/sensor_r2.pcapng,263,2630.8174200057983,2639.88335108757,Sensor,Sensor,True
R2,full,raw_all,/home/lmy/iot-device-classification/dataset/light_T1/round2_normal/light_T1_r2.pcapng,337,3371.4224231243134,3379.9435737133026,Light_T1,Light_T1,True
R2,full,raw_all,/home/lmy/iot-device-classification/dataset/light_xm/round2_normal/light_xm_r2.pcapng,307,3071.900321483612,3079.413014173508,Light_XM,Light_XM,True
R2,full,raw_all,/home/lmy/iot-device-classification/dataset/light_xm/round2_normal/light_xm_r2.pcapng,172,1722.9973466396332,1728.4688851833344,Light_XM,Light_XM,True
R2,full,raw_all,/home/lmy/iot-device-classification/dataset/light_T1/round2_normal/light_T1_r2.pcapng,301,3011.432945728302,3019.773381471634,Light_T1,Light_T1,True
R2,full,raw_all,/home/lmy/iot-device-classification/dataset/camera/round2_normal/camera_r2.pcapng,273,2732.364284992218,2738.1157279014587,Camera,Camera,True
R2,full,raw_all,/home/lmy/iot-device-classification/dataset/camera/round2_normal/camera_r2.pcapng,321,3210.3866999149323,3215.4970877170563,Camera,Camera,True
R2,full,raw_all,/home/lmy/iot-device-classification/dataset/light_T1/round2_normal/light_T1_r2.pcapng,188,1881.3661472797396,1886.4506237506864,Light_T1,Light_T1,True
R2,full,raw_all,/home/lmy/iot-device-classification/dataset/light_T1/round2_normal/light_T1_r2.pcapng,339,3391.582926750183,3396.636352300644,Light_T1,Light_XM,False
R2,full,raw_all,/home/lmy/iot-device-classification/dataset/camera/round2_normal/camera_r2.pcapng,235,2353.467885494232,2359.881559371948,Camera,Camera,True
R2,full,raw_all,/home/lmy/iot-device-classification/dataset/camera/round2_normal/camera_r2.pcapng,264,2642.319096326828,2647.960086107254,Camera,Camera,True
R2,full,raw_all,/home/lmy/iot-device-classification/dataset/sensor/round2_normal/sensor_r2.pcapng,50,502.7203652858734,508.8979897499085,Sensor,Sensor,True
R2,full,raw_all,/home/lmy/iot-device-classification/dataset/socket/round2_normal/socket_r2.pcapng,136,1360.4181411266327,1368.8901209831238,Socket,Socket,True
R2,full,raw_all,/home/lmy/iot-device-classification/dataset/socket/round2_normal/socket_r2.pcapng,197,1972.029610157013,1979.529736995697,Socket,Socket,True
R2,full,raw_all,/home/lmy/iot-device-classification/dataset/camera/round2_normal/camera_r2.pcapng,0,0.0,7.949077844619751,Camera,Camera,True
R2,full,raw_all,/home/lmy/iot-device-classification/dataset/light_xm/round2_normal/light_xm_r2.pcapng,238,2382.808373451233,2389.5803196430206,Light_XM,Light_XM,True
R2,full,raw_all,/home/lmy/iot-device-classification/dataset/light_xm/round2_normal/light_xm_r2.pcapng,267,2670.0068638324738,2679.942110300064,Light_XM,Light_XM,True
R2,full,raw_all,/home/lmy/iot-device-classification/dataset/socket/round2_normal/socket_r2.pcapng,39,390.5044915676117,399.5661878585816,Socket,Socket,True
R2,full,raw_all,/home/lmy/iot-device-classification/dataset/light_xm/round2_normal/light_xm_r2.pcapng,11,113.67904281616212,116.30841159820557,Light_XM,Light_XM,True
R2,full,raw_all,/home/lmy/iot-device-classification/dataset/light_xm/round2_normal/light_xm_r2.pcapng,252,2526.4701960086823,2528.947152853012,Light_XM,Light_XM,True
R2,full,raw_all,/home/lmy/iot-device-classification/dataset/socket/round2_normal/socket_r2.pcapng,304,3040.012657403946,3049.8947598934174,Socket,Socket,True
R2,full,raw_all,/home/lmy/iot-device-classification/dataset/camera/round2_normal/camera_r2.pcapng,216,2162.067749977112,2164.517401456833,Camera,Camera,True
R2,full,raw_all,/home/lmy/iot-device-classification/dataset/camera/round2_normal/camera_r2.pcapng,171,1710.3125059604645,1719.385734796524,Camera,Camera,True
R2,full,raw_all,/home/lmy/iot-device-classification/dataset/sensor/round2_normal/sensor_r2.pcapng,223,2233.831289291382,2236.988182067871,Sensor,Sensor,True
R2,full,raw_all,/home/lmy/iot-device-classification/dataset/socket/round2_normal/socket_r2.pcapng,152,1521.3485481739044,1529.980073928833,Socket,Socket,True
R2,full,raw_all,/home/lmy/iot-device-classification/dataset/light_T1/round2_normal/light_T1_r2.pcapng,4,40.24433612823486,48.79694700241089,Light_T1,Light_XM,False
R2,full,raw_all,/home/lmy/iot-device-classification/dataset/sensor/round2_normal/sensor_r2.pcapng,308,3081.1672871112823,3088.8049256801605,Sensor,Sensor,True
R2,full,raw_all,/home/lmy/iot-device-classification/dataset/sensor/round2_normal/sensor_r2.pcapng,250,2503.829626560211,2509.0863888263702,Sensor,Sensor,True
R2,full,raw_all,/home/lmy/iot-device-classification/dataset/light_T1/round2_normal/light_T1_r2.pcapng,22,221.42986726760864,229.75736212730408,Light_T1,Light_T1,True
R2,full,raw_all,/home/lmy/iot-device-classification/dataset/light_T1/round2_normal/light_T1_r2.pcapng,217,2172.4698445796967,2178.991932868957,Light_T1,Light_XM,False
R2,full,raw_all,/home/lmy/iot-device-classification/dataset/socket/round2_normal/socket_r2.pcapng,225,2250.6671602725983,2259.526579141617,Socket,Socket,True
R2,full,raw_all,/home/lmy/iot-device-classification/dataset/light_T1/round2_normal/light_T1_r2.pcapng,184,1841.4080545902248,1848.478363275528,Light_T1,Light_T1,True
R2,full,raw_all,/home/lmy/iot-device-classification/dataset/sensor/round2_normal/sensor_r2.pcapng,143,1430.0660786628723,1433.660615682602,Sensor,Sensor,True
R2,full,raw_all,/home/lmy/iot-device-classification/dataset/socket/round2_normal/socket_r2.pcapng,332,3321.317907810211,3328.539394378662,Socket,Socket,True
R2,full,raw_all,/home/lmy/iot-device-classification/dataset/socket/round2_normal/socket_r2.pcapng,67,670.7668206691742,676.3674077987671,Socket,Socket,True
R2,full,raw_all,/home/lmy/iot-device-classification/dataset/light_xm/round2_normal/light_xm_r2.pcapng,94,942.5449192523956,949.9959328174592,Light_XM,Light_T1,False
R2,full,raw_all,/home/lmy/iot-device-classification/dataset/camera/round2_normal/camera_r2.pcapng,135,1351.645565032959,1359.4117169380188,Camera,Camera,True
R2,full,raw_all,/home/lmy/iot-device-classification/dataset/camera/round2_normal/camera_r2.pcapng,312,3121.587995290756,3129.8358533382416,Camera,Camera,True
R2,full,raw_all,/home/lmy/iot-device-classification/dataset/camera/round2_normal/camera_r2.pcapng,88,882.9259614944458,886.7570979595184,Camera,Camera,True
R2,full,raw_all,/home/lmy/iot-device-classification/dataset/socket/round2_normal/socket_r2.pcapng,64,640.861083984375,645.936606168747,Socket,Socket,True
R2,full,raw_all,/home/lmy/iot-device-classification/dataset/light_xm/round2_normal/light_xm_r2.pcapng,179,1793.83891582489,1798.023115158081,Light_XM,Light_T1,False
R2,full,raw_all,/home/lmy/iot-device-classification/dataset/sensor/round2_normal/sensor_r2.pcapng,355,3553.3749539852142,3556.0688207149506,Sensor,Sensor,True
R2,full,raw_all,/home/lmy/iot-device-classification/dataset/camera/round2_normal/camera_r2.pcapng,347,3472.0139288902283,3475.753253698349,Camera,Camera,True
R2,full,raw_all,/home/lmy/iot-device-classification/dataset/light_T1/round2_normal/light_T1_r2.pcapng,91,913.2069385051728,918.0458090305328,Light_T1,Light_T1,True
R2,full,raw_all,/home/lmy/iot-device-classification/dataset/camera/round2_normal/camera_r2.pcapng,128,1283.5298159122467,1289.4623804092407,Camera,Camera,True
R2,full,raw_all,/home/lmy/iot-device-classification/dataset/light_xm/round2_normal/light_xm_r2.pcapng,183,1831.5051536560056,1839.434093952179,Light_XM,Light_XM,True
R2,full,raw_all,/home/lmy/iot-device-classification/dataset/light_T1/round2_normal/light_T1_r2.pcapng,313,3130.0702378749847,3139.957658290863,Light_T1,Light_T1,True
R2,full,raw_all,/home/lmy/iot-device-classification/dataset/socket/round2_normal/socket_r2.pcapng,104,1041.131029367447,1049.0152146816254,Socket,Socket,True
R2,full,raw_all,/home/lmy/iot-device-classification/dataset/light_xm/round2_normal/light_xm_r2.pcapng,289,2890.683032274246,2899.127835035324,Light_XM,Light_XM,True
R2,full,raw_all,/home/lmy/iot-device-classification/dataset/socket/round2_normal/socket_r2.pcapng,258,2582.615383386612,2589.7559881210327,Socket,Socket,True
R2,full,raw_all,/home/lmy/iot-device-classification/dataset/camera/round2_normal/camera_r2.pcapng,34,340.9529619216919,346.09131956100464,Camera,Camera,True
R2,full,raw_all,/home/lmy/iot-device-classification/dataset/light_xm/round2_normal/light_xm_r2.pcapng,287,2870.5660679340363,2879.095216751098,Light_XM,Light_XM,True
R2,full,raw_all,/home/lmy/iot-device-classification/dataset/sensor/round2_normal/sensor_r2.pcapng,181,1814.0381307601929,1814.2806980609892,Sensor,Sensor,True
R2,full,raw_all,/home/lmy/iot-device-classification/dataset/light_xm/round2_normal/light_xm_r2.pcapng,153,1532.3364934921265,1537.8838498592377,Light_XM,Light_XM,True
R2,full,raw_all,/home/lmy/iot-device-classification/dataset/sensor/round2_normal/sensor_r2.pcapng,293,2931.0470774173737,2935.1562016010284,Sensor,Sensor,True
R2,full,raw_all,/home/lmy/iot-device-classification/dataset/light_T1/round2_normal/light_T1_r2.pcapng,355,3551.4477813243866,3559.79047203064,Light_T1,Light_T1,True
R2,full,raw_all,/home/lmy/iot-device-classification/dataset/light_xm/round2_normal/light_xm_r2.pcapng,251,2510.7162294387817,2519.537667274475,Light_XM,Light_XM,True
R2,full,raw_all,/home/lmy/iot-device-classification/dataset/socket/round2_normal/socket_r2.pcapng,339,3391.81654047966,3399.271246433258,Socket,Socket,True
R2,full,raw_all,/home/lmy/iot-device-classification/dataset/light_xm/round2_normal/light_xm_r2.pcapng,359,3593.8043570518494,3599.767359018326,Light_XM,Light_XM,True
R2,full,raw_all,/home/lmy/iot-device-classification/dataset/light_xm/round2_normal/light_xm_r2.pcapng,65,654.4702010154724,657.8779406547546,Light_XM,Light_XM,True
R2,full,raw_all,/home/lmy/iot-device-classification/dataset/light_T1/round2_normal/light_T1_r2.pcapng,292,2921.43217420578,2929.486056089401,Light_T1,Light_T1,True
R2,full,raw_all,/home/lmy/iot-device-classification/dataset/camera/round2_normal/camera_r2.pcapng,49,491.378582239151,496.1456136703491,Camera,Camera,True
R2,full,raw_all,/home/lmy/iot-device-classification/dataset/light_T1/round2_normal/light_T1_r2.pcapng,50,502.7656600475311,503.8367381095886,Light_T1,Light_T1,True
R2,full,raw_all,/home/lmy/iot-device-classification/dataset/light_T1/round2_normal/light_T1_r2.pcapng,119,1193.5449380874634,1198.022765874863,Light_T1,Light_T1,True
R2,full,raw_all,/home/lmy/iot-device-classification/dataset/socket/round2_normal/socket_r2.pcapng,238,2381.4249453544617,2387.006023168564,Socket,Socket,True
R2,full,raw_all,/home/lmy/iot-device-classification/dataset/camera/round2_normal/camera_r2.pcapng,307,3070.197279214859,3077.1857640743256,Camera,Camera,True
R2,full,raw_all,/home/lmy/iot-device-classification/dataset/light_T1/round2_normal/light_T1_r2.pcapng,257,2570.700761795044,2576.9162726402283,Light_T1,Light_T1,True
R2,full,raw_all,/home/lmy/iot-device-classification/dataset/sensor/round2_normal/sensor_r2.pcapng,254,2540.9080607891083,2549.385623455048,Sensor,Sensor,True
R2,full,raw_all,/home/lmy/iot-device-classification/dataset/light_T1/round2_normal/light_T1_r2.pcapng,358,3582.816834926605,3589.8206453323364,Light_T1,Light_XM,False
R2,full,raw_all,/home/lmy/iot-device-classification/dataset/sensor/round2_normal/sensor_r2.pcapng,178,1783.8502752780914,1784.0096843242643,Sensor,Sensor,True
R2,full,raw_all,/home/lmy/iot-device-classification/dataset/camera/round2_normal/camera_r2.pcapng,47,470.4268519878388,473.83348083496094,Camera,Camera,True
R2,full,raw_all,/home/lmy/iot-device-classification/dataset/light_xm/round2_normal/light_xm_r2.pcapng,302,3021.584065437317,3029.3369290828705,Light_XM,Light_XM,True
R2,full,raw_all,/home/lmy/iot-device-classification/dataset/light_T1/round2_normal/light_T1_r2.pcapng,59,591.6882290840149,594.1456370353699,Light_T1,Light_T1,True
R2,full,raw_all,/home/lmy/iot-device-classification/dataset/socket/round2_normal/socket_r2.pcapng,226,2261.53545832634,2266.052224636078,Socket,Socket,True
R2,full,raw_all,/home/lmy/iot-device-classification/dataset/camera/round2_normal/camera_r2.pcapng,207,2072.0251841545105,2078.415774822235,Camera,Camera,True
R2,full,raw_all,/home/lmy/iot-device-classification/dataset/sensor/round2_normal/sensor_r2.pcapng,341,3411.4372050762177,3415.635635137558,Sensor,Sensor,True
R2,full,raw_all,/home/lmy/iot-device-classification/dataset/light_xm/round2_normal/light_xm_r2.pcapng,121,1210.4220943450928,1217.3556232452393,Light_XM,Light_T1,False
R2,full,raw_all,/home/lmy/iot-device-classification/dataset/light_xm/round2_normal/light_xm_r2.pcapng,217,2173.3001000881195,2178.449446439743,Light_XM,Light_XM,True
R2,full,raw_all,/home/lmy/iot-device-classification/dataset/sensor/round2_normal/sensor_r2.pcapng,246,2462.904205083847,2468.785324573517,Sensor,Sensor,True
R2,full,raw_all,/home/lmy/iot-device-classification/dataset/sensor/round2_normal/sensor_r2.pcapng,188,1880.1483306884768,1889.7216114997864,Sensor,Sensor,True
R2,full,raw_all,/home/lmy/iot-device-classification/dataset/sensor/round2_normal/sensor_r2.pcapng,361,3615.7745842933655,3616.385488986969,Sensor,Sensor,True
R2,full,raw_all,/home/lmy/iot-device-classification/dataset/sensor/round2_normal/sensor_r2.pcapng,290,2901.016261577606,2908.806047677994,Sensor,Sensor,True
R2,full,raw_all,/home/lmy/iot-device-classification/dataset/socket/round2_normal/socket_r2.pcapng,186,1861.8239574432373,1869.5601074695587,Socket,Socket,True
R2,full,raw_all,/home/lmy/iot-device-classification/dataset/sensor/round2_normal/sensor_r2.pcapng,177,1770.818685054779,1779.122027873993,Sensor,Sensor,True
R2,full,raw_all,/home/lmy/iot-device-classification/dataset/socket/round2_normal/socket_r2.pcapng,28,280.4058766365051,288.4042706489563,Socket,Socket,True
R2,full,raw_all,/home/lmy/iot-device-classification/dataset/sensor/round2_normal/sensor_r2.pcapng,324,3243.4587829113007,3249.0341391563416,Sensor,Sensor,True
R2,full,raw_all,/home/lmy/iot-device-classification/dataset/light_xm/round2_normal/light_xm_r2.pcapng,361,3614.419595479965,3619.785835981369,Light_XM,Light_XM,True
R2,full,raw_all,/home/lmy/iot-device-classification/dataset/light_T1/round2_normal/light_T1_r2.pcapng,128,1283.6470398902893,1288.7313120365145,Light_T1,Light_T1,True
R2,full,raw_all,/home/lmy/iot-device-classification/dataset/sensor/round2_normal/sensor_r2.pcapng,116,1160.037424325943,1167.7747039794922,Sensor,Sensor,True
R2,full,raw_all,/home/lmy/iot-device-classification/dataset/light_T1/round2_normal/light_T1_r2.pcapng,237,2372.226051092148,2376.444969892502,Light_T1,Light_T1,True
R2,full,raw_all,/home/lmy/iot-device-classification/dataset/camera/round2_normal/camera_r2.pcapng,323,3230.5054128170013,3235.616240501404,Camera,Camera,True
R2,full,raw_all,/home/lmy/iot-device-classification/dataset/socket/round2_normal/socket_r2.pcapng,185,1851.7316510677335,1858.6911051273344,Socket,Socket,True
R2,full,raw_all,/home/lmy/iot-device-classification/dataset/light_xm/round2_normal/light_xm_r2.pcapng,55,552.1379358768463,559.0802254676819,Light_XM,Light_T1,False
R2,full,raw_all,/home/lmy/iot-device-classification/dataset/socket/round2_normal/socket_r2.pcapng,294,2940.345916748047,2949.992796897888,Socket,Socket,True
R2,full,raw_all,/home/lmy/iot-device-classification/dataset/socket/round2_normal/socket_r2.pcapng,91,910.9396374225616,917.0779120922087,Socket,Socket,True
R2,full,raw_all,/home/lmy/iot-device-classification/dataset/light_xm/round2_normal/light_xm_r2.pcapng,126,1260.6809630393982,1267.4071788787842,Light_XM,Light_XM,True
R2,full,raw_all,/home/lmy/iot-device-classification/dataset/light_T1/round2_normal/light_T1_r2.pcapng,341,3411.4058542251587,3416.5659086704254,Light_T1,Light_T1,True
R2,full,raw_all,/home/lmy/iot-device-classification/dataset/light_T1/round2_normal/light_T1_r2.pcapng,46,462.7228662967682,467.6327998638153,Light_T1,Light_T1,True
R2,full,raw_all,/home/lmy/iot-device-classification/dataset/socket/round2_normal/socket_r2.pcapng,244,2442.353862285614,2446.865105867386,Socket,Socket,True
R2,full,raw_all,/home/lmy/iot-device-classification/dataset/light_T1/round2_normal/light_T1_r2.pcapng,321,3210.367684364319,3216.443391561508,Light_T1,Light_T1,True
R2,full,raw_all,/home/lmy/iot-device-classification/dataset/socket/round2_normal/socket_r2.pcapng,144,1440.578197479248,1449.5492899417875,Socket,Socket,True
R2,full,raw_all,/home/lmy/iot-device-classification/dataset/light_T1/round2_normal/light_T1_r2.pcapng,185,1851.6343364715576,1854.091360569,Light_T1,Light_T1,True
R2,full,raw_all,/home/lmy/iot-device-classification/dataset/sensor/round2_normal/sensor_r2.pcapng,349,3493.75984621048,3495.721495628357,Sensor,Sensor,True
R2,full,raw_all,/home/lmy/iot-device-classification/dataset/sensor/round2_normal/sensor_r2.pcapng,323,3231.2805058956146,3235.4582393169403,Sensor,Sensor,True
R2,full,raw_all,/home/lmy/iot-device-classification/dataset/light_T1/round2_normal/light_T1_r2.pcapng,271,2714.980617284775,2719.39449262619,Light_T1,Light_XM,False
R2,full,raw_all,/home/lmy/iot-device-classification/dataset/light_T1/round2_normal/light_T1_r2.pcapng,19,191.2066602706909,197.3487093448639,Light_T1,Light_T1,True
R2,full,raw_all,/home/lmy/iot-device-classification/dataset/socket/round2_normal/socket_r2.pcapng,61,610.7084527015686,615.2786858081818,Socket,Socket,True
R2,full,raw_all,/home/lmy/iot-device-classification/dataset/socket/round2_normal/socket_r2.pcapng,299,2990.3673231601715,2999.510056734085,Socket,Socket,True
R2,full,raw_all,/home/lmy/iot-device-classification/dataset/socket/round2_normal/socket_r2.pcapng,318,3180.371227741241,3189.934219121933,Socket,Socket,True
R2,full,raw_all,/home/lmy/iot-device-classification/dataset/camera/round2_normal/camera_r2.pcapng,361,3612.919867992401,3619.386999607086,Camera,Camera,True
R2,full,raw_all,/home/lmy/iot-device-classification/dataset/light_xm/round2_normal/light_xm_r2.pcapng,47,473.5387644767761,476.8921859264374,Light_XM,Light_XM,True
R2,full,raw_all,/home/lmy/iot-device-classification/dataset/socket/round2_normal/socket_r2.pcapng,316,3160.079304218292,3167.180000305176,Socket,Socket,True
R2,full,raw_all,/home/lmy/iot-device-classification/dataset/light_xm/round2_normal/light_xm_r2.pcapng,92,927.096384048462,929.2482907772064,Light_XM,Light_XM,True
R2,full,raw_all,/home/lmy/iot-device-classification/dataset/camera/round2_normal/camera_r2.pcapng,151,1510.2518315315249,1518.4858648777008,Camera,Camera,True
R2,full,raw_all,/home/lmy/iot-device-classification/dataset/camera/round2_normal/camera_r2.pcapng,53,530.921037197113,539.939742565155,Camera,Camera,True
R2,full,raw_all,/home/lmy/iot-device-classification/dataset/light_xm/round2_normal/light_xm_r2.pcapng,72,724.8498909473419,728.6109790802002,Light_XM,Light_XM,True
R2,full,raw_all,/home/lmy/iot-device-classification/dataset/socket/round2_normal/socket_r2.pcapng,266,2662.6796438694,2669.2714495658875,Socket,Socket,True
R2,full,raw_all,/home/lmy/iot-device-classification/dataset/socket/round2_normal/socket_r2.pcapng,331,3310.0241453647614,3318.673756361008,Socket,Socket,True
R2,full,raw_all,/home/lmy/iot-device-classification/dataset/sensor/round2_normal/sensor_r2.pcapng,96,963.187185049057,968.789340019226,Sensor,Sensor,True
R2,full,raw_all,/home/lmy/iot-device-classification/dataset/light_xm/round2_normal/light_xm_r2.pcapng,52,521.1890659332275,529.1379973888397,Light_XM,Light_T1,False
R2,full,raw_all,/home/lmy/iot-device-classification/dataset/light_T1/round2_normal/light_T1_r2.pcapng,290,2905.1716907024384,2909.1580986976624,Light_T1,Light_T1,True
R2,full,raw_all,/home/lmy/iot-device-classification/dataset/socket/round2_normal/socket_r2.pcapng,46,460.05536556243896,464.91813349723816,Socket,Socket,True
R2,full,raw_all,/home/lmy/iot-device-classification/dataset/camera/round2_normal/camera_r2.pcapng,306,3060.037881135941,3069.512144088745,Camera,Camera,True
R2,full,raw_all,/home/lmy/iot-device-classification/dataset/camera/round2_normal/camera_r2.pcapng,61,612.1706233024597,616.203929901123,Camera,Camera,True
R2,full,raw_all,/home/lmy/iot-device-classification/dataset/socket/round2_normal/socket_r2.pcapng,345,3452.22261595726,3459.118216991425,Socket,Socket,True
R2,full,raw_all,/home/lmy/iot-device-classification/dataset/socket/round2_normal/socket_r2.pcapng,119,1191.2475385665894,1199.3736758232117,Socket,Socket,True
R2,full,raw_all,/home/lmy/iot-device-classification/dataset/camera/round2_normal/camera_r2.pcapng,260,2601.226948738098,2607.272736310959,Camera,Camera,True
R2,full,raw_all,/home/lmy/iot-device-classification/dataset/light_T1/round2_normal/light_T1_r2.pcapng,102,1021.1618313789368,1026.9021382331848,Light_T1,Light_T1,True
R2,full,raw_all,/home/lmy/iot-device-classification/dataset/socket/round2_normal/socket_r2.pcapng,10,100.34294390678406,107.57599711418152,Socket,Socket,True
R2,full,raw_all,/home/lmy/iot-device-classification/dataset/light_xm/round2_normal/light_xm_r2.pcapng,150,1502.1461334228516,1507.621175289154,Light_XM,Light_XM,True
R2,full,raw_all,/home/lmy/iot-device-classification/dataset/light_T1/round2_normal/light_T1_r2.pcapng,191,1911.9797372817995,1916.2911155223849,Light_T1,Light_T1,True
R2,full,raw_all,/home/lmy/iot-device-classification/dataset/light_xm/round2_normal/light_xm_r2.pcapng,169,1692.9942390918732,1699.1229519844055,Light_XM,Light_XM,True
R2,full,raw_all,/home/lmy/iot-device-classification/dataset/light_T1/round2_normal/light_T1_r2.pcapng,284,2845.110908508301,2848.734297513962,Light_T1,Light_T1,True
R2,full,raw_all,/home/lmy/iot-device-classification/dataset/sensor/round2_normal/sensor_r2.pcapng,336,3364.5327231884003,3365.58751487732,Sensor,Sensor,True
R2,full,raw_all,/home/lmy/iot-device-classification/dataset/light_T1/round2_normal/light_T1_r2.pcapng,146,1463.8299567699432,1469.8410980701449,Light_T1,Light_T1,True
R2,full,raw_all,/home/lmy/iot-device-classification/dataset/socket/round2_normal/socket_r2.pcapng,215,2150.416357755661,2154.9733035564423,Socket,Socket,True
R2,full,raw_all,/home/lmy/iot-device-classification/dataset/sensor/round2_normal/sensor_r2.pcapng,318,3180.546797513962,3186.082039356232,Sensor,Sensor,True
R2,full,raw_all,/home/lmy/iot-device-classification/dataset/camera/round2_normal/camera_r2.pcapng,343,3431.75385761261,3437.4202721118927,Camera,Camera,True
R2,full,raw_all,/home/lmy/iot-device-classification/dataset/sensor/round2_normal/sensor_r2.pcapng,161,1610.2226831912994,1614.4625794887545,Sensor,Sensor,True
R2,full,raw_all,/home/lmy/iot-device-classification/dataset/socket/round2_normal/socket_r2.pcapng,326,3260.83743429184,3267.505189180374,Socket,Socket,True
R2,full,raw_all,/home/lmy/iot-device-classification/dataset/light_T1/round2_normal/light_T1_r2.pcapng,126,1262.8010113239288,1268.542811870575,Light_T1,Light_T1,True
R2,full,raw_all,/home/lmy/iot-device-classification/dataset/camera/round2_normal/camera_r2.pcapng,121,1213.4615659713745,1218.5033564567566,Camera,Camera,True
R2,full,raw_all,/home/lmy/iot-device-classification/dataset/light_T1/round2_normal/light_T1_r2.pcapng,75,753.0336911678314,758.4813656806946,Light_T1,Light_T1,True
R2,full,raw_all,/home/lmy/iot-device-classification/dataset/camera/round2_normal/camera_r2.pcapng,100,1003.258527994156,1007.580644607544,Camera,Camera,True
R2,full,raw_all,/home/lmy/iot-device-classification/dataset/socket/round2_normal/socket_r2.pcapng,175,1751.2136981487274,1758.3568890094757,Socket,Socket,True
R2,full,raw_all,/home/lmy/iot-device-classification/dataset/light_xm/round2_normal/light_xm_r2.pcapng,206,2065.5581860542297,2068.1526160240173,Light_XM,Light_XM,True
R2,full,raw_all,/home/lmy/iot-device-classification/dataset/socket/round2_normal/socket_r2.pcapng,271,2710.104652643204,2719.3385078907013,Socket,Socket,True
R2,full,raw_all,/home/lmy/iot-device-classification/dataset/socket/round2_normal/socket_r2.pcapng,250,2502.3262865543365,2507.908822774887,Socket,Socket,True
R2,full,raw_all,/home/lmy/iot-device-classification/dataset/light_T1/round2_normal/light_T1_r2.pcapng,236,2363.83518576622,2365.6972382068634,Light_T1,Light_T1,True
R2,full,raw_all,/home/lmy/iot-device-classification/dataset/light_xm/round2_normal/light_xm_r2.pcapng,276,2760.05424952507,2768.8256039619446,Light_XM,Light_XM,True
R2,full,raw_all,/home/lmy/iot-device-classification/dataset/socket/round2_normal/socket_r2.pcapng,145,1450.8450944423676,1459.5617203712463,Socket,Socket,True
R2,full,raw_all,/home/lmy/iot-device-classification/dataset/camera/round2_normal/camera_r2.pcapng,188,1881.967279672623,1887.0193555355072,Camera,Camera,True
R2,full,raw_all,/home/lmy/iot-device-classification/dataset/light_xm/round2_normal/light_xm_r2.pcapng,60,606.6349542140961,608.9475336074829,Light_XM,Light_XM,True
R2,full,raw_all,/home/lmy/iot-device-classification/dataset/sensor/round2_normal/sensor_r2.pcapng,176,1760.1257247924805,1763.9896116256714,Sensor,Sensor,True
R2,full,raw_all,/home/lmy/iot-device-classification/dataset/light_xm/round2_normal/light_xm_r2.pcapng,356,3565.113913536072,3569.73436498642,Light_XM,Light_XM,True
R2,full,raw_all,/home/lmy/iot-device-classification/dataset/light_xm/round2_normal/light_xm_r2.pcapng,225,2255.5821676254272,2258.5552067756653,Light_XM,Light_XM,True
R2,full,raw_all,/home/lmy/iot-device-classification/dataset/light_T1/round2_normal/light_T1_r2.pcapng,139,1391.549045085907,1399.2477428913116,Light_T1,Light_T1,True
R2,full,raw_all,/home/lmy/iot-device-classification/dataset/socket/round2_normal/socket_r2.pcapng,242,2421.694885969162,2427.3026247024536,Socket,Socket,True
R2,full,raw_all,/home/lmy/iot-device-classification/dataset/light_xm/round2_normal/light_xm_r2.pcapng,80,800.5949609279633,809.9175562858582,Light_XM,Light_XM,True
R2,full,raw_all,/home/lmy/iot-device-classification/dataset/camera/round2_normal/camera_r2.pcapng,257,2571.753851175308,2577.0968708992004,Camera,Camera,True
R2,full,raw_all,/home/lmy/iot-device-classification/dataset/light_T1/round2_normal/light_T1_r2.pcapng,219,2191.189629793167,2196.424071788788,Light_T1,Light_XM,False
R2,full,raw_all,/home/lmy/iot-device-classification/dataset/camera/round2_normal/camera_r2.pcapng,162,1620.3009140491486,1623.8733580112455,Camera,Camera,True
R2,full,raw_all,/home/lmy/iot-device-classification/dataset/socket/round2_normal/socket_r2.pcapng,37,370.4520449638367,379.8019599914551,Socket,Socket,True
R2,full,raw_all,/home/lmy/iot-device-classification/dataset/light_xm/round2_normal/light_xm_r2.pcapng,77,770.0429646968842,778.6776947975159,Light_XM,Light_XM,True
R2,full,raw_all,/home/lmy/iot-device-classification/dataset/light_xm/round2_normal/light_xm_r2.pcapng,250,2503.494690895081,2509.1011323928838,Light_XM,Light_XM,True
R2,full,raw_all,/home/lmy/iot-device-classification/dataset/camera/round2_normal/camera_r2.pcapng,352,3522.4215927124023,3527.394701719284,Camera,Camera,True
R2,full,raw_all,/home/lmy/iot-device-classification/dataset/socket/round2_normal/socket_r2.pcapng,176,1760.4831166267395,1768.15314078331,Socket,Socket,True
R2,full,raw_all,/home/lmy/iot-device-classification/dataset/light_T1/round2_normal/light_T1_r2.pcapng,278,2781.39088010788,2788.338343858719,Light_T1,Light_T1,True
R2,full,raw_all,/home/lmy/iot-device-classification/dataset/camera/round2_normal/camera_r2.pcapng,134,1343.62934756279,1349.353920698166,Camera,Camera,True
R2,full,raw_all,/home/lmy/iot-device-classification/dataset/camera/round2_normal/camera_r2.pcapng,355,3552.545018672943,3557.467763185501,Camera,Camera,True
R2,full,raw_all,/home/lmy/iot-device-classification/dataset/light_xm/round2_normal/light_xm_r2.pcapng,284,2840.345153093338,2849.023754358292,Light_XM,Light_XM,True
R2,full,raw_all,/home/lmy/iot-device-classification/dataset/light_xm/round2_normal/light_xm_r2.pcapng,297,2971.277267217636,2979.260543823242,Light_XM,Light_XM,True
R2,full,raw_all,/home/lmy/iot-device-classification/dataset/socket/round2_normal/socket_r2.pcapng,192,1921.9224660396576,1929.5467319488523,Socket,Socket,True
R2,full,raw_all,/home/lmy/iot-device-classification/dataset/sensor/round2_normal/sensor_r2.pcapng,333,3332.886128425598,3335.557656764984,Sensor,Sensor,True
R2,full,raw_all,/home/lmy/iot-device-classification/dataset/socket/round2_normal/socket_r2.pcapng,98,980.014011144638,988.7452819347382,Socket,Socket,True
R2,full,raw_all,/home/lmy/iot-device-classification/dataset/camera/round2_normal/camera_r2.pcapng,189,1891.9326751232147,1894.2541332244875,Camera,Camera,True
R2,full,raw_all,/home/lmy/iot-device-classification/dataset/sensor/round2_normal/sensor_r2.pcapng,126,1260.6372423171997,1268.6122698783877,Sensor,Sensor,True
R2,full,raw_all,/home/lmy/iot-device-classification/dataset/sensor/round2_normal/sensor_r2.pcapng,256,2564.78773188591,2569.6500787734985,Sensor,Sensor,True
R2,full,raw_all,/home/lmy/iot-device-classification/dataset/light_xm/round2_normal/light_xm_r2.pcapng,68,682.1321589946747,688.060643196106,Light_XM,Light_XM,True
R2,full,raw_all,/home/lmy/iot-device-classification/dataset/sensor/round2_normal/sensor_r2.pcapng,83,833.0527613162994,838.8106882572174,Sensor,Sensor,True
R2,full,raw_all,/home/lmy/iot-device-classification/dataset/light_T1/round2_normal/light_T1_r2.pcapng,203,2031.0168986320496,2034.2758166790009,Light_T1,Light_T1,True
R2,full,raw_all,/home/lmy/iot-device-classification/dataset/socket/round2_normal/socket_r2.pcapng,157,1570.027687072754,1579.9872806072235,Socket,Socket,True
R2,full,raw_all,/home/lmy/iot-device-classification/dataset/camera/round2_normal/camera_r2.pcapng,279,2790.0341873168945,2799.976306915283,Camera,Camera,True
R2,full,raw_all,/home/lmy/iot-device-classification/dataset/light_T1/round2_normal/light_T1_r2.pcapng,275,2752.4600672721863,2758.1367642879486,Light_T1,Light_T1,True
R2,full,raw_all,/home/lmy/iot-device-classification/dataset/light_T1/round2_normal/light_T1_r2.pcapng,274,2741.4325749874115,2749.4781053066254,Light_T1,Light_T1,True
R2,full,raw_all,/home/lmy/iot-device-classification/dataset/socket/round2_normal/socket_r2.pcapng,4,40.24363803863525,47.68596887588501,Socket,Socket,True
R2,full,raw_all,/home/lmy/iot-device-classification/dataset/light_xm/round2_normal/light_xm_r2.pcapng,204,2045.421337127685,2048.1537294387817,Light_XM,Light_XM,True
R2,full,raw_all,/home/lmy/iot-device-classification/dataset/socket/round2_normal/socket_r2.pcapng,281,2811.0184469223022,2819.557632923126,Socket,Socket,True
R2,full,raw_all,/home/lmy/iot-device-classification/dataset/sensor/round2_normal/sensor_r2.pcapng,301,3012.425857067108,3015.2361330986023,Sensor,Sensor,True
R2,full,raw_all,/home/lmy/iot-device-classification/dataset/socket/round2_normal/socket_r2.pcapng,147,1470.4391784667969,1479.5793130397797,Socket,Socket,True
R2,full,raw_all,/home/lmy/iot-device-classification/dataset/light_T1/round2_normal/light_T1_r2.pcapng,245,2454.716394901276,2456.1514925956726,Light_T1,Light_T1,True
R2,full,raw_all,/home/lmy/iot-device-classification/dataset/light_xm/round2_normal/light_xm_r2.pcapng,38,380.9569046497345,386.9925391674042,Light_XM,Light_XM,True
R2,full,raw_all,/home/lmy/iot-device-classification/dataset/socket/round2_normal/socket_r2.pcapng,292,2920.026564359665,2929.058131456375,Socket,Socket,True
R2,full,raw_all,/home/lmy/iot-device-classification/dataset/light_xm/round2_normal/light_xm_r2.pcapng,235,2353.554414749145,2358.7073187828064,Light_XM,Light_XM,True
R2,full,raw_all,/home/lmy/iot-device-classification/dataset/socket/round2_normal/socket_r2.pcapng,24,240.3627758026123,248.1177203655243,Socket,Socket,True
R2,full,raw_all,/home/lmy/iot-device-classification/dataset/light_xm/round2_normal/light_xm_r2.pcapng,46,462.0816683769226,467.1541042327881,Light_XM,Light_XM,True
R2,full,raw_all,/home/lmy/iot-device-classification/dataset/sensor/round2_normal/sensor_r2.pcapng,0,0.0,9.057215690612791,Sensor,Sensor,True
R2,full,raw_all,/home/lmy/iot-device-classification/dataset/light_T1/round2_normal/light_T1_r2.pcapng,47,471.05090618133545,473.5345621109009,Light_T1,Sensor,False
R2,full,raw_all,/home/lmy/iot-device-classification/dataset/light_xm/round2_normal/light_xm_r2.pcapng,7,71.6906168460846,79.16785383224487,Light_XM,Light_T1,False
R2,full,raw_all,/home/lmy/iot-device-classification/dataset/socket/round2_normal/socket_r2.pcapng,88,880.9182274341583,887.6784634590149,Socket,Socket,True
R2,full,raw_all,/home/lmy/iot-device-classification/dataset/socket/round2_normal/socket_r2.pcapng,198,1980.4559299945831,1989.2602014541624,Socket,Socket,True
R2,full,raw_all,/home/lmy/iot-device-classification/dataset/camera/round2_normal/camera_r2.pcapng,166,1660.2747735977173,1669.9465219974518,Camera,Camera,True
R2,full,raw_all,/home/lmy/iot-device-classification/dataset/socket/round2_normal/socket_r2.pcapng,71,710.8184490203857,716.6130142211914,Socket,Socket,True
R2,full,raw_all,/home/lmy/iot-device-classification/dataset/sensor/round2_normal/sensor_r2.pcapng,110,1103.3248331546783,1109.7942914962769,Sensor,Sensor,True
R2,full,raw_all,/home/lmy/iot-device-classification/dataset/camera/round2_normal/camera_r2.pcapng,40,400.0452923774719,406.7347977161408,Camera,Camera,True
R2,full,raw_all,/home/lmy/iot-device-classification/dataset/sensor/round2_normal/sensor_r2.pcapng,193,1934.1597447395325,1939.516689300537,Sensor,Sensor,True
R2,full,raw_all,/home/lmy/iot-device-classification/dataset/light_T1/round2_normal/light_T1_r2.pcapng,152,1520.0437042713163,1529.7322404384613,Light_T1,Light_T1,True
R2,full,raw_all,/home/lmy/iot-device-classification/dataset/light_T1/round2_normal/light_T1_r2.pcapng,15,150.7223150730133,158.23555779457092,Light_T1,Light_T1,True
R2,full,raw_all,/home/lmy/iot-device-classification/dataset/light_T1/round2_normal/light_T1_r2.pcapng,123,1232.6373200416565,1238.2385094165802,Light_T1,Light_T1,True
R2,full,raw_all,/home/lmy/iot-device-classification/dataset/light_xm/round2_normal/light_xm_r2.pcapng,0,0.0,6.163831949234009,Light_XM,Light_XM,True
R2,full,raw_all,/home/lmy/iot-device-classification/dataset/camera/round2_normal/camera_r2.pcapng,315,3150.0371539592743,3155.495683193207,Camera,Camera,True
R2,full,raw_all,/home/lmy/iot-device-classification/dataset/sensor/round2_normal/sensor_r2.pcapng,151,1512.3382449150083,1519.9537744522097,Sensor,Sensor,True
R2,full,raw_all,/home/lmy/iot-device-classification/dataset/socket/round2_normal/socket_r2.pcapng,260,2602.598147392273,2608.9045417308807,Socket,Socket,True
R2,full,raw_all,/home/lmy/iot-device-classification/dataset/light_T1/round2_normal/light_T1_r2.pcapng,9,90.56966304779051,96.4260048866272,Light_T1,Light_XM,False
R2,full,raw_all,/home/lmy/iot-device-classification/dataset/sensor/round2_normal/sensor_r2.pcapng,292,2921.626389980316,2925.147218704224,Sensor,Sensor,True
R2,full,raw_all,/home/lmy/iot-device-classification/dataset/light_T1/round2_normal/light_T1_r2.pcapng,95,953.2564177513124,956.4998462200164,Light_T1,Light_T1,True
R2,full,raw_all,/home/lmy/iot-device-classification/dataset/light_xm/round2_normal/light_xm_r2.pcapng,272,2728.156874895096,2729.6893751621246,Light_XM,Light_XM,True
R2,full,raw_all,/home/lmy/iot-device-classification/dataset/light_T1/round2_normal/light_T1_r2.pcapng,68,681.1357381343842,684.6491792201996,Light_T1,Light_T1,True
R2,full,raw_all,/home/lmy/iot-device-classification/dataset/camera/round2_normal/camera_r2.pcapng,43,430.940012216568,439.91328144073486,Camera,Camera,True
R2,full,raw_all,/home/lmy/iot-device-classification/dataset/light_T1/round2_normal/light_T1_r2.pcapng,325,3250.6495146751404,3259.826645374298,Light_T1,Light_T1,True
R2,full,raw_all,/home/lmy/iot-device-classification/dataset/sensor/round2_normal/sensor_r2.pcapng,24,242.46893787384036,248.8264620304108,Sensor,Sensor,True
R2,full,raw_all,/home/lmy/iot-device-classification/dataset/camera/round2_normal/camera_r2.pcapng,205,2051.867367506027,2058.8393771648407,Camera,Camera,True
R2,full,raw_all,/home/lmy/iot-device-classification/dataset/light_T1/round2_normal/light_T1_r2.pcapng,304,3040.0367937088013,3049.9821257591248,Light_T1,Light_T1,True
R2,full,raw_all,/home/lmy/iot-device-classification/dataset/camera/round2_normal/camera_r2.pcapng,309,3090.337866783142,3095.4699470996857,Camera,Camera,True
R2,full,raw_all,/home/lmy/iot-device-classification/dataset/sensor/round2_normal/sensor_r2.pcapng,117,1170.1366801261902,1173.3963668346405,Sensor,Sensor,True
R2,full,raw_all,/home/lmy/iot-device-classification/dataset/light_xm/round2_normal/light_xm_r2.pcapng,346,3464.270911216736,3469.5969445705414,Light_XM,Light_XM,True
R2,full,raw_all,/home/lmy/iot-device-classification/dataset/light_T1/round2_normal/light_T1_r2.pcapng,228,2284.463119983673,2286.4302372932434,Light_T1,Light_T1,True
R2,full,raw_all,/home/lmy/iot-device-classification/dataset/camera/round2_normal/camera_r2.pcapng,214,2141.307647705078,2148.780843257904,Camera,Camera,True
R2,full,raw_all,/home/lmy/iot-device-classification/dataset/sensor/round2_normal/sensor_r2.pcapng,266,2660.838038444519,2664.8877658843994,Sensor,Sensor,True
R2,full,raw_all,/home/lmy/iot-device-classification/dataset/light_xm/round2_normal/light_xm_r2.pcapng,249,2497.3588874340057,2499.036165714264,Light_XM,Light_XM,True
R2,full,raw_all,/home/lmy/iot-device-classification/dataset/light_T1/round2_normal/light_T1_r2.pcapng,0,0.0,9.272563457489014,Light_T1,Light_T1,True
R2,full,raw_all,/home/lmy/iot-device-classification/dataset/camera/round2_normal/camera_r2.pcapng,217,2172.5081238746643,2179.636049747467,Camera,Camera,True
R2,full,raw_all,/home/lmy/iot-device-classification/dataset/camera/round2_normal/camera_r2.pcapng,50,502.274872303009,504.00798749923706,Camera,Camera,True
R2,full,raw_all,/home/lmy/iot-device-classification/dataset/sensor/round2_normal/sensor_r2.pcapng,306,3062.500036716461,3068.467416524887,Sensor,Sensor,True
R2,full,raw_all,/home/lmy/iot-device-classification/dataset/camera/round2_normal/camera_r2.pcapng,138,1381.6601283550262,1389.6655912399292,Camera,Camera,True
R2,full,raw_all,/home/lmy/iot-device-classification/dataset/camera/round2_normal/camera_r2.pcapng,13,130.84808826446533,135.993878364563,Camera,Camera,True
R2,full,raw_all,/home/lmy/iot-device-classification/dataset/sensor/round2_normal/sensor_r2.pcapng,132,1320.9932844638824,1328.7823741436005,Sensor,Sensor,True
R2,full,raw_all,/home/lmy/iot-device-classification/dataset/sensor/round2_normal/sensor_r2.pcapng,53,532.7516090869904,536.6038436889648,Sensor,Sensor,True
R2,full,raw_all,/home/lmy/iot-device-classification/dataset/light_T1/round2_normal/light_T1_r2.pcapng,144,1443.8262832164764,1449.7091286182404,Light_T1,Light_T1,True
R2,full,raw_all,/home/lmy/iot-device-classification/dataset/light_T1/round2_normal/light_T1_r2.pcapng,125,1251.4944024086,1258.3391325473783,Light_T1,Light_XM,False
R2,full,raw_all,/home/lmy/iot-device-classification/dataset/light_T1/round2_normal/light_T1_r2.pcapng,179,1791.1787354946136,1796.4556925296783,Light_T1,Light_T1,True
R2,full,raw_all,/home/lmy/iot-device-classification/dataset/light_xm/round2_normal/light_xm_r2.pcapng,285,2850.404805421829,2859.0525403022766,Light_XM,Light_XM,True
R2,full,raw_all,/home/lmy/iot-device-classification/dataset/sensor/round2_normal/sensor_r2.pcapng,77,770.6973631381989,777.6934740543365,Sensor,Sensor,True
R2,full,raw_all,/home/lmy/iot-device-classification/dataset/sensor/round2_normal/sensor_r2.pcapng,214,2142.354312419892,2146.498596429825,Sensor,Sensor,True
R2,full,raw_all,/home/lmy/iot-device-classification/dataset/light_T1/round2_normal/light_T1_r2.pcapng,52,520.9685122966766,527.6707057952881,Light_T1,Light_T1,True
R2,full,raw_all,/home/lmy/iot-device-classification/dataset/camera/round2_normal/camera_r2.pcapng,156,1560.561782836914,1569.9748315811155,Camera,Camera,True
R2,full,raw_all,/home/lmy/iot-device-classification/dataset/light_T1/round2_normal/light_T1_r2.pcapng,222,2224.000850439072,2229.9347558021545,Light_T1,Light_XM,False
R2,full,raw_all,/home/lmy/iot-device-classification/dataset/camera/round2_normal/camera_r2.pcapng,243,2432.206829547882,2436.3655891418457,Camera,Camera,True
R2,full,raw_all,/home/lmy/iot-device-classification/dataset/sensor/round2_normal/sensor_r2.pcapng,48,482.700243473053,485.7026402950287,Sensor,Sensor,True
R2,full,raw_all,/home/lmy/iot-device-classification/dataset/camera/round2_normal/camera_r2.pcapng,330,3300.9314148426056,3305.5670008659363,Camera,Camera,True
R2,full,raw_all,/home/lmy/iot-device-classification/dataset/socket/round2_normal/socket_r2.pcapng,307,3070.0028619766235,3079.9178035259247,Socket,Socket,True
R2,full,raw_all,/home/lmy/iot-device-classification/dataset/camera/round2_normal/camera_r2.pcapng,270,2702.3494124412537,2707.954294919968,Camera,Camera,True
R2,full,raw_all,/home/lmy/iot-device-classification/dataset/socket/round2_normal/socket_r2.pcapng,352,3520.043740749359,3529.979449033737,Socket,Socket,True
R2,full,raw_all,/home/lmy/iot-device-classification/dataset/light_xm/round2_normal/light_xm_r2.pcapng,29,293.8183398246765,297.3540380001068,Light_XM,Light_XM,True
R2,full,raw_all,/home/lmy/iot-device-classification/dataset/light_xm/round2_normal/light_xm_r2.pcapng,191,1914.5215456485748,1918.1240890026093,Light_XM,Light_XM,True
R2,full,raw_all,/home/lmy/iot-device-classification/dataset/light_xm/round2_normal/light_xm_r2.pcapng,132,1321.044653892517,1327.4684596061709,Light_XM,Light_XM,True
R2,full,raw_all,/home/lmy/iot-device-classification/dataset/light_xm/round2_normal/light_xm_r2.pcapng,112,1120.0174922943115,1129.977360010147,Light_XM,Light_XM,True
R2,full,raw_all,/home/lmy/iot-device-classification/dataset/socket/round2_normal/socket_r2.pcapng,146,1460.6547937393188,1469.5553369522097,Socket,Socket,True
R2,full,raw_all,/home/lmy/iot-device-classification/dataset/socket/round2_normal/socket_r2.pcapng,301,3010.101311445236,3019.600178718567,Socket,Socket,True
R2,full,raw_all,/home/lmy/iot-device-classification/dataset/camera/round2_normal/camera_r2.pcapng,241,2413.78723359108,2419.9248991012573,Camera,Camera,True
R2,full,raw_all,/home/lmy/iot-device-classification/dataset/light_T1/round2_normal/light_T1_r2.pcapng,141,1413.7933797836304,1419.452496290207,Light_T1,Light_T1,True
R2,full,raw_all,/home/lmy/iot-device-classification/dataset/sensor/round2_normal/sensor_r2.pcapng,18,181.7045476436615,183.71570563316345,Sensor,Sensor,True
R2,full,raw_all,/home/lmy/iot-device-classification/dataset/socket/round2_normal/socket_r2.pcapng,335,3351.4706423282623,3358.919345378876,Socket,Socket,True
R2,full,raw_all,/home/lmy/iot-device-classification/dataset/light_xm/round2_normal/light_xm_r2.pcapng,117,1170.1342606544497,1177.3223295211792,Light_XM,Light_XM,True
R2,full,raw_all,/home/lmy/iot-device-classification/dataset/light_xm/round2_normal/light_xm_r2.pcapng,259,2590.1282818317413,2599.2832584381104,Light_XM,Light_XM,True
R2,full,raw_all,/home/lmy/iot-device-classification/dataset/light_xm/round2_normal/light_xm_r2.pcapng,301,3011.50253200531,3019.3222467899323,Light_XM,Light_XM,True
R2,full,raw_all,/home/lmy/iot-device-classification/dataset/socket/round2_normal/socket_r2.pcapng,169,1690.7010509967804,1697.332614183426,Socket,Socket,True
R2,full,raw_all,/home/lmy/iot-device-classification/dataset/camera/round2_normal/camera_r2.pcapng,58,581.2913000583649,586.1953864097595,Camera,Camera,True
R2,full,raw_all,/home/lmy/iot-device-classification/dataset/sensor/round2_normal/sensor_r2.pcapng,327,3274.033725261688,3275.4954023361206,Sensor,Sensor,True
R2,full,raw_all,/home/lmy/iot-device-classification/dataset/light_xm/round2_normal/light_xm_r2.pcapng,74,745.9873909950256,749.9987094402313,Light_XM,Light_XM,True
R2,full,raw_all,/home/lmy/iot-device-classification/dataset/sensor/round2_normal/sensor_r2.pcapng,113,1133.3565616607666,1139.8936727046969,Sensor,Sensor,True
R2,full,raw_all,/home/lmy/iot-device-classification/dataset/sensor/round2_normal/sensor_r2.pcapng,153,1531.618066072464,1537.523103237152,Sensor,Sensor,True
R2,full,raw_all,/home/lmy/iot-device-classification/dataset/sensor/round2_normal/sensor_r2.pcapng,337,3372.4061958789825,3377.5922858715057,Sensor,Sensor,True
R2,full,raw_all,/home/lmy/iot-device-classification/dataset/light_T1/round2_normal/light_T1_r2.pcapng,116,1161.4818894863129,1167.828493833542,Light_T1,Sensor,False
R2,full,raw_all,/home/lmy/iot-device-classification/dataset/socket/round2_normal/socket_r2.pcapng,346,3460.137317180633,3469.0230679512024,Socket,Socket,True
R2,full,raw_all,/home/lmy/iot-device-classification/dataset/camera/round2_normal/camera_r2.pcapng,4,40.25341510772705,48.8201048374176,Camera,Camera,True
R2,full,raw_all,/home/lmy/iot-device-classification/dataset/light_T1/round2_normal/light_T1_r2.pcapng,3,30.073687314987183,36.424513816833496,Light_T1,Light_T1,True
R2,full,raw_all,/home/lmy/iot-device-classification/dataset/light_T1/round2_normal/light_T1_r2.pcapng,117,1172.1503727436066,1177.8619825839996,Light_T1,Light_T1,True
R2,full,raw_all,/home/lmy/iot-device-classification/dataset/sensor/round2_normal/sensor_r2.pcapng,209,2090.3731367588043,2098.810074329376,Sensor,Sensor,True
R2,full,raw_all,/home/lmy/iot-device-classification/dataset/light_xm/round2_normal/light_xm_r2.pcapng,313,3132.267417192459,3139.5023386478424,Light_XM,Light_XM,True
R2,full,raw_all,/home/lmy/iot-device-classification/dataset/camera/round2_normal/camera_r2.pcapng,64,641.6916179656982,646.6987268924713,Camera,Camera,True
R2,full,raw_all,/home/lmy/iot-device-classification/dataset/socket/round2_normal/socket_r2.pcapng,177,1771.2670557498932,1778.920669078827,Socket,Socket,True
R2,full,raw_all,/home/lmy/iot-device-classification/dataset/sensor/round2_normal/sensor_r2.pcapng,326,3261.2892100811005,3268.8031499385834,Sensor,Sensor,True
R2,full,raw_all,/home/lmy/iot-device-classification/dataset/light_T1/round2_normal/light_T1_r2.pcapng,189,1891.8392748832705,1896.4158809185028,Light_T1,Light_T1,True
R2,full,raw_all,/home/lmy/iot-device-classification/dataset/light_T1/round2_normal/light_T1_r2.pcapng,256,2561.431973695755,2569.2748730182648,Light_T1,Light_T1,True
R2,full,raw_all,/home/lmy/iot-device-classification/dataset/camera/round2_normal/camera_r2.pcapng,105,1051.499022245407,1057.9079685211182,Camera,Camera,True
R2,full,raw_all,/home/lmy/iot-device-classification/dataset/light_T1/round2_normal/light_T1_r2.pcapng,353,3530.006614923477,3535.82256937027,Light_T1,Light_T1,True
R2,full,raw_all,/home/lmy/iot-device-classification/dataset/sensor/round2_normal/sensor_r2.pcapng,62,622.137327671051,628.8106341362,Sensor,Sensor,True
R2,full,raw_all,/home/lmy/iot-device-classification/dataset/light_xm/round2_normal/light_xm_r2.pcapng,239,2392.588686466217,2398.765867471695,Light_XM,Light_T1,False
R2,full,raw_all,/home/lmy/iot-device-classification/dataset/sensor/round2_normal/sensor_r2.pcapng,66,661.9181847572327,666.7921340465546,Sensor,Sensor,True
R2,full,raw_all,/home/lmy/iot-device-classification/dataset/socket/round2_normal/socket_r2.pcapng,8,80.1516661643982,88.05205702781677,Socket,Socket,True
R2,full,raw_all,/home/lmy/iot-device-classification/dataset/light_T1/round2_normal/light_T1_r2.pcapng,62,621.4087979793549,627.5813381671906,Light_T1,Light_T1,True
R2,full,raw_all,/home/lmy/iot-device-classification/dataset/camera/round2_normal/camera_r2.pcapng,71,710.5933027267456,716.2280931472778,Camera,Camera,True
R2,full,raw_all,/home/lmy/iot-device-classification/dataset/light_xm/round2_normal/light_xm_r2.pcapng,165,1653.028013944626,1659.092247247696,Light_XM,Light_XM,True
R2,full,raw_all,/home/lmy/iot-device-classification/dataset/light_xm/round2_normal/light_xm_r2.pcapng,280,2800.1115260124207,2808.8465270996094,Light_XM,Light_XM,True
R2,full,raw_all,/home/lmy/iot-device-classification/dataset/socket/round2_normal/socket_r2.pcapng,19,190.2590570449829,198.05802941322327,Socket,Socket,True
R2,full,raw_all,/home/lmy/iot-device-classification/dataset/socket/round2_normal/socket_r2.pcapng,338,3380.8027789592743,3388.3707530498505,Socket,Socket,True
R2,full,raw_all,/home/lmy/iot-device-classification/dataset/light_T1/round2_normal/light_T1_r2.pcapng,322,3220.448003768921,3229.797524690628,Light_T1,Light_T1,True
R2,full,raw_all,/home/lmy/iot-device-classification/dataset/light_xm/round2_normal/light_xm_r2.pcapng,316,3162.5015094280243,3169.360371828079,Light_XM,Light_XM,True
R2,full,raw_all,/home/lmy/iot-device-classification/dataset/sensor/round2_normal/sensor_r2.pcapng,149,1490.0169944763184,1493.721379995346,Sensor,Sensor,True
R2,full,raw_all,/home/lmy/iot-device-classification/dataset/socket/round2_normal/socket_r2.pcapng,122,1221.3022847175598,1229.8698964118958,Socket,Socket,True
R2,full,raw_all,/home/lmy/iot-device-classification/dataset/light_xm/round2_normal/light_xm_r2.pcapng,256,2560.139673948288,2569.4502985477448,Light_XM,Light_XM,True
R2,full,raw_all,/home/lmy/iot-device-classification/dataset/light_T1/round2_normal/light_T1_r2.pcapng,159,1590.168693304062,1599.999208688736,Light_T1,Light_T1,True
R2,full,raw_all,/home/lmy/iot-device-classification/dataset/camera/round2_normal/camera_r2.pcapng,252,2522.2612977027893,2526.7960543632507,Camera,Camera,True
R2,full,raw_all,/home/lmy/iot-device-classification/dataset/socket/round2_normal/socket_r2.pcapng,60,600.7152976989746,608.0577960014343,Socket,Socket,True
R2,full,raw_all,/home/lmy/iot-device-classification/dataset/sensor/round2_normal/sensor_r2.pcapng,109,1090.132818698883,1099.8487133979795,Sensor,Sensor,True
R2,full,raw_all,/home/lmy/iot-device-classification/dataset/light_xm/round2_normal/light_xm_r2.pcapng,310,3102.062719345093,3109.464015483856,Light_XM,Light_XM,True
R2,full,raw_all,/home/lmy/iot-device-classification/dataset/socket/round2_normal/socket_r2.pcapng,351,3512.627951860428,3514.7772738933563,Socket,Socket,True
R2,full,raw_all,/home/lmy/iot-device-classification/dataset/camera/round2_normal/camera_r2.pcapng,48,481.2099220752716,488.1081237792969,Camera,Camera,True
R2,full,raw_all,/home/lmy/iot-device-classification/dataset/sensor/round2_normal/sensor_r2.pcapng,28,282.5055465698242,289.26185393333435,Sensor,Sensor,True
R2,full,raw_all,/home/lmy/iot-device-classification/dataset/socket/round2_normal/socket_r2.pcapng,268,2682.7557787895203,2688.8778042793274,Socket,Socket,True
R2,full,raw_all,/home/lmy/iot-device-classification/dataset/light_T1/round2_normal/light_T1_r2.pcapng,121,1211.525989294052,1218.3474185466766,Light_T1,Light_T1,True
R2,full,raw_all,/home/lmy/iot-device-classification/dataset/light_xm/round2_normal/light_xm_r2.pcapng,50,506.12729239463806,507.349241733551,Light_XM,Light_XM,True
R2,full,raw_all,/home/lmy/iot-device-classification/dataset/light_T1/round2_normal/light_T1_r2.pcapng,246,2463.6772513389587,2466.431616306305,Light_T1,Light_T1,True
R2,full,raw_all,/home/lmy/iot-device-classification/dataset/sensor/round2_normal/sensor_r2.pcapng,7,72.29636287689209,79.02225518226624,Sensor,Sensor,True
R2,full,raw_all,/home/lmy/iot-device-classification/dataset/sensor/round2_normal/sensor_r2.pcapng,271,2710.3825323581696,2714.938290119171,Sensor,Sensor,True
R2,full,raw_all,/home/lmy/iot-device-classification/dataset/light_T1/round2_normal/light_T1_r2.pcapng,105,1051.3291184902191,1056.9897844791412,Light_T1,Light_T1,True
R2,full,raw_all,/home/lmy/iot-device-classification/dataset/light_T1/round2_normal/light_T1_r2.pcapng,268,2684.9497067928314,2689.3965241909027,Light_T1,Light_T1,True
R2,full,raw_all,/home/lmy/iot-device-classification/dataset/light_T1/round2_normal/light_T1_r2.pcapng,320,3200.296185731888,3209.120926856994,Light_T1,Light_T1,True
R2,full,raw_all,/home/lmy/iot-device-classification/dataset/sensor/round2_normal/sensor_r2.pcapng,170,1700.0012803077698,1703.9293003082275,Sensor,Sensor,True
R2,full,raw_all,/home/lmy/iot-device-classification/dataset/light_T1/round2_normal/light_T1_r2.pcapng,289,2895.159012079239,2899.466734647751,Light_T1,Light_T1,True
R2,full,raw_all,/home/lmy/iot-device-classification/dataset/sensor/round2_normal/sensor_r2.pcapng,265,2650.2724499702454,2659.9978923797607,Sensor,Sensor,True
R2,full,raw_all,/home/lmy/iot-device-classification/dataset/light_T1/round2_normal/light_T1_r2.pcapng,157,1570.0014231204989,1579.8253569602966,Light_T1,Light_T1,True
R2,full,raw_all,/home/lmy/iot-device-classification/dataset/socket/round2_normal/socket_r2.pcapng,2,20.081421852111816,26.95280694961548,Socket,Socket,True
R2,full,raw_all,/home/lmy/iot-device-classification/dataset/light_T1/round2_normal/light_T1_r2.pcapng,88,883.1754846572876,888.0108544826508,Light_T1,Light_XM,False
R2,full,raw_all,/home/lmy/iot-device-classification/dataset/camera/round2_normal/camera_r2.pcapng,213,2130.173230409622,2134.385822534561,Camera,Camera,True
R2,full,raw_all,/home/lmy/iot-device-classification/dataset/socket/round2_normal/socket_r2.pcapng,80,800.9677557945251,807.1384563446045,Socket,Socket,True
R2,full,raw_all,/home/lmy/iot-device-classification/dataset/light_xm/round2_normal/light_xm_r2.pcapng,318,3182.6463646888733,3189.3702223300934,Light_XM,Light_XM,True
R2,full,raw_all,/home/lmy/iot-device-classification/dataset/camera/round2_normal/camera_r2.pcapng,20,200.6659607887268,208.9867458343506,Camera,Camera,True
R2,full,raw_all,/home/lmy/iot-device-classification/dataset/socket/round2_normal/socket_r2.pcapng,259,2592.60577917099,2598.3639030456543,Socket,Socket,True
R2,full,raw_all,/home/lmy/iot-device-classification/dataset/light_xm/round2_normal/light_xm_r2.pcapng,254,2540.883027076721,2549.737514257431,Light_XM,Light_XM,True
R2,full,raw_all,/home/lmy/iot-device-classification/dataset/sensor/round2_normal/sensor_r2.pcapng,213,2132.7354328632355,2138.7967360019684,Sensor,Sensor,True
R2,full,raw_all,/home/lmy/iot-device-classification/dataset/light_xm/round2_normal/light_xm_r2.pcapng,45,455.01666951179504,457.846027135849,Light_XM,Light_XM,True
R2,full,raw_all,/home/lmy/iot-device-classification/dataset/socket/round2_normal/socket_r2.pcapng,194,1941.9817597866056,1949.0201723575592,Socket,Socket,True
R2,full,raw_all,/home/lmy/iot-device-classification/dataset/light_xm/round2_normal/light_xm_r2.pcapng,234,2340.066620826721,2348.937369585037,Light_XM,Light_XM,True
R2,full,raw_all,/home/lmy/iot-device-classification/dataset/camera/round2_normal/camera_r2.pcapng,102,1021.4844996929168,1029.5573756694794,Camera,Camera,True
R2,full,raw_all,/home/lmy/iot-device-classification/dataset/socket/round2_normal/socket_r2.pcapng,263,2630.6819911003117,2638.769551038742,Socket,Socket,True
R2,full,raw_all,/home/lmy/iot-device-classification/dataset/socket/round2_normal/socket_r2.pcapng,89,890.9845218658447,898.1869585514069,Socket,Socket,True
R2,full,raw_all,/home/lmy/iot-device-classification/dataset/camera/round2_normal/camera_r2.pcapng,319,3190.26198887825,3197.227246761322,Camera,Camera,True
R2,full,raw_all,/home/lmy/iot-device-classification/dataset/sensor/round2_normal/sensor_r2.pcapng,228,2284.5077657699585,2287.388148546219,Sensor,Sensor,True
R2,full,raw_all,/home/lmy/iot-device-classification/dataset/camera/round2_normal/camera_r2.pcapng,230,2300.4633750915527,2305.464349269867,Camera,Camera,True
R2,full,raw_all,/home/lmy/iot-device-classification/dataset/camera/round2_normal/camera_r2.pcapng,348,3482.064101219177,3487.0745553970337,Camera,Camera,True
R2,full,raw_all,/home/lmy/iot-device-classification/dataset/light_T1/round2_normal/light_T1_r2.pcapng,350,3501.4078040122986,3506.4935331344604,Light_T1,Light_T1,True
R2,full,raw_all,/home/lmy/iot-device-classification/dataset/camera/round2_normal/camera_r2.pcapng,300,3000.7576143741608,3009.9465091228485,Camera,Camera,True
R2,full,raw_all,/home/lmy/iot-device-classification/dataset/camera/round2_normal/camera_r2.pcapng,201,2011.9934787750244,2014.359626054764,Camera,Camera,True
R2,full,raw_all,/home/lmy/iot-device-classification/dataset/camera/round2_normal/camera_r2.pcapng,161,1610.2463591098783,1613.8636507987976,Camera,Camera,True
R2,full,raw_all,/home/lmy/iot-device-classification/dataset/light_T1/round2_normal/light_T1_r2.pcapng,249,2492.8000898361206,2496.436075925827,Light_T1,Light_T1,True
R2,full,raw_all,/home/lmy/iot-device-classification/dataset/sensor/round2_normal/sensor_r2.pcapng,238,2384.415050268173,2388.091506958008,Sensor,Sensor,True
R2,full,raw_all,/home/lmy/iot-device-classification/dataset/sensor/round2_normal/sensor_r2.pcapng,89,893.1124033927917,898.5028367042542,Sensor,Sensor,True
R2,full,raw_all,/home/lmy/iot-device-classification/dataset/light_T1/round2_normal/light_T1_r2.pcapng,277,2775.038736343384,2779.4161410331726,Light_T1,Light_T1,True
R2,full,raw_all,/home/lmy/iot-device-classification/dataset/light_xm/round2_normal/light_xm_r2.pcapng,42,423.64972043037415,427.09201169013977,Light_XM,Light_XM,True
R2,full,raw_all,/home/lmy/iot-device-classification/dataset/socket/round2_normal/socket_r2.pcapng,317,3170.280893087387,3177.0391886234283,Socket,Socket,True
R2,full,raw_all,/home/lmy/iot-device-classification/dataset/sensor/round2_normal/sensor_r2.pcapng,243,2434.658080816269,2438.48467874527,Sensor,Sensor,True
R2,full,raw_all,/home/lmy/iot-device-classification/dataset/camera/round2_normal/camera_r2.pcapng,212,2121.234741926193,2129.353462457657,Camera,Camera,True
R2,full,raw_all,/home/lmy/iot-device-classification/dataset/socket/round2_normal/socket_r2.pcapng,53,530.1960287094116,539.9909524917603,Socket,Socket,True
R2,full,raw_all,/home/lmy/iot-device-classification/dataset/light_T1/round2_normal/light_T1_r2.pcapng,195,1951.9676113128664,1958.538104057312,Light_T1,Light_T1,True
R2,full,raw_all,/home/lmy/iot-device-classification/dataset/sensor/round2_normal/sensor_r2.pcapng,91,913.1319596767426,919.71413064003,Sensor,Sensor,True
R2,full,raw_all,/home/lmy/iot-device-classification/dataset/camera/round2_normal/camera_r2.pcapng,91,913.3030829429626,916.5554745197296,Camera,Camera,True
R2,full,raw_all,/home/lmy/iot-device-classification/dataset/light_xm/round2_normal/light_xm_r2.pcapng,53,534.1559271812439,538.132848739624,Light_XM,Light_XM,True
R2,full,raw_all,/home/lmy/iot-device-classification/dataset/light_xm/round2_normal/light_xm_r2.pcapng,137,1371.3574945926666,1377.512123584747,Light_XM,Light_XM,True
R2,full,raw_all,/home/lmy/iot-device-classification/dataset/socket/round2_normal/socket_r2.pcapng,261,2612.662986755371,2619.76847076416,Socket,Socket,True
R2,full,raw_all,/home/lmy/iot-device-classification/dataset/camera/round2_normal/camera_r2.pcapng,27,271.09666991233826,279.5830612182617,Camera,Camera,True
R2,full,raw_all,/home/lmy/iot-device-classification/dataset/camera/round2_normal/camera_r2.pcapng,251,2511.3530900478363,2516.819266796112,Camera,Camera,True
R2,full,raw_all,/home/lmy/iot-device-classification/dataset/light_xm/round2_normal/light_xm_r2.pcapng,221,2216.676575899124,2218.4942331314087,Light_XM,Light_XM,True
R2,full,raw_all,/home/lmy/iot-device-classification/dataset/camera/round2_normal/camera_r2.pcapng,236,2360.0239040851598,2369.297689676285,Camera,Camera,True
R2,full,raw_all,/home/lmy/iot-device-classification/dataset/sensor/round2_normal/sensor_r2.pcapng,130,1300.738027095795,1309.95973443985,Sensor,Sensor,True
R2,full,raw_all,/home/lmy/iot-device-classification/dataset/light_xm/round2_normal/light_xm_r2.pcapng,110,1100.255526304245,1109.886829853058,Light_XM,Light_XM,True
R2,full,raw_all,/home/lmy/iot-device-classification/dataset/light_xm/round2_normal/light_xm_r2.pcapng,120,1200.336189508438,1207.3466222286224,Light_XM,Light_XM,True
R2,full,raw_all,/home/lmy/iot-device-classification/dataset/sensor/round2_normal/sensor_r2.pcapng,160,1602.8373262882233,1609.988090276718,Sensor,Sensor,True
R2,full,raw_all,/home/lmy/iot-device-classification/dataset/light_xm/round2_normal/light_xm_r2.pcapng,258,2580.5018174648285,2589.8472402095795,Light_XM,Light_XM,True
R2,full,raw_all,/home/lmy/iot-device-classification/dataset/sensor/round2_normal/sensor_r2.pcapng,210,2104.404913187027,2109.0883095264435,Sensor,Sensor,True
R2,full,raw_all,/home/lmy/iot-device-classification/dataset/camera/round2_normal/camera_r2.pcapng,106,1063.3147015571594,1068.0195701122284,Camera,Camera,True
R2,full,raw_all,/home/lmy/iot-device-classification/dataset/light_xm/round2_normal/light_xm_r2.pcapng,347,3474.5283274650574,3479.63032913208,Light_XM,Light_XM,True
R2,full,raw_all,/home/lmy/iot-device-classification/dataset/light_T1/round2_normal/light_T1_r2.pcapng,270,2704.100862979889,2707.816776752472,Light_T1,Light_XM,False
R2,full,raw_all,/home/lmy/iot-device-classification/dataset/sensor/round2_normal/sensor_r2.pcapng,362,3621.593924283981,3623.7799558639526,Sensor,Sensor,True
R2,full,raw_all,/home/lmy/iot-device-classification/dataset/light_xm/round2_normal/light_xm_r2.pcapng,21,212.03473091125488,219.16821122169492,Light_XM,Light_XM,True
R2,full,raw_all,/home/lmy/iot-device-classification/dataset/sensor/round2_normal/sensor_r2.pcapng,86,863.0827257633209,868.8582112789154,Sensor,Sensor,True
R2,full,raw_all,/home/lmy/iot-device-classification/dataset/light_xm/round2_normal/light_xm_r2.pcapng,102,1021.7672700881958,1029.9953010082245,Light_XM,Light_XM,True
R2,full,raw_all,/home/lmy/iot-device-classification/dataset/camera/round2_normal/camera_r2.pcapng,293,2935.192971229553,2939.464249610901,Camera,Camera,True
R2,full,raw_all,/home/lmy/iot-device-classification/dataset/sensor/round2_normal/sensor_r2.pcapng,174,1743.7359035015106,1748.802767038345,Sensor,Sensor,True
R2,full,raw_all,/home/lmy/iot-device-classification/dataset/socket/round2_normal/socket_r2.pcapng,72,720.4883053302765,728.117005109787,Socket,Socket,True
R2,full,raw_all,/home/lmy/iot-device-classification/dataset/sensor/round2_normal/sensor_r2.pcapng,136,1361.056119680405,1369.7581951618197,Sensor,Sensor,True
R2,full,raw_all,/home/lmy/iot-device-classification/dataset/light_T1/round2_normal/light_T1_r2.pcapng,93,930.5772354602814,936.4689290523528,Light_T1,Light_T1,True
R2,full,raw_all,/home/lmy/iot-device-classification/dataset/light_T1/round2_normal/light_T1_r2.pcapng,100,1003.319257736206,1008.1628654003144,Light_T1,Light_T1,True
R2,full,raw_all,/home/lmy/iot-device-classification/dataset/light_xm/round2_normal/light_xm_r2.pcapng,111,1110.1516931056976,1119.836993932724,Light_XM,Light_XM,True
R2,full,raw_all,/home/lmy/iot-device-classification/dataset/camera/round2_normal/camera_r2.pcapng,190,1902.091634511948,1907.152997970581,Camera,Camera,True
R2,full,raw_all,/home/lmy/iot-device-classification/dataset/sensor/round2_normal/sensor_r2.pcapng,315,3151.9268679618835,3155.379120826721,Sensor,Sensor,True
R2,full,raw_all,/home/lmy/iot-device-classification/dataset/light_xm/round2_normal/light_xm_r2.pcapng,293,2931.011352777481,2939.193069219589,Light_XM,Light_XM,True
R2,full,raw_all,/home/lmy/iot-device-classification/dataset/light_T1/round2_normal/light_T1_r2.pcapng,85,851.4628553390503,858.0419578552246,Light_T1,Light_T1,True
R2,full,raw_all,/home/lmy/iot-device-classification/dataset/sensor/round2_normal/sensor_r2.pcapng,105,1053.2732281684875,1059.5503900051117,Sensor,Sensor,True
R2,full,raw_all,/home/lmy/iot-device-classification/dataset/camera/round2_normal/camera_r2.pcapng,308,3080.4923326969147,3085.540355920792,Camera,Camera,True
R2,full,raw_all,/home/lmy/iot-device-classification/dataset/socket/round2_normal/socket_r2.pcapng,167,1670.543006181717,1679.5412249565125,Socket,Socket,True
R2,full,raw_all,/home/lmy/iot-device-classification/dataset/socket/round2_normal/socket_r2.pcapng,114,1141.2394366264343,1149.3360002040863,Socket,Socket,True
R2,full,raw_all,/home/lmy/iot-device-classification/dataset/sensor/round2_normal/sensor_r2.pcapng,31,312.5336563587189,319.76023054122925,Sensor,Sensor,True
R2,full,raw_all,/home/lmy/iot-device-classification/dataset/sensor/round2_normal/sensor_r2.pcapng,284,2840.957471609116,2847.71910071373,Sensor,Sensor,True
R2,full,raw_all,/home/lmy/iot-device-classification/dataset/socket/round2_normal/socket_r2.pcapng,319,3190.052129983902,3197.710912466049,Socket,Socket,True
R2,full,raw_all,/home/lmy/iot-device-classification/dataset/light_xm/round2_normal/light_xm_r2.pcapng,246,2464.323947906494,2469.3591306209564,Light_XM,Light_XM,True
R2,full,raw_all,/home/lmy/iot-device-classification/dataset/socket/round2_normal/socket_r2.pcapng,323,3230.68310546875,3238.0812397003174,Socket,Socket,True
R2,full,raw_all,/home/lmy/iot-device-classification/dataset/light_T1/round2_normal/light_T1_r2.pcapng,263,2631.660370111465,2637.338238954544,Light_T1,Light_T1,True
R2,full,raw_all,/home/lmy/iot-device-classification/dataset/light_xm/round2_normal/light_xm_r2.pcapng,182,1824.0241646766665,1828.0725650787356,Light_XM,Light_XM,True
R2,full,raw_all,/home/lmy/iot-device-classification/dataset/camera/round2_normal/camera_r2.pcapng,160,1600.163945198059,1609.7679147720337,Camera,Camera,True
R2,full,raw_all,/home/lmy/iot-device-classification/dataset/sensor/round2_normal/sensor_r2.pcapng,157,1572.7381262779236,1579.9917652606964,Sensor,Sensor,True
R2,full,raw_all,/home/lmy/iot-device-classification/dataset/sensor/round2_normal/sensor_r2.pcapng,131,1311.0935571193695,1313.537050485611,Sensor,Sensor,True
R2,full,raw_all,/home/lmy/iot-device-classification/dataset/light_T1/round2_normal/light_T1_r2.pcapng,312,3120.375426530838,3129.8632411956787,Light_T1,Light_T1,True
R2,full,raw_all,/home/lmy/iot-device-classification/dataset/light_T1/round2_normal/light_T1_r2.pcapng,169,1690.522656917572,1698.6494929790497,Light_T1,Light_XM,False
R2,full,raw_all,/home/lmy/iot-device-classification/dataset/socket/round2_normal/socket_r2.pcapng,214,2140.254076719284,2145.154515504837,Socket,Socket,True
R2,full,raw_all,/home/lmy/iot-device-classification/dataset/camera/round2_normal/camera_r2.pcapng,174,1741.0855920314789,1746.105386018753,Camera,Camera,True
R2,full,raw_all,/home/lmy/iot-device-classification/dataset/sensor/round2_normal/sensor_r2.pcapng,148,1481.6983976364136,1489.8796973228457,Sensor,Sensor,True
R2,full,raw_all,/home/lmy/iot-device-classification/dataset/socket/round2_normal/socket_r2.pcapng,360,3600.423567771912,3605.147183418274,Socket,Socket,True
R2,full,raw_all,/home/lmy/iot-device-classification/dataset/sensor/round2_normal/sensor_r2.pcapng,165,1653.23739027977,1658.322996854782,Sensor,Sensor,True
R2,full,raw_all,/home/lmy/iot-device-classification/dataset/socket/round2_normal/socket_r2.pcapng,36,360.4571034908295,369.1096470355988,Socket,Socket,True
R2,full,raw_all,/home/lmy/iot-device-classification/dataset/light_T1/round2_normal/light_T1_r2.pcapng,38,382.47854924201965,389.9168665409088,Light_T1,Light_T1,True
R2,full,raw_all,/home/lmy/iot-device-classification/dataset/light_T1/round2_normal/light_T1_r2.pcapng,307,3070.084319114685,3079.778233289718,Light_T1,Light_T1,True
R2,full,raw_all,/home/lmy/iot-device-classification/dataset/socket/round2_normal/socket_r2.pcapng,309,3090.036992549896,3099.9446954727173,Socket,Socket,True
