,1102,1103,1108
AMCRESTWiFiCamera|AmazonAlexaEchoDot1,0.8919698076454834,0.9802386169953737,0.9725771604938271
AMCRESTWiFiCamera|AmazonAlexaEchoDot2,0.8794464735005275,0.9698514730947163,0.9709396433470507
AMCRESTWiFiCamera|AmazonAlexaEchoSpot,0.849218407596786,0.9563590617644673,0.9590843621399177
AMCRESTWiFiCamera|AmazonAlexaEchoStudio,0.8490593295998701,0.9674750426101778,0.9737242798353909
AMCRESTWiFiCamera|AmazonPlug,0.8855969482996511,0.9998117035954874,0.9923765432098766
AMCRESTWiFiCamera|ArloBaseStation,0.9134664394123855,0.9865205746286828,0.9796844993141289
AMCRESTWiFiCamera|ArloQCamera,0.9503579254930606,0.9743916889862836,0.9340157750342937
AMCRESTWiFiCamera|AtomiCoffeeMaker,0.9080236993750509,0.9999999999999999,1.0
AMCRESTWiFiCamera|BorunSichuanAICamera,0.9002678354029705,0.9914195276357438,0.9846502057613169
AMCRESTWiFiCamera|DCS8000LHA1DLinkMiniCamera,0.9098496265782511,0.9968764261447188,0.997555139409072
AMCRESTWiFiCamera|EufyHomeBase2,0.8878191705218733,0.9936628520412305,0.9925600137174211
AMCRESTWiFiCamera|GlobeLampESPB1680C,0.9316224332440548,1.0,0.9999691358024692
AMCRESTWiFiCamera|GoogleNestMini,0.9928285041798555,0.9963671779887997,0.9966358024691357
AMCRESTWiFiCamera|GosundESP032979Plug,0.9329437545653763,1.0,0.9992112482853224
AMCRESTWiFiCamera|GosundESP039AAFSocket,0.9236263290317344,1.0,0.9998422496570645
AMCRESTWiFiCamera|GosundESP0C3994Plug,0.9196948299651004,1.0,1.0
AMCRESTWiFiCamera|GosundESP10ACD8Plug,0.9222985147309471,1.0,0.9986042524005486
AMCRESTWiFiCamera|GosundESP147FF9Plug,0.917130103076049,1.0,0.9999382716049383
AMCRESTWiFiCamera|GosundESP1ACEE1Socket,0.9180521061602143,1.0,0.999238683127572
AMCRESTWiFiCamera|HeimVisionSmartLifeRadioLamp,0.9080886291697101,1.0,1.0
AMCRESTWiFiCamera|HeimVisionSmartWiFiCamera,0.9866666666666667,1.0,1.0
AMCRESTWiFiCamera|HomeEyeCamera,0.9386510835159484,0.9927992857722587,0.9525445816186557
AMCRESTWiFiCamera|LuoheCamDog,0.8854557259962667,0.9783085788491194,0.985241769547325
AMCRESTWiFiCamera|NestIndoorCamera,0.9643470497524551,0.9867965262559858,0.8494513031550068
AMCRESTWiFiCamera|NetatmoCamera,0.9893807320834348,0.9810794578362148,0.9198936899862825
AMCRESTWiFiCamera|NetatmoWeatherStation,0.991802613424235,0.9981283986689392,0.9970421810699588
AMCRESTWiFiCamera|PhilipsHueBridge,0.8826702378053728,0.9690414739063389,0.9706893004115227
AMCRESTWiFiCamera|RingBaseStationAC1236,0.9798392987582176,0.9973151529908287,0.997318244170096
AMCRESTWiFiCamera|SIMCAM1SAMPAKTec,0.9983929875821768,0.9999610421232042,0.9909087791495199
AMCRESTWiFiCamera|SonosOneSpeaker,0.8814219625030435,0.9633763493222952,0.9768861454046639
AMCRESTWiFiCamera|TeckinPlug1,0.9080853826799773,0.9999902605308011,1.0
AMCRESTWiFiCamera|TeckinPlug2,0.9080691502313124,1.0,1.0
AMCRESTWiFiCamera|YutronPlug1,0.9071114357600845,0.9999935070205341,1.0
AMCRESTWiFiCamera|YutronPlug2,0.9077996915834755,1.0,1.0
AMCRESTWiFiCamera|iRobotRoomba,0.8098677055433812,0.9626069312555798,0.9515329218106997
AmazonAlexaEchoDot1|AmazonAlexaEchoDot2,0.48326921516110705,0.5158152747341936,0.4596810699588478
AmazonAlexaEchoDot1|AmazonAlexaEchoSpot,0.7027221816411006,0.7267884100316533,0.7353034979423869
AmazonAlexaEchoDot1|AmazonAlexaEchoStudio,0.7380521061602141,0.7400860319779239,0.7530847050754458
AmazonAlexaEchoDot1|AmazonPlug,0.9929713497281065,0.9915493872250629,0.9754766803840877
AmazonAlexaEchoDot1|ArloBaseStation,0.9941887833779725,0.9808408408408409,0.9839180384087791
AmazonAlexaEchoDot1|ArloQCamera,0.955846116386657,0.9728349971593215,0.8778960905349794
AmazonAlexaEchoDot1|AtomiCoffeeMaker,0.9998863728593458,1.0,0.9999074074074074
AmazonAlexaEchoDot1|BorunSichuanAICamera,0.9927895463030598,0.9896680464248031,0.9934876543209877
AmazonAlexaEchoDot1|DCS8000LHA1DLinkMiniCamera,0.9986000870759235,0.9950577218869902,0.9944097655708143
AmazonAlexaEchoDot1|EufyHomeBase2,0.9843632822011201,0.9806298190081973,0.9846776406035664
AmazonAlexaEchoDot1|GlobeLampESPB1680C,1.0,0.9999870140410682,0.9997393689986283
AmazonAlexaEchoDot1|GoogleNestMini,0.9985488190893596,0.9970132294456618,0.9982167352537723
AmazonAlexaEchoDot1|GosundESP032979Plug,0.9994708221735249,1.0,0.9995336076817558
AmazonAlexaEchoDot1|GosundESP039AAFSocket,0.9998766333901469,0.9999220842464086,0.9997187928669411
AmazonAlexaEchoDot1|GosundESP0C3994Plug,0.9995260124989855,1.0,0.9994821673525377
AmazonAlexaEchoDot1|GosundESP10ACD8Plug,0.9999902605308011,1.0,0.9994375857338821
AmazonAlexaEchoDot1|GosundESP147FF9Plug,0.9994967940913887,0.9999837675513351,0.9998662551440329
AmazonAlexaEchoDot1|GosundESP1ACEE1Socket,0.9999870140410682,1.0,0.9995884773662552
AmazonAlexaEchoDot1|HeimVisionSmartLifeRadioLamp,0.9998766333901469,0.9998181965749533,0.9997427983539093
AmazonAlexaEchoDot1|HeimVisionSmartWiFiCamera,0.9996461326191055,0.9996948299651003,0.9998559670781894
AmazonAlexaEchoDot1|HomeEyeCamera,0.9914211508806103,0.9924681438194952,0.9531001371742113
AmazonAlexaEchoDot1|LuoheCamDog,0.9766869572274977,0.9807807807807808,0.9826868998628259
AmazonAlexaEchoDot1|NestIndoorCamera,0.9509098287476666,0.9885009333657983,0.9999965706447188
AmazonAlexaEchoDot1|NetatmoCamera,0.9915542569596623,0.9809788166544924,0.9294564471879287
AmazonAlexaEchoDot1|NetatmoWeatherStation,0.9960522684847009,0.9904812921029137,0.9977503429355281
AmazonAlexaEchoDot1|PhilipsHueBridge,0.9779271163054947,0.9403749695641588,0.9367403978052127
AmazonAlexaEchoDot1|RingBaseStationAC1236,0.9337034331628928,0.965609934258583,0.9952434842249658
AmazonAlexaEchoDot1|SIMCAM1SAMPAKTec,0.9998993588182777,0.9999058517977437,0.9945576131687243
AmazonAlexaEchoDot1|SonosOneSpeaker,0.8719178638097558,0.8708887265644023,0.8673765432098766
AmazonAlexaEchoDot1|TeckinPlug1,0.9992565538511484,0.9999058517977436,0.9997290809327847
AmazonAlexaEchoDot1|TeckinPlug2,0.9996428861293727,0.9999350702053403,0.9992146776406036
AmazonAlexaEchoDot1|YutronPlug1,0.9993864134404675,0.9999123447772096,0.9995850480109739
AmazonAlexaEchoDot1|YutronPlug2,0.9998798798798799,0.9997435273110948,0.9997153635116598
AmazonAlexaEchoDot1|iRobotRoomba,0.9432140248356464,0.9388604821037254,0.9283247599451303
AmazonAlexaEchoDot2|AmazonAlexaEchoSpot,0.707801314828342,0.6969353136920704,0.742175925925926
AmazonAlexaEchoDot2|AmazonAlexaEchoStudio,0.7416199983767551,0.7039233828423017,0.7192609739368999
AmazonAlexaEchoDot2|AmazonPlug,0.9907539972404837,0.9918805291778265,0.9638648834019203
AmazonAlexaEchoDot2|ArloBaseStation,0.9930103076049022,0.9741335930525119,0.9823199588477367
AmazonAlexaEchoDot2|ArloQCamera,0.9519243567892216,0.9681665449233017,0.8748165294924555
AmazonAlexaEchoDot2|AtomiCoffeeMaker,0.9996169142115088,0.9999610421232042,0.9997050754458161
AmazonAlexaEchoDot2|BorunSichuanAICamera,0.989367746124503,0.9971138706273841,0.9940089163237311
AmazonAlexaEchoDot2|DCS8000LHA1DLinkMiniCamera,0.9982383870859708,0.9951726585872928,0.9929151061173533
AmazonAlexaEchoDot2|EufyHomeBase2,0.9804074344614886,0.9802532261991721,0.9857887517146776
AmazonAlexaEchoDot2|GlobeLampESPB1680C,0.9996883369856343,0.9999837675513351,0.9978840877914952
AmazonAlexaEchoDot2|GoogleNestMini,0.9975261748234722,0.9920006492979466,0.9993484224965706
AmazonAlexaEchoDot2|GosundESP032979Plug,0.9988247707166626,0.9999902605308011,0.9974211248285322
AmazonAlexaEchoDot2|GosundESP039AAFSocket,0.9995747098449801,0.9971755539323106,0.9980486968449931
AmazonAlexaEchoDot2|GosundESP0C3994Plug,0.9995162730297866,0.9999740280821362,0.9977263374485597
AmazonAlexaEchoDot2|GosundESP10ACD8Plug,0.9984027270513758,0.9999935070205341,0.9975445816186557
AmazonAlexaEchoDot2|GosundESP147FF9Plug,0.999327976625274,0.9991461732002271,0.9981035665294924
AmazonAlexaEchoDot2|GosundESP1ACEE1Socket,0.9997045694342992,0.999987014041068,0.9976371742112483
AmazonAlexaEchoDot2|HeimVisionSmartLifeRadioLamp,0.9997694992289586,0.9994578362145929,0.9993758573388204
AmazonAlexaEchoDot2|HeimVisionSmartWiFiCamera,0.9992792792792793,0.9990292995698402,0.9998799725651577
AmazonAlexaEchoDot2|HomeEyeCamera,0.994386819251684,0.98921191461732,0.953161865569273
AmazonAlexaEchoDot2|LuoheCamDog,0.9663923382842301,0.980462624786949,0.9833573388203017
AmazonAlexaEchoDot2|NestIndoorCamera,0.9534615696777858,0.9885431377323268,1.0
AmazonAlexaEchoDot2|NetatmoCamera,0.9872623975326679,0.9816151286421557,0.9357836076817561
AmazonAlexaEchoDot2|NetatmoWeatherStation,0.9978573167762357,0.9973557341124908,0.9979218106995884
AmazonAlexaEchoDot2|PhilipsHueBridge,0.972770067364662,0.9406314422530639,0.9412551440329219
AmazonAlexaEchoDot2|RingBaseStationAC1236,0.9500008116224332,0.96169629088548,0.9966015089163237
AmazonAlexaEchoDot2|SIMCAM1SAMPAKTec,0.9999253307361415,0.9999610421232042,0.9910733882030178
AmazonAlexaEchoDot2|SonosOneSpeaker,0.8537472607742878,0.8477769661553446,0.8625462962962962
AmazonAlexaEchoDot2|TeckinPlug1,0.9994253713172632,0.9999480561642723,0.9996467764060357
AmazonAlexaEchoDot2|TeckinPlug2,0.9994448502556611,0.9999058517977437,0.9994170096021948
AmazonAlexaEchoDot2|YutronPlug1,0.9994123853583313,0.9997370343316289,0.9994684499314129
AmazonAlexaEchoDot2|YutronPlug2,0.9996688580472365,0.9997597597597597,0.9994753086419752
AmazonAlexaEchoDot2|iRobotRoomba,0.9110104699293887,0.916438600762925,0.9195833333333334
AmazonAlexaEchoSpot|AmazonAlexaEchoStudio,0.728742796850905,0.7203928252576901,0.778650548696845
AmazonAlexaEchoSpot|AmazonPlug,0.9415177339501664,0.9424786949111273,0.9771124828532236
AmazonAlexaEchoSpot|ArloBaseStation,0.9675984092200308,0.9234558883207531,0.9478995198902607
AmazonAlexaEchoSpot|ArloQCamera,0.9459978897816734,0.9544598652706761,0.863101851851852
AmazonAlexaEchoSpot|AtomiCoffeeMaker,0.9996396396396396,0.999977274571869,0.9829766803840879
AmazonAlexaEchoSpot|BorunSichuanAICamera,0.9938803668533399,0.9887687687687687,0.9795267489711933
AmazonAlexaEchoSpot|DCS8000LHA1DLinkMiniCamera,0.9969255500854014,0.9923060020620996,0.9866070190040227
AmazonAlexaEchoSpot|EufyHomeBase2,0.9814024835646458,0.9687866244623001,0.9737157064471879
AmazonAlexaEchoSpot|GlobeLampESPB1680C,0.9997110624137651,1.0,0.9961556927297667
AmazonAlexaEchoSpot|GoogleNestMini,0.9966820874928983,0.9895820144468794,0.97690329218107
AmazonAlexaEchoSpot|GosundESP032979Plug,0.9991461732002272,1.0,0.994869684499314
AmazonAlexaEchoSpot|GosundESP039AAFSocket,0.9987533479425371,0.99972729486243,0.9971604938271604
AmazonAlexaEchoSpot|GosundESP0C3994Plug,0.9999058517977437,0.9998474149825503,0.9954972565157751
AmazonAlexaEchoSpot|GosundESP10ACD8Plug,0.9996753510267024,0.9999902605308011,0.9983950617283951
AmazonAlexaEchoSpot|GosundESP147FF9Plug,0.9982761139517896,0.9970262154045938,0.9976200274348422
AmazonAlexaEchoSpot|GosundESP1ACEE1Socket,0.9999220842464085,0.9999675351026703,0.9982510288065843
AmazonAlexaEchoSpot|HeimVisionSmartLifeRadioLamp,0.9993734274815356,0.9996526255985716,0.9810356652949246
AmazonAlexaEchoSpot|HeimVisionSmartWiFiCamera,0.9999220842464086,0.999876633390147,0.9833710562414264
AmazonAlexaEchoSpot|HomeEyeCamera,0.9924194464735006,0.9872770067364662,0.9526320301783264
AmazonAlexaEchoSpot|LuoheCamDog,0.9827708789870951,0.9688142196250306,0.9888923182441702
AmazonAlexaEchoSpot|NestIndoorCamera,0.928314260206152,0.9777388199009821,0.9204938271604938
AmazonAlexaEchoSpot|NetatmoCamera,0.9882590698806916,0.9787614641668695,0.9403909465020577
AmazonAlexaEchoSpot|NetatmoWeatherStation,0.9988864540215892,0.9988604821037252,0.9997170781893004
AmazonAlexaEchoSpot|PhilipsHueBridge,0.955433812190569,0.9278792305819333,0.9181310013717421
AmazonAlexaEchoSpot|RingBaseStationAC1236,0.9324080837594352,0.9539745150555962,0.9932887517146776
AmazonAlexaEchoSpot|SIMCAM1SAMPAKTec,0.9990552714877039,0.9995714633552472,0.9922462277091907
AmazonAlexaEchoSpot|SonosOneSpeaker,0.8914828341855369,0.8748478207937668,0.9045541838134431
AmazonAlexaEchoSpot|TeckinPlug1,0.9989513838162487,0.9997922246570895,0.9951543209876543
AmazonAlexaEchoSpot|TeckinPlug2,0.9979904228552878,0.9998181965749533,0.9880486968449931
AmazonAlexaEchoSpot|YutronPlug1,0.9993474555636718,0.9992305819332847,0.9918038408779151
AmazonAlexaEchoSpot|YutronPlug2,0.9980488596704813,0.9995130265400535,0.9974519890260631
AmazonAlexaEchoSpot|iRobotRoomba,0.9475659443227011,0.9487070854638422,0.9723285322359397
AmazonAlexaEchoStudio|AmazonPlug,0.975287720152585,0.9850531612693776,0.960346364883402
AmazonAlexaEchoStudio|ArloBaseStation,0.9667023780537294,0.9233016800584368,0.9655864197530865
AmazonAlexaEchoStudio|ArloQCamera,0.9469442415388362,0.9549630711792874,0.8687379972565158
AmazonAlexaEchoStudio|AtomiCoffeeMaker,0.9997792386981575,0.9943835727619511,0.9999588477366255
AmazonAlexaEchoStudio|BorunSichuanAICamera,0.985270676081487,0.9802970538105674,0.9904629629629631
AmazonAlexaEchoStudio|DCS8000LHA1DLinkMiniCamera,0.9985799926320373,0.9904230684718489,0.9952524622000277
AmazonAlexaEchoStudio|EufyHomeBase2,0.9788312636961286,0.9719308497686877,0.971008230452675
AmazonAlexaEchoStudio|GlobeLampESPB1680C,0.9996883369856343,0.9960652544436329,0.9983813443072702
AmazonAlexaEchoStudio|GoogleNestMini,0.9972664556448341,0.9892606119633147,0.9962688614540466
AmazonAlexaEchoStudio|GosundESP032979Plug,0.9977047317587858,0.9957990422855287,0.9993621399176955
AmazonAlexaEchoStudio|GosundESP039AAFSocket,0.9998149500852204,0.9960133106079053,0.9993347050754458
AmazonAlexaEchoStudio|GosundESP0C3994Plug,0.9979774368963558,0.9962275789302816,0.9994753086419753
AmazonAlexaEchoStudio|GosundESP10ACD8Plug,0.9999772745718691,0.9945718691664638,0.9989300411522634
AmazonAlexaEchoStudio|GosundESP147FF9Plug,0.9986656927197468,0.9960133106079052,0.9998045267489712
AmazonAlexaEchoStudio|GosundESP1ACEE1Socket,0.9999740280821362,0.996039282525769,0.9994170096021948
AmazonAlexaEchoStudio|HeimVisionSmartLifeRadioLamp,0.9998636474312149,0.9929486242999758,0.9999039780521262
AmazonAlexaEchoStudio|HeimVisionSmartWiFiCamera,0.9984806428049672,0.9933414495576657,0.9999519890260631
AmazonAlexaEchoStudio|HomeEyeCamera,0.9905705705705705,0.988653518383248,0.9555812757201646
AmazonAlexaEchoStudio|LuoheCamDog,0.967236425614804,0.9636750263777291,0.9787774348422498
AmazonAlexaEchoStudio|NestIndoorCamera,0.9926012498985471,0.9832610989367747,0.921457475994513
AmazonAlexaEchoStudio|NetatmoCamera,0.9880772664556448,0.9817482347212076,0.9237414266117969
AmazonAlexaEchoStudio|NetatmoWeatherStation,0.9986803019235452,0.9966755945134324,0.9970833333333333
AmazonAlexaEchoStudio|PhilipsHueBridge,0.961616751887022,0.9339469198928657,0.9467644032921811
AmazonAlexaEchoStudio|RingBaseStationAC1236,0.952490869247626,0.954925736547358,0.9959499314128943
AmazonAlexaEchoStudio|SIMCAM1SAMPAKTec,0.9994123853583312,0.9988702215729242,0.9942198216735253
AmazonAlexaEchoStudio|SonosOneSpeaker,0.8758396234071909,0.8443421800178557,0.8671999314128944
AmazonAlexaEchoStudio|TeckinPlug1,0.9986689392094797,0.9944809674539404,0.9998868312757201
AmazonAlexaEchoStudio|TeckinPlug2,0.9992175959743528,0.9945134323512703,0.9994684499314129
AmazonAlexaEchoStudio|YutronPlug1,0.9994838081324567,0.9942309877445014,0.9997222222222222
AmazonAlexaEchoStudio|YutronPlug2,0.999327976625274,0.9943965587208831,0.9999211248285322
AmazonAlexaEchoStudio|iRobotRoomba,0.962464085707329,0.8986072559045533,0.9238117283950618
AmazonPlug|ArloBaseStation,0.9941335930525119,0.9867705543381219,0.9483504801097393
AmazonPlug|ArloQCamera,0.9784043502962423,0.9934291047804561,0.9843741426611797
AmazonPlug|AtomiCoffeeMaker,1.0,1.0,0.9981858710562415
AmazonPlug|BorunSichuanAICamera,0.9999902605308011,0.9999935070205341,0.995826474622771
AmazonPlug|DCS8000LHA1DLinkMiniCamera,0.9981479620884826,0.9976201342055001,0.9888507421278957
AmazonPlug|EufyHomeBase2,0.9981787192598004,0.9989254118983848,0.9826508916323731
AmazonPlug|GlobeLampESPB1680C,1.0,1.0,0.9999965706447188
AmazonPlug|GoogleNestMini,1.0,1.0,1.0
AmazonPlug|GosundESP032979Plug,1.0,1.0,0.9999759945130315
AmazonPlug|GosundESP039AAFSocket,1.0,1.0,1.0
AmazonPlug|GosundESP0C3994Plug,1.0,1.0,0.9999931412894375
AmazonPlug|GosundESP10ACD8Plug,1.0,1.0,0.9999965706447188
AmazonPlug|GosundESP147FF9Plug,1.0,1.0,1.0
AmazonPlug|GosundESP1ACEE1Socket,1.0,1.0,1.0
AmazonPlug|HeimVisionSmartLifeRadioLamp,1.0,0.9999837675513351,0.998148148148148
AmazonPlug|HeimVisionSmartWiFiCamera,1.0,1.0,1.0
AmazonPlug|HomeEyeCamera,0.9999902605308011,0.9977923869815762,0.9936316872427984
AmazonPlug|LuoheCamDog,0.999461082704326,0.9960165570976381,0.9775240054869684
AmazonPlug|NestIndoorCamera,0.9736709682655629,0.9893709926142359,0.8963786008230452
AmazonPlug|NetatmoCamera,0.9926369612856099,0.9891534778021264,0.9178395061728396
AmazonPlug|NetatmoWeatherStation,1.0,1.0,0.9999931412894376
AmazonPlug|PhilipsHueBridge,0.8808473338203067,0.8797402808213619,0.8663271604938272
AmazonPlug|RingBaseStationAC1236,0.9891047804561318,0.9963103644184725,0.9863511659807955
AmazonPlug|SIMCAM1SAMPAKTec,0.9983507832156481,0.998354029705381,0.9981481481481481
AmazonPlug|SonosOneSpeaker,0.9014982550117685,0.912294456618781,0.951747256515775
AmazonPlug|TeckinPlug1,1.0,1.0,1.0
AmazonPlug|TeckinPlug2,1.0,0.9999837675513351,0.999934842249657
AmazonPlug|YutronPlug1,1.0,1.0,0.9984362139917695
AmazonPlug|YutronPlug2,1.0,1.0,0.9977160493827161
AmazonPlug|iRobotRoomba,0.9964710656602549,0.994256959662365,0.9872393689986282
ArloBaseStation|ArloQCamera,0.6629916402889375,0.7236798961123285,0.5263854595336077
ArloBaseStation|AtomiCoffeeMaker,1.0,0.9999610421232041,1.0
ArloBaseStation|BorunSichuanAICamera,0.9999837675513351,0.999441603765928,0.9925960219478739
ArloBaseStation|DCS8000LHA1DLinkMiniCamera,1.0,0.997931139394554,0.9966673602441393
ArloBaseStation|EufyHomeBase2,0.9958071585098612,0.9586608229851474,0.997383401920439
ArloBaseStation|GlobeLampESPB1680C,1.0,1.0,0.9999965706447188
ArloBaseStation|GoogleNestMini,0.999993507020534,0.9969353136920704,0.9980555555555555
ArloBaseStation|GosundESP032979Plug,0.999987014041068,1.0,0.999818244170096
ArloBaseStation|GosundESP039AAFSocket,0.9999902605308011,1.0,0.9999794238683127
ArloBaseStation|GosundESP0C3994Plug,0.9999967535102671,1.0,0.9999828532235939
ArloBaseStation|GosundESP10ACD8Plug,0.9999870140410682,1.0,0.9959533607681756
ArloBaseStation|GosundESP147FF9Plug,0.9999642886129373,0.9999967535102671,0.9999965706447188
ArloBaseStation|GosundESP1ACEE1Socket,0.9999967535102671,1.0,0.999965706447188
ArloBaseStation|HeimVisionSmartLifeRadioLamp,1.0,0.999737034331629,1.0
ArloBaseStation|HeimVisionSmartWiFiCamera,1.0,0.9995844493141791,1.0
ArloBaseStation|HomeEyeCamera,0.999045532018505,0.9994448502556611,0.9900651577503429
ArloBaseStation|LuoheCamDog,0.9905202499797094,0.9654638422205989,0.9750823045267488
ArloBaseStation|NestIndoorCamera,1.0,0.9742423504585668,0.9913065843621399
ArloBaseStation|NetatmoCamera,0.9920298677055432,0.9521824527229933,0.9306944444444444
ArloBaseStation|NetatmoWeatherStation,0.9971317263209155,0.9979238698157618,0.9896570644718792
ArloBaseStation|PhilipsHueBridge,0.9528122717311907,0.9143868192516842,0.9252657750342935
ArloBaseStation|RingBaseStationAC1236,0.9800600600600601,0.9637756675594514,0.9911042524005488
ArloBaseStation|SIMCAM1SAMPAKTec,0.9982144306468631,0.9982436490544598,0.9926423182441703
ArloBaseStation|SonosOneSpeaker,0.9373865757649541,0.8835078321564808,0.9260253772290808
ArloBaseStation|TeckinPlug1,1.0,0.9992078565051539,1.0
ArloBaseStation|TeckinPlug2,0.9999902605308011,0.9991981170359548,0.9999931412894376
ArloBaseStation|YutronPlug1,1.0,0.9991396802207613,1.0
ArloBaseStation|YutronPlug2,1.0,0.9995325054784513,0.9999897119341564
ArloBaseStation|iRobotRoomba,0.9726596867137407,0.9396688580472364,0.9557664609053498
ArloQCamera|AtomiCoffeeMaker,0.9585682980277572,0.9783783783783784,0.9721844993141289
ArloQCamera|BorunSichuanAICamera,0.9597630062494927,0.9781592403214026,0.9079355281207132
ArloQCamera|DCS8000LHA1DLinkMiniCamera,0.9585686057805016,0.9767692645741426,0.9941288666944098
ArloQCamera|EufyHomeBase2,0.9557113870627384,0.9764840516191867,0.9739060356652949
ArloQCamera|GlobeLampESPB1680C,0.9603603603603603,0.9783783783783784,0.9741323731138545
ArloQCamera|GoogleNestMini,0.9586754321889457,0.978417336255174,0.9309807956104252
ArloQCamera|GosundESP032979Plug,0.9603506208911615,0.9783783783783784,0.9698388203017833
ArloQCamera|GosundESP039AAFSocket,0.9603506208911615,0.9783783783783784,0.9866700960219479
ArloQCamera|GosundESP0C3994Plug,0.9603571138706274,0.9783783783783784,0.9735699588477366
ArloQCamera|GosundESP10ACD8Plug,0.9603538673808943,0.9783783783783784,0.943676268861454
ArloQCamera|GosundESP147FF9Plug,0.9603538673808943,0.9783783783783784,0.9753703703703703
ArloQCamera|GosundESP1ACEE1Socket,0.9603538673808943,0.9783783783783784,0.9697462277091906
ArloQCamera|HeimVisionSmartLifeRadioLamp,0.9585812839866894,0.9783783783783786,0.9758573388203019
ArloQCamera|HeimVisionSmartWiFiCamera,0.9585747910072234,0.9783783783783784,0.9649588477366255
ArloQCamera|HomeEyeCamera,0.9586786786786786,0.9783588994399804,0.8815912208504803
ArloQCamera|LuoheCamDog,0.9410697183670156,0.971263696128561,0.9444307270233196
ArloQCamera|NestIndoorCamera,0.9534713091469847,0.9783783783783784,0.9434602194787378
ArloQCamera|NetatmoCamera,0.9604642480318156,0.9841019397776154,0.9304595336076817
ArloQCamera|NetatmoWeatherStation,0.9663696128560993,0.9763168573979385,0.884477023319616
ArloQCamera|PhilipsHueBridge,0.9039006574141709,0.9024105186267349,0.8217232510288066
ArloQCamera|RingBaseStationAC1236,0.9352455157860562,0.9620566512458405,0.9861899862825789
ArloQCamera|SIMCAM1SAMPAKTec,0.9785553120688256,0.9802207613018423,0.9874314128943759
ArloQCamera|SonosOneSpeaker,0.9144387630874117,0.9397143089034982,0.9493741426611798
ArloQCamera|TeckinPlug1,0.9585812839866893,0.9783783783783784,0.9759190672153636
ArloQCamera|TeckinPlug2,0.9585747910072234,0.9783783783783784,0.9759019204389575
ArloQCamera|YutronPlug1,0.9585715445174905,0.9783783783783784,0.9759122085048012
ArloQCamera|YutronPlug2,0.9585715445174905,0.9783783783783784,0.9870267489711935
ArloQCamera|iRobotRoomba,0.9408830452073695,0.9594107621134648,0.8889403292181068
AtomiCoffeeMaker|BorunSichuanAICamera,0.9999740280821362,0.9999967535102671,0.9923593964334705
AtomiCoffeeMaker|DCS8000LHA1DLinkMiniCamera,1.0,0.9943714821763602,1.0
AtomiCoffeeMaker|EufyHomeBase2,0.9996980764548333,1.0,1.0
AtomiCoffeeMaker|GlobeLampESPB1680C,1.0,1.0,0.9979869684499315
AtomiCoffeeMaker|GoogleNestMini,0.9999513026540053,0.9995357519681844,0.9999931412894375
AtomiCoffeeMaker|GosundESP032979Plug,0.990724778832887,0.9981495008522036,0.9883504801097394
AtomiCoffeeMaker|GosundESP039AAFSocket,0.994602710818927,0.9999285772258745,0.9979492455418382
AtomiCoffeeMaker|GosundESP0C3994Plug,0.9963963963963964,0.9999870140410682,0.9962928669410152
AtomiCoffeeMaker|GosundESP10ACD8Plug,0.9962535508481455,0.9981852122392664,0.9903669410150892
AtomiCoffeeMaker|GosundESP147FF9Plug,0.9929551172794415,0.9994578362145929,0.9944101508916324
AtomiCoffeeMaker|GosundESP1ACEE1Socket,0.9963834104374646,0.9998733869004139,0.9868175582990397
AtomiCoffeeMaker|HeimVisionSmartLifeRadioLamp,0.5816816816816817,0.5832237643048453,0.6216409465020576
AtomiCoffeeMaker|HeimVisionSmartWiFiCamera,0.9887476665855043,0.9999870140410682,0.9990877914951989
AtomiCoffeeMaker|HomeEyeCamera,0.9945945945945946,0.9927927927927928,0.9537037037037037
AtomiCoffeeMaker|LuoheCamDog,1.0,1.0,1.0
AtomiCoffeeMaker|NestIndoorCamera,0.9943056570083597,0.9837091145199254,0.8185253772290809
AtomiCoffeeMaker|NetatmoCamera,0.9979758136514892,0.9964012661309959,0.993491083676269
AtomiCoffeeMaker|NetatmoWeatherStation,1.0,1.0,0.9997633744855967
AtomiCoffeeMaker|PhilipsHueBridge,0.9999513026540053,0.9909747585423261,0.9999862825788752
AtomiCoffeeMaker|RingBaseStationAC1236,1.0,0.9999058517977437,1.0
AtomiCoffeeMaker|SIMCAM1SAMPAKTec,1.0,1.0,0.9981481481481481
AtomiCoffeeMaker|SonosOneSpeaker,0.9999480561642724,0.9981722262803344,0.9999725651577502
AtomiCoffeeMaker|TeckinPlug1,0.8871487703920138,0.917266455644834,0.9711179698216734
AtomiCoffeeMaker|TeckinPlug2,0.9474263452641831,0.9767129291453617,0.9892592592592593
AtomiCoffeeMaker|YutronPlug1,0.9132895057219382,0.9264150637123612,0.9727126200274347
AtomiCoffeeMaker|YutronPlug2,0.8936969401834266,0.9106241376511647,0.9750651577503429
AtomiCoffeeMaker|iRobotRoomba,0.9981981981981983,0.9963963963963963,1.0
BorunSichuanAICamera|DCS8000LHA1DLinkMiniCamera,1.0,0.998113685918564,0.9923325010403662
BorunSichuanAICamera|EufyHomeBase2,0.9998376755133512,0.9998198198198198,0.9945987654320988
BorunSichuanAICamera|GlobeLampESPB1680C,1.0,0.9999805210616022,0.9991117969821675
BorunSichuanAICamera|GoogleNestMini,0.9986656927197467,0.9923983442902362,0.9990569272976679
BorunSichuanAICamera|GosundESP032979Plug,0.9966496225955686,1.0,0.9946193415637861
BorunSichuanAICamera|GosundESP039AAFSocket,0.9982274166057951,0.9985715445174904,0.990363511659808
BorunSichuanAICamera|GosundESP0C3994Plug,1.0,1.0,0.9907818930041152
BorunSichuanAICamera|GosundESP10ACD8Plug,0.999993507020534,1.0,0.9965363511659808
BorunSichuanAICamera|GosundESP147FF9Plug,0.9959743527311095,0.9981332684035387,1.0
BorunSichuanAICamera|GosundESP1ACEE1Socket,0.9999805210616022,1.0,0.9888271604938271
BorunSichuanAICamera|HeimVisionSmartLifeRadioLamp,0.9999350702053406,0.9997922246570895,0.9999759945130317
BorunSichuanAICamera|HeimVisionSmartWiFiCamera,0.9965652138625112,0.9999707815924032,0.9907475994513032
BorunSichuanAICamera|HomeEyeCamera,0.9945816086356627,0.9927927927927928,0.9875582990397805
BorunSichuanAICamera|LuoheCamDog,0.9996591185780376,0.9994123853583313,0.9973216735253772
BorunSichuanAICamera|NestIndoorCamera,0.9451473094716338,0.9871893515136759,0.8120816186556927
BorunSichuanAICamera|NetatmoCamera,0.9917798879961042,0.986747828909991,0.9438717421124828
BorunSichuanAICamera|NetatmoWeatherStation,1.0,0.9999188377566756,1.0
BorunSichuanAICamera|PhilipsHueBridge,0.9994773151529908,0.9967957146335524,0.9876165980795609
BorunSichuanAICamera|RingBaseStationAC1236,0.9999707815924033,0.9978410843275708,0.9975102880658436
BorunSichuanAICamera|SIMCAM1SAMPAKTec,0.999987014041068,0.9999350702053404,0.9851714677640603
BorunSichuanAICamera|SonosOneSpeaker,0.9988767145523904,0.9940832724616508,0.9895953360768176
BorunSichuanAICamera|TeckinPlug1,0.9999123447772096,0.9997078159240321,0.9999725651577503
BorunSichuanAICamera|TeckinPlug2,0.9999318237156075,1.0,0.9999451303155007
BorunSichuanAICamera|YutronPlug1,0.9999805210616022,0.9997272948624301,0.9999314128943759
BorunSichuanAICamera|YutronPlug2,0.9999480561642724,0.9999675351026702,0.9999828532235939
BorunSichuanAICamera|iRobotRoomba,0.9979839298758217,0.99487866244623,0.9976680384087792
DCS8000LHA1DLinkMiniCamera|EufyHomeBase2,1.0,0.9973970217872656,0.9972950478568456
DCS8000LHA1DLinkMiniCamera|GlobeLampESPB1680C,1.0,0.9943681016851749,0.997191011235955
DCS8000LHA1DLinkMiniCamera|GoogleNestMini,1.0,0.9963085036255768,0.9966708281315022
DCS8000LHA1DLinkMiniCamera|GosundESP032979Plug,1.0,0.9943714821763602,0.9978256346233874
DCS8000LHA1DLinkMiniCamera|GosundESP039AAFSocket,1.0,0.9943714821763602,0.9978048272992093
DCS8000LHA1DLinkMiniCamera|GosundESP0C3994Plug,1.0,0.9944627554383652,0.996435011790817
DCS8000LHA1DLinkMiniCamera|GosundESP10ACD8Plug,1.0,0.9943917651234724,0.9976591760299627
DCS8000LHA1DLinkMiniCamera|GosundESP147FF9Plug,1.0,0.9943714821763602,0.996802607851297
DCS8000LHA1DLinkMiniCamera|GosundESP1ACEE1Socket,1.0,0.9943681016851749,0.9978429740602025
DCS8000LHA1DLinkMiniCamera|HeimVisionSmartLifeRadioLamp,1.0,0.9943647211939894,0.9999791926758219
DCS8000LHA1DLinkMiniCamera|HeimVisionSmartWiFiCamera,1.0,0.999989858526444,0.9999722569010959
DCS8000LHA1DLinkMiniCamera|HomeEyeCamera,1.0,1.0,0.9940907199334166
DCS8000LHA1DLinkMiniCamera|LuoheCamDog,1.0,0.9954126734614538,0.9959945900957137
DCS8000LHA1DLinkMiniCamera|NestIndoorCamera,0.9928011654777453,0.9892500380305258,0.9833281315022888
DCS8000LHA1DLinkMiniCamera|NetatmoCamera,0.9981998727351887,0.9959501715599276,0.9785545845470939
DCS8000LHA1DLinkMiniCamera|NetatmoWeatherStation,1.0,0.9999628145969609,0.9996809543626023
DCS8000LHA1DLinkMiniCamera|PhilipsHueBridge,1.0,0.9977790172912124,0.9966812317935912
DCS8000LHA1DLinkMiniCamera|RingBaseStationAC1236,0.9945242640409927,0.9926558828997853,0.9979712858926342
DCS8000LHA1DLinkMiniCamera|SIMCAM1SAMPAKTec,0.9981613583844068,0.9962611767489816,0.9963587182688306
DCS8000LHA1DLinkMiniCamera|SonosOneSpeaker,0.9876151244180984,0.990947044605581,0.992502427521154
DCS8000LHA1DLinkMiniCamera|TeckinPlug1,1.0,0.9925865828304853,0.9980683867387987
DCS8000LHA1DLinkMiniCamera|TeckinPlug2,1.0,0.9943444382468772,0.9980857261756139
DCS8000LHA1DLinkMiniCamera|YutronPlug1,1.0,0.9925899633216707,0.9980787904008879
DCS8000LHA1DLinkMiniCamera|YutronPlug2,1.0,0.9944357115088821,0.9980441115272576
DCS8000LHA1DLinkMiniCamera|iRobotRoomba,0.9981211694966343,0.9954194344438246,0.9958003884033847
EufyHomeBase2|GlobeLampESPB1680C,1.0,1.0,1.0
EufyHomeBase2|GoogleNestMini,0.999993507020534,0.9999480561642724,0.9981481481481481
EufyHomeBase2|GosundESP032979Plug,0.9999837675513351,1.0,0.9998799725651578
EufyHomeBase2|GosundESP039AAFSocket,1.0,1.0,0.9999622770919067
EufyHomeBase2|GosundESP0C3994Plug,1.0,1.0,0.9999382716049382
EufyHomeBase2|GosundESP10ACD8Plug,0.9999448096745395,1.0,0.9994581618655692
EufyHomeBase2|GosundESP147FF9Plug,0.9990065741417092,1.0,0.9999554183813443
EufyHomeBase2|GosundESP1ACEE1Socket,1.0,1.0,0.9998422496570645
EufyHomeBase2|HeimVisionSmartLifeRadioLamp,0.9981430078727375,0.9998506614722831,0.9999897119341564
EufyHomeBase2|HeimVisionSmartWiFiCamera,0.9999837675513351,0.9993442090739388,1.0
EufyHomeBase2|HomeEyeCamera,0.9972015258501745,0.9928252576901225,0.9458367626886146
EufyHomeBase2|LuoheCamDog,0.9899991883775667,0.9870562454346239,0.9925600137174211
EufyHomeBase2|NestIndoorCamera,0.9972372372372372,0.9841279116954794,0.9913888888888889
EufyHomeBase2|NetatmoCamera,0.9927895463030598,0.9851278305332358,0.9827640603566529
EufyHomeBase2|NetatmoWeatherStation,0.9985309633958283,0.9980797013229445,0.9977486282578876
EufyHomeBase2|PhilipsHueBridge,0.9894797500202905,0.9799983767551336,0.9870096021947874
EufyHomeBase2|RingBaseStationAC1236,0.9772810648486325,0.9800860319779238,0.9945610425240055
EufyHomeBase2|SIMCAM1SAMPAKTec,0.9998279360441523,0.9999740280821361,0.9930041152263375
EufyHomeBase2|SonosOneSpeaker,0.9799139680220761,0.9674442009577143,0.953196159122085
EufyHomeBase2|TeckinPlug1,0.9997078159240321,0.9999870140410682,1.0
EufyHomeBase2|TeckinPlug2,0.9999870140410682,1.0,0.9999897119341563
EufyHomeBase2|YutronPlug1,0.9999902605308011,0.999993507020534,1.0
EufyHomeBase2|YutronPlug2,0.9999967535102671,0.9999837675513351,0.9999485596707819
EufyHomeBase2|iRobotRoomba,0.9745377810242677,0.9675497118740363,0.9793055555555557
GlobeLampESPB1680C|GoogleNestMini,1.0,1.0,0.9996947873799726
GlobeLampESPB1680C|GosundESP032979Plug,0.7634542650758867,0.7847642236831426,0.8043655692729768
GlobeLampESPB1680C|GosundESP039AAFSocket,1.0,0.0018018018018018018,0.25441700960219477
GlobeLampESPB1680C|GosundESP0C3994Plug,0.8087168249330412,0.8717669020371724,0.5546159122085047
GlobeLampESPB1680C|GosundESP10ACD8Plug,0.9790179368557748,0.9922473825176528,0.2108161865569273
GlobeLampESPB1680C|GosundESP147FF9Plug,0.9350344939534129,0.8997224251278305,0.9687722908093279
GlobeLampESPB1680C|GosundESP1ACEE1Socket,0.8929664799935071,0.9963704244785326,0.9071262002743483
GlobeLampESPB1680C|HeimVisionSmartLifeRadioLamp,1.0,0.9981981981981982,0.9971467764060357
GlobeLampESPB1680C|HeimVisionSmartWiFiCamera,0.999993507020534,1.0,0.9960665294924554
GlobeLampESPB1680C|HomeEyeCamera,1.0,0.9945945945945946,0.966604938271605
GlobeLampESPB1680C|LuoheCamDog,1.0,1.0,1.0
GlobeLampESPB1680C|NestIndoorCamera,1.0,0.9907669831994156,0.9975754458161865
GlobeLampESPB1680C|NetatmoCamera,0.9981998214430647,0.9981105429754078,0.9722599451303154
GlobeLampESPB1680C|NetatmoWeatherStation,1.0,1.0,0.9981995884773663
GlobeLampESPB1680C|PhilipsHueBridge,1.0,0.9999902605308011,0.9995781893004116
GlobeLampESPB1680C|RingBaseStationAC1236,1.0,0.999996753510267,1.0
GlobeLampESPB1680C|SIMCAM1SAMPAKTec,1.0,1.0,0.9980864197530864
GlobeLampESPB1680C|SonosOneSpeaker,1.0,0.9981819657495333,0.9998731138545952
GlobeLampESPB1680C|TeckinPlug1,0.9981981981981982,0.9963931499066635,0.9978909465020576
GlobeLampESPB1680C|TeckinPlug2,1.0,0.9999837675513351,0.9965020576131686
GlobeLampESPB1680C|YutronPlug1,1.0,0.9981917052187324,0.9984122085048011
GlobeLampESPB1680C|YutronPlug2,1.0,0.999987014041068,0.9945816186556927
GlobeLampESPB1680C|iRobotRoomba,0.9981981981981981,0.9963963963963964,0.9999862825788751
GoogleNestMini|GosundESP032979Plug,0.9999123447772096,1.0,0.9990054869684499
GoogleNestMini|GosundESP039AAFSocket,0.9999902605308011,1.0,1.0
GoogleNestMini|GosundESP0C3994Plug,1.0,1.0,0.9987962962962963
GoogleNestMini|GosundESP10ACD8Plug,1.0,1.0,0.9979492455418381
GoogleNestMini|GosundESP147FF9Plug,0.9990909828747667,1.0,1.0
GoogleNestMini|GosundESP1ACEE1Socket,1.0,1.0,1.0
GoogleNestMini|HeimVisionSmartLifeRadioLamp,0.9999123447772096,0.9996331466601738,0.9999965706447189
GoogleNestMini|HeimVisionSmartWiFiCamera,0.9909195682168654,0.9988507426345264,0.9998319615912209
GoogleNestMini|HomeEyeCamera,0.9946432919405893,0.9925720314909504,0.9534550754458161
GoogleNestMini|LuoheCamDog,1.0,1.0,1.0
GoogleNestMini|NestIndoorCamera,0.9927960392825258,0.9852187322457593,0.7568964334705075
GoogleNestMini|NetatmoCamera,0.9945783621459298,0.9888077266455645,0.9331584362139917
GoogleNestMini|NetatmoWeatherStation,1.0,1.0,1.0
GoogleNestMini|PhilipsHueBridge,0.9999513026540053,0.9944420095771446,0.9830521262002745
GoogleNestMini|RingBaseStationAC1236,0.9963931499066634,0.9980326272218163,0.9999725651577503
GoogleNestMini|SIMCAM1SAMPAKTec,0.9999448096745395,0.9992598003408814,0.9935065157750342
GoogleNestMini|SonosOneSpeaker,0.9997922246570895,0.9863322782241702,0.9980521262002744
GoogleNestMini|TeckinPlug1,0.9996169142115088,0.999321483645808,0.9995747599451302
GoogleNestMini|TeckinPlug2,0.9998441684928171,0.9957373589806022,0.9998731138545953
GoogleNestMini|YutronPlug1,0.9999090982874766,0.9979449719990261,0.999852537722908
GoogleNestMini|YutronPlug2,0.9999285772258745,0.9988312636961285,0.9998593964334705
GoogleNestMini|iRobotRoomba,0.9982663744825907,0.9963931499066634,0.9962997256515775
GosundESP032979Plug|GosundESP039AAFSocket,0.9906890674458241,0.012706760814868923,0.4343278463648834
GosundESP032979Plug|GosundESP0C3994Plug,0.8482947812677544,0.13320347374401428,0.9924348422496572
GosundESP032979Plug|GosundESP10ACD8Plug,0.9875756837919001,0.14347212076941812,0.8915552126200273
GosundESP032979Plug|GosundESP147FF9Plug,0.9592078565051538,0.1117311906501095,0.9716186556927298
GosundESP032979Plug|GosundESP1ACEE1Socket,0.061975489002516045,0.8619592565538512,0.11089163237311386
GosundESP032979Plug|HeimVisionSmartLifeRadioLamp,0.9883353623894164,0.998097557016476,0.9870473251028808
GosundESP032979Plug|HeimVisionSmartWiFiCamera,0.9957016475935394,1.0,0.9549691358024691
GosundESP032979Plug|HomeEyeCamera,1.0,0.9963963963963964,0.9925788751714677
GosundESP032979Plug|LuoheCamDog,1.0,1.0,0.9997427983539093
GosundESP032979Plug|NestIndoorCamera,0.9984449314179045,0.9909228147065985,0.997798353909465
GosundESP032979Plug|NetatmoCamera,0.9958347536725916,0.9981722262803344,0.9587311385459534
GosundESP032979Plug|NetatmoWeatherStation,0.9996948299651003,1.0,0.9979355281207132
GosundESP032979Plug|PhilipsHueBridge,0.99972729486243,0.9996266536807078,0.9975891632373114
GosundESP032979Plug|RingBaseStationAC1236,1.0,1.0,0.9999074074074075
GosundESP032979Plug|SIMCAM1SAMPAKTec,0.9982793604415225,1.0,0.9977503429355281
GosundESP032979Plug|SonosOneSpeaker,0.9999285772258746,0.9981981981981982,0.9983676268861454
GosundESP032979Plug|TeckinPlug1,0.987319211102995,0.9958120282444606,0.988641975308642
GosundESP032979Plug|TeckinPlug2,0.9886372859345832,0.9981722262803343,0.9870679012345679
GosundESP032979Plug|YutronPlug1,0.9903936368801235,0.995617238860482,0.9913031550068587
GosundESP032979Plug|YutronPlug2,0.9882379676974271,0.998097557016476,0.9876440329218108
GosundESP032979Plug|iRobotRoomba,0.9981981981981982,0.9963963963963964,0.9978840877914952
GosundESP039AAFSocket|GosundESP0C3994Plug,1.0,0.8215209804398993,0.12921810699588476
GosundESP039AAFSocket|GosundESP10ACD8Plug,0.9721029137245354,0.47330898466033605,0.7615192043895748
GosundESP039AAFSocket|GosundESP147FF9Plug,0.8778021264507752,0.17039201363525694,0.04828189300411519
GosundESP039AAFSocket|GosundESP1ACEE1Socket,0.6360425290155021,0.0,0.8295541838134429
GosundESP039AAFSocket|HeimVisionSmartLifeRadioLamp,0.9945945945945946,0.9969840110380651,0.9890020576131688
GosundESP039AAFSocket|HeimVisionSmartWiFiCamera,0.9998279360441522,1.0,0.9443792866941015
GosundESP039AAFSocket|HomeEyeCamera,0.9981787192598004,0.9927927927927928,0.985181755829904
GosundESP039AAFSocket|LuoheCamDog,1.0,1.0,1.0
GosundESP039AAFSocket|NestIndoorCamera,1.0,0.9873614154695236,0.9981481481481481
GosundESP039AAFSocket|NetatmoCamera,0.9966398831263698,0.9981981981981982,0.9754149519890261
GosundESP039AAFSocket|NetatmoWeatherStation,1.0,1.0,0.9999965706447188
GosundESP039AAFSocket|PhilipsHueBridge,0.9999318237156075,1.0,0.999965706447188
GosundESP039AAFSocket|RingBaseStationAC1236,1.0,0.9988961934907881,1.0
GosundESP039AAFSocket|SIMCAM1SAMPAKTec,1.0,1.0,0.9996399176954733
GosundESP039AAFSocket|SonosOneSpeaker,1.0,0.9981462543624705,0.9999485596707818
GosundESP039AAFSocket|TeckinPlug1,0.9928122717311907,0.9963704244785326,0.9979903978052126
GosundESP039AAFSocket|TeckinPlug2,0.9946432919405893,0.9996428861293727,0.9920336076817557
GosundESP039AAFSocket|YutronPlug1,0.9945945945945946,0.9972924275626979,0.9978395061728396
GosundESP039AAFSocket|YutronPlug2,0.9943640938235534,0.9983735086437789,0.9960185185185185
GosundESP039AAFSocket|iRobotRoomba,0.9981981981981982,0.9963963963963964,0.9997325102880659
GosundESP0C3994Plug|GosundESP10ACD8Plug,0.9961366772177583,0.050168005843681515,0.9753600823045268
GosundESP0C3994Plug|GosundESP147FF9Plug,0.9493774855937018,0.001994967940913887,0.432849794238683
GosundESP0C3994Plug|GosundESP1ACEE1Socket,0.8385747910072234,0.3823975326678029,0.9926783264746227
GosundESP0C3994Plug|HeimVisionSmartLifeRadioLamp,0.9953575196818439,0.9979449719990261,0.994355281207133
GosundESP0C3994Plug|HeimVisionSmartWiFiCamera,0.9993864134404675,0.9999675351026702,0.9974965706447189
GosundESP0C3994Plug|HomeEyeCamera,0.9999805210616022,0.9945945945945946,0.9555384087791495
GosundESP0C3994Plug|LuoheCamDog,0.9999999999999999,1.0,1.0
GosundESP0C3994Plug|NestIndoorCamera,0.996597678759841,0.9856083110137165,0.9885356652949245
GosundESP0C3994Plug|NetatmoCamera,0.998078078078078,0.9981787192598003,0.93789780521262
GosundESP0C3994Plug|NetatmoWeatherStation,1.0,0.9999999999999999,0.999389574759945
GosundESP0C3994Plug|PhilipsHueBridge,0.9999967535102671,1.0,0.9980384087791495
GosundESP0C3994Plug|RingBaseStationAC1236,1.0,1.0,0.9999862825788751
GosundESP0C3994Plug|SIMCAM1SAMPAKTec,1.0,1.0,0.9981241426611797
GosundESP0C3994Plug|SonosOneSpeaker,1.0,0.9981981981981983,0.9997290809327847
GosundESP0C3994Plug|TeckinPlug1,0.9941530719909099,0.9975943511078645,0.995661865569273
GosundESP0C3994Plug|TeckinPlug2,0.9958639720801885,0.9999253307361415,0.990826474622771
GosundESP0C3994Plug|YutronPlug1,0.9962827692557423,0.9963379595812029,0.9939437585733883
GosundESP0C3994Plug|YutronPlug2,0.9952633714795877,0.9997467738008278,0.9933436213991769
GosundESP0C3994Plug|iRobotRoomba,0.9981981981981981,0.9963963963963963,0.999420438957476
GosundESP10ACD8Plug|GosundESP147FF9Plug,0.1505527148770392,0.6862300137975813,0.9228155006858711
GosundESP10ACD8Plug|GosundESP1ACEE1Socket,0.9526012498985472,0.4025192760327896,0.977451989026063
GosundESP10ACD8Plug|HeimVisionSmartLifeRadioLamp,0.9963444525606688,0.9981722262803343,0.9831584362139917
GosundESP10ACD8Plug|HeimVisionSmartWiFiCamera,0.9984741498255012,1.0,0.9907613168724281
GosundESP10ACD8Plug|HomeEyeCamera,1.0,0.9927927927927928,0.9925137174211248
GosundESP10ACD8Plug|LuoheCamDog,1.0,1.0,0.9999211248285322
GosundESP10ACD8Plug|NestIndoorCamera,0.9999837675513351,0.9855823390958526,0.9987139917695473
GosundESP10ACD8Plug|NetatmoCamera,0.9974839704569435,0.9966983199415632,0.9620473251028805
GosundESP10ACD8Plug|NetatmoWeatherStation,1.0,1.0,0.9963374485596708
GosundESP10ACD8Plug|PhilipsHueBridge,0.9999740280821361,0.9999837675513351,0.9975891632373113
GosundESP10ACD8Plug|RingBaseStationAC1236,1.0,1.0,1.0
GosundESP10ACD8Plug|SIMCAM1SAMPAKTec,1.0,1.0,0.996159122085048
GosundESP10ACD8Plug|SonosOneSpeaker,0.9999935070205341,0.9981981981981982,0.99940329218107
GosundESP10ACD8Plug|TeckinPlug1,0.9945881016151287,0.9960490219949679,0.9891872427983539
GosundESP10ACD8Plug|TeckinPlug2,0.9963963963963964,0.999737034331629,0.9813168724279836
GosundESP10ACD8Plug|YutronPlug1,0.9963834104374646,0.9975878581283987,0.9848731138545954
GosundESP10ACD8Plug|YutronPlug2,0.9963606850093337,0.9999415631848064,0.9874039780521261
GosundESP10ACD8Plug|iRobotRoomba,0.9981981981981983,0.9963963963963964,0.9979732510288066
GosundESP147FF9Plug|GosundESP1ACEE1Socket,0.728729810891973,0.0,0.9973799725651578
GosundESP147FF9Plug|HeimVisionSmartLifeRadioLamp,0.991802613424235,0.992370749127506,0.9925857338820301
GosundESP147FF9Plug|HeimVisionSmartWiFiCamera,0.9981267754240728,0.9998279360441523,0.998988340192044
GosundESP147FF9Plug|HomeEyeCamera,1.0,0.9945945945945946,0.9907407407407407
GosundESP147FF9Plug|LuoheCamDog,1.0,1.0,1.0
GosundESP147FF9Plug|NestIndoorCamera,0.9994838081324569,0.9872964856748642,0.9981344307270233
GosundESP147FF9Plug|NetatmoCamera,0.9978313448583719,0.9981754727700674,0.9534327846364883
GosundESP147FF9Plug|NetatmoWeatherStation,0.9982111841571301,1.0,0.9999965706447188
GosundESP147FF9Plug|PhilipsHueBridge,0.9994351107864622,0.9999415631848064,0.9997736625514403
GosundESP147FF9Plug|RingBaseStationAC1236,1.0,0.9996948299651002,1.0
GosundESP147FF9Plug|SIMCAM1SAMPAKTec,0.9994318642967291,1.0,0.9981481481481481
GosundESP147FF9Plug|SonosOneSpeaker,0.999866893920948,0.9982079376673972,0.9999725651577502
GosundESP147FF9Plug|TeckinPlug1,0.9911565619673728,0.9960230500771041,0.9944032921810699
GosundESP147FF9Plug|TeckinPlug2,0.9928317506695885,0.9999902605308011,0.9939437585733882
GosundESP147FF9Plug|YutronPlug1,0.9949224900576252,0.9948218488759029,0.9943552812071331
GosundESP147FF9Plug|YutronPlug2,0.9926434542650758,0.9999675351026702,0.9920130315500686
GosundESP147FF9Plug|iRobotRoomba,0.9963931499066634,0.9963963963963963,0.9998628257887517
GosundESP1ACEE1Socket|HeimVisionSmartLifeRadioLamp,0.9959905851797743,0.9979125071016963,0.9869272976680384
GosundESP1ACEE1Socket|HeimVisionSmartWiFiCamera,0.9999772745718691,0.9941725509293077,0.9991117969821673
GosundESP1ACEE1Socket|HomeEyeCamera,1.0,0.9945881016151286,0.988559670781893
GosundESP1ACEE1Socket|LuoheCamDog,0.9999999999999999,1.0,1.0
GosundESP1ACEE1Socket|NestIndoorCamera,1.0,0.9855661066471878,0.9940363511659808
GosundESP1ACEE1Socket|NetatmoCamera,0.9980034088142197,0.9978654330005682,0.9736625514403292
GosundESP1ACEE1Socket|NetatmoWeatherStation,1.0,0.9999999999999999,0.9999965706447188
GosundESP1ACEE1Socket|PhilipsHueBridge,0.9999935070205341,0.9999999999999999,0.9994924554183813
GosundESP1ACEE1Socket|RingBaseStationAC1236,1.0,0.9999383166950734,1.0
GosundESP1ACEE1Socket|SIMCAM1SAMPAKTec,1.0,1.0,0.9996913580246914
GosundESP1ACEE1Socket|SonosOneSpeaker,0.9999999999999999,0.9981981981981982,0.9998388203017833
GosundESP1ACEE1Socket|TeckinPlug1,0.9945556367177989,0.9996461326191055,0.9870233196159123
GosundESP1ACEE1Socket|TeckinPlug2,0.9963769174579985,0.9980585991396802,0.9859876543209876
GosundESP1ACEE1Socket|YutronPlug1,0.9963541920298677,0.9962373183994805,0.9870747599451304
GosundESP1ACEE1Socket|YutronPlug2,0.9962178394610828,0.9995714633552472,0.98690329218107
GosundESP1ACEE1Socket|iRobotRoomba,0.9981981981981982,0.9963963963963964,0.9997050754458162
HeimVisionSmartLifeRadioLamp|HeimVisionSmartWiFiCamera,0.9835305575846116,0.9992857722587453,0.9995747599451303
HeimVisionSmartLifeRadioLamp|HomeEyeCamera,0.9945945945945946,0.9927927927927928,0.9537002743484225
HeimVisionSmartLifeRadioLamp|LuoheCamDog,1.0,1.0,1.0
HeimVisionSmartLifeRadioLamp|NestIndoorCamera,0.9872899926953981,0.981842382923464,0.8053052126200275
HeimVisionSmartLifeRadioLamp|NetatmoCamera,0.9979871763655548,0.9945361577794011,0.9915603566529493
HeimVisionSmartLifeRadioLamp|NetatmoWeatherStation,1.0,1.0,0.9993964334705076
HeimVisionSmartLifeRadioLamp|PhilipsHueBridge,0.9996883369856343,0.9908838568298027,0.9998216735253772
HeimVisionSmartLifeRadioLamp|RingBaseStationAC1236,1.0,0.9997597597597597,0.999965706447188
HeimVisionSmartLifeRadioLamp|SIMCAM1SAMPAKTec,1.0,0.9999870140410682,0.9981481481481481
HeimVisionSmartLifeRadioLamp|SonosOneSpeaker,0.9998993588182777,0.9979125071016962,0.9999519890260631
HeimVisionSmartLifeRadioLamp|TeckinPlug1,0.9100267835402971,0.9367778589400212,0.9636111111111111
HeimVisionSmartLifeRadioLamp|TeckinPlug2,0.9649638828017206,0.9778946514081649,0.9752091906721537
HeimVisionSmartLifeRadioLamp|YutronPlug1,0.9240029218407597,0.9282119957795634,0.966474622770919
HeimVisionSmartLifeRadioLamp|YutronPlug2,0.9314308903498093,0.9262657251846441,0.9528703703703703
HeimVisionSmartLifeRadioLamp|iRobotRoomba,0.9981981981981981,0.9963963963963964,1.0
HeimVisionSmartWiFiCamera|HomeEyeCamera,0.9945945945945946,0.9927927927927928,0.953624828532236
HeimVisionSmartWiFiCamera|LuoheCamDog,1.0,1.0,1.0
HeimVisionSmartWiFiCamera|NestIndoorCamera,0.9585975164353544,0.7586916646376107,0.8264626200274349
HeimVisionSmartWiFiCamera|NetatmoCamera,0.9936855774693613,0.9998961123285448,0.9898388203017832
HeimVisionSmartWiFiCamera|NetatmoWeatherStation,1.0,1.0,0.9999451303155007
HeimVisionSmartWiFiCamera|PhilipsHueBridge,0.9999707815924033,0.9928155182209237,0.9922290809327847
HeimVisionSmartWiFiCamera|RingBaseStationAC1236,0.9999805210616022,0.9994708221735249,0.9999451303155007
HeimVisionSmartWiFiCamera|SIMCAM1SAMPAKTec,0.9999383166950735,0.9997987176365555,0.9973422496570644
HeimVisionSmartWiFiCamera|SonosOneSpeaker,0.9999805210616022,0.9985358331304278,0.9999965706447188
HeimVisionSmartWiFiCamera|TeckinPlug1,0.9905397289181073,0.9986884181478776,0.9989128943758574
HeimVisionSmartWiFiCamera|TeckinPlug2,0.9907572437302167,0.9972274977680383,0.9994718792866941
HeimVisionSmartWiFiCamera|YutronPlug1,0.9906176446716987,0.9966593620647675,0.9997050754458162
HeimVisionSmartWiFiCamera|YutronPlug2,0.9898190081973866,0.9998344290236183,0.9991666666666666
HeimVisionSmartWiFiCamera|iRobotRoomba,0.9981949517084652,0.9963963963963964,1.0
HomeEyeCamera|LuoheCamDog,0.9966431296161026,0.999600681762844,0.9962551440329219
HomeEyeCamera|NestIndoorCamera,0.9724616508400291,0.9891697102507913,0.8770884773662552
HomeEyeCamera|NetatmoCamera,0.993920947975002,0.9874295917539161,0.9773182441700959
HomeEyeCamera|NetatmoWeatherStation,0.9998701404106809,0.9981981981981982,0.9999691358024693
HomeEyeCamera|PhilipsHueBridge,0.9992111029948868,0.9920655790926061,0.9900771604938272
HomeEyeCamera|RingBaseStationAC1236,0.9964321077834591,0.9965067770473176,0.9816769547325103
HomeEyeCamera|SIMCAM1SAMPAKTec,0.9938024510997484,0.9964970375781187,0.9484327846364883
HomeEyeCamera|SonosOneSpeaker,0.9946173200227254,0.9840402564726889,0.9522325102880659
HomeEyeCamera|TeckinPlug1,0.9945945945945946,0.9945945945945946,0.9851268861454047
HomeEyeCamera|TeckinPlug2,0.9945945945945946,0.9927927927927929,0.9907373113854595
HomeEyeCamera|YutronPlug1,0.9945945945945946,0.9945945945945946,0.9647290809327846
HomeEyeCamera|YutronPlug2,0.9945945945945946,0.9927927927927928,0.9907373113854595
HomeEyeCamera|iRobotRoomba,0.9986332278224169,0.9963769174579986,0.9906995884773662
LuoheCamDog|NestIndoorCamera,0.9629997565132701,1.0,0.9278017832647463
LuoheCamDog|NetatmoCamera,0.9928739550361172,0.9868224981738495,0.9908058984910836
LuoheCamDog|NetatmoWeatherStation,0.9940540540540541,0.995224413602792,0.9964231824417009
LuoheCamDog|PhilipsHueBridge,0.9842853664475285,0.9853161269377486,0.9876217421124829
LuoheCamDog|RingBaseStationAC1236,0.9940102264426589,0.9901598896193491,0.9966906721536352
LuoheCamDog|SIMCAM1SAMPAKTec,0.9981981981981982,0.9982468955441929,0.9943964334705075
LuoheCamDog|SonosOneSpeaker,0.9810794578362146,0.970442334226118,0.974554183813443
LuoheCamDog|TeckinPlug1,1.0,1.0,1.0
LuoheCamDog|TeckinPlug2,1.0,1.0,1.0
LuoheCamDog|YutronPlug1,1.0,1.0,1.0
LuoheCamDog|YutronPlug2,1.0,1.0,1.0
LuoheCamDog|iRobotRoomba,0.9127440954467982,0.904588913237562,0.917625171467764
NestIndoorCamera|NetatmoCamera,0.9947747747747748,0.9947910072234395,0.9483350480109739
NestIndoorCamera|NetatmoWeatherStation,0.9944971999026053,0.9908578849119389,0.999917695473251
NestIndoorCamera|PhilipsHueBridge,0.9471016962908854,0.9755149744338933,0.7684156378600824
NestIndoorCamera|RingBaseStationAC1236,0.9596948299651002,0.9823423423423423,0.7942283950617284
NestIndoorCamera|SIMCAM1SAMPAKTec,0.9905299894489084,0.9015112409707005,0.8646296296296296
NestIndoorCamera|SonosOneSpeaker,0.9705673240808375,0.9795049103157212,0.9203669410150892
NestIndoorCamera|TeckinPlug1,0.9998506614722831,0.9854427400373347,0.8380144032921811
NestIndoorCamera|TeckinPlug2,0.9780212645077508,0.9854622189757325,0.8621707818930041
NestIndoorCamera|YutronPlug1,0.9945166788410034,0.9834526418310203,0.777184499314129
NestIndoorCamera|YutronPlug2,0.9908189270351432,0.9835532830127425,0.7888786008230453
NestIndoorCamera|iRobotRoomba,1.0,1.0,0.9405932784636489
NetatmoCamera|NetatmoWeatherStation,0.9945913481048617,0.9891762032302572,0.9900617283950617
NetatmoCamera|PhilipsHueBridge,0.9923285447609772,0.9864166869572275,0.9311488340192045
NetatmoCamera|RingBaseStationAC1236,0.9941530719909097,0.9885009333657984,0.9332544581618657
NetatmoCamera|SIMCAM1SAMPAKTec,0.9945686226767309,0.9942050158266376,0.9890003429355281
NetatmoCamera|SonosOneSpeaker,0.9763265968671373,0.9783329275221168,0.9562620027434843
NetatmoCamera|TeckinPlug1,0.9979709439168899,0.9980975570164758,0.9930761316872428
NetatmoCamera|TeckinPlug2,0.9981981981981982,0.9980780780780781,0.9908093278463648
NetatmoCamera|YutronPlug1,0.9981981981981982,0.9976203230257286,0.9921021947873799
NetatmoCamera|YutronPlug2,0.9981949517084652,0.9980391202012824,0.9910219478737997
NetatmoCamera|iRobotRoomba,0.993198604009415,0.9874247220193165,0.9815466392318244
NetatmoWeatherStation|PhilipsHueBridge,0.997399561723886,0.989624218813408,0.9950891632373113
NetatmoWeatherStation|RingBaseStationAC1236,0.9982501420339259,0.9999740280821362,0.9980281207133058
NetatmoWeatherStation|SIMCAM1SAMPAKTec,1.0,1.0,0.9944495884773663
NetatmoWeatherStation|SonosOneSpeaker,0.9978394610827044,0.9963736709682656,0.9961814128943757
NetatmoWeatherStation|TeckinPlug1,1.0,1.0,0.9981652949245542
NetatmoWeatherStation|TeckinPlug2,1.0,1.0,0.9999382716049383
NetatmoWeatherStation|YutronPlug1,1.0,1.0,0.999969135802469
NetatmoWeatherStation|YutronPlug2,1.0,1.0,0.9998696844993141
NetatmoWeatherStation|iRobotRoomba,0.9886973459946433,0.9854881908935963,0.9890294924554184
PhilipsHueBridge|RingBaseStationAC1236,0.981452804155507,0.9676990504017531,0.9893449931412893
PhilipsHueBridge|SIMCAM1SAMPAKTec,0.9945751156561967,0.9999253307361415,0.9928240740740741
PhilipsHueBridge|SonosOneSpeaker,0.9029234640045453,0.9017823228634039,0.9156001371742113
PhilipsHueBridge|TeckinPlug1,0.9999577956334713,0.9908741173606038,0.9999794238683127
PhilipsHueBridge|TeckinPlug2,0.9999026053080107,0.990971512052593,0.999567901234568
PhilipsHueBridge|YutronPlug1,0.9999707815924033,0.9911598084571057,0.9999519890260632
PhilipsHueBridge|YutronPlug2,0.9999772745718691,0.9968931093255418,0.9997393689986283
PhilipsHueBridge|iRobotRoomba,0.9787371154938722,0.967914941968996,0.974272976680384
RingBaseStationAC1236|SIMCAM1SAMPAKTec,1.0,1.0,0.9945541838134431
RingBaseStationAC1236|SonosOneSpeaker,0.9667559451343236,0.9644898953007061,0.9915877914951988
RingBaseStationAC1236|TeckinPlug1,1.0,0.9999480561642724,0.9999931412894376
RingBaseStationAC1236|TeckinPlug2,1.0,0.9999837675513351,0.9999382716049383
RingBaseStationAC1236|YutronPlug1,1.0,0.9999610421232042,0.9999245541838134
RingBaseStationAC1236|YutronPlug2,1.0,0.9999480561642723,0.9999382716049383
RingBaseStationAC1236|iRobotRoomba,0.98784838892947,0.9878126775424072,0.9929938271604939
SIMCAM1SAMPAKTec|SonosOneSpeaker,0.9967048129210291,0.9794594594594594,0.9891255144032921
SIMCAM1SAMPAKTec|TeckinPlug1,1.0,0.9999837675513351,0.9981481481481481
SIMCAM1SAMPAKTec|TeckinPlug2,1.0,1.0,0.9981481481481481
SIMCAM1SAMPAKTec|YutronPlug1,1.0,0.9999772745718692,0.9981412894375857
SIMCAM1SAMPAKTec|YutronPlug2,0.9999967535102671,0.9999902605308011,0.9981447187928668
SIMCAM1SAMPAKTec|iRobotRoomba,0.9964142520899277,0.9946205665124584,0.998148148148148
SonosOneSpeaker|TeckinPlug1,0.9993084976868761,0.9980683386088791,0.999917695473251
SonosOneSpeaker|TeckinPlug2,0.9998181965749533,0.9979319860400941,0.999537037037037
SonosOneSpeaker|YutronPlug1,0.9997792386981575,0.9980099017936855,0.9997496570644719
SonosOneSpeaker|YutronPlug2,0.9999448096745395,0.9980391202012824,0.9998971193415638
SonosOneSpeaker|iRobotRoomba,0.9050661472283094,0.8826182939696454,0.8854406721536352
TeckinPlug1|TeckinPlug2,0.9136531125720314,0.8747147147147148,0.9482921810699588
TeckinPlug1|YutronPlug1,0.5945264183102021,0.48230987744501264,0.5356001371742113
TeckinPlug1|YutronPlug2,0.5145945945945946,0.48669913156399647,0.8149657064471879
TeckinPlug1|iRobotRoomba,0.9981981981981982,0.9963963963963963,0.9999999999999999
TeckinPlug2|YutronPlug1,0.619647755863972,0.7702556610664719,0.9505418381344307
TeckinPlug2|YutronPlug2,0.9031214998782567,0.9153055758461164,0.6009636488340192
TeckinPlug2|iRobotRoomba,0.9981981981981982,0.9963963963963964,0.999982853223594
YutronPlug1|YutronPlug2,0.5648973297621946,0.5151627302978655,0.8133882030178328
YutronPlug1|iRobotRoomba,0.9981981981981982,0.9963963963963963,1.0
YutronPlug2|iRobotRoomba,0.9981981981981981,0.9963963963963963,1.0
