source_file,round,window_id,window_start,proba_Camera,proba_Light_T1,proba_Light_XM,proba_Sensor,proba_Socket,true_label
/home/lmy/iot-device-classification/dataset/camera/round4_normal/camera_r4.pcapng,R4,273,2735.286093950272,0.994,0.004,0.0,0.002,0.0,Camera
/home/lmy/iot-device-classification/dataset/camera/round4_normal/camera_r4.pcapng,R4,274,2741.6946592330933,0.998,0.002,0.0,0.0,0.0,Camera
/home/lmy/iot-device-classification/dataset/camera/round4_normal/camera_r4.pcapng,R4,275,2755.221777677536,0.978,0.02,0.0,0.002,0.0,Camera
/home/lmy/iot-device-classification/dataset/camera/round4_normal/camera_r4.pcapng,R4,276,2763.281831979752,0.86,0.13,0.006,0.004,0.0,Camera
/home/lmy/iot-device-classification/dataset/camera/round4_normal/camera_r4.pcapng,R4,277,2771.7056386470795,1.0,0.0,0.0,0.0,0.0,Camera
/home/lmy/iot-device-classification/dataset/camera/round4_normal/camera_r4.pcapng,R4,278,2783.1718010902405,0.98,0.014,0.004,0.002,0.0,Camera
/home/lmy/iot-device-classification/dataset/camera/round4_normal/camera_r4.pcapng,R4,279,2795.3425335884094,0.992,0.006,0.0,0.002,0.0,Camera
/home/lmy/iot-device-classification/dataset/camera/round4_normal/camera_r4.pcapng,R4,280,2801.7111432552338,0.99,0.008,0.002,0.0,0.0,Camera
/home/lmy/iot-device-classification/dataset/camera/round4_normal/camera_r4.pcapng,R4,281,2813.5989820957184,0.732,0.21,0.006,0.048,0.004,Camera
/home/lmy/iot-device-classification/dataset/camera/round4_normal/camera_r4.pcapng,R4,282,2825.370608329773,0.996,0.002,0.002,0.0,0.0,Camera
/home/lmy/iot-device-classification/dataset/camera/round4_normal/camera_r4.pcapng,R4,283,2831.740906715393,1.0,0.0,0.0,0.0,0.0,Camera
/home/lmy/iot-device-classification/dataset/camera/round4_normal/camera_r4.pcapng,R4,284,2845.3892107009888,0.988,0.004,0.002,0.006,0.0,Camera
/home/lmy/iot-device-classification/dataset/camera/round4_normal/camera_r4.pcapng,R4,285,2851.35560965538,0.658,0.16,0.054,0.11,0.018,Camera
/home/lmy/iot-device-classification/dataset/camera/round4_normal/camera_r4.pcapng,R4,286,2861.770715236664,0.906,0.042,0.028,0.016,0.008,Camera
/home/lmy/iot-device-classification/dataset/camera/round4_normal/camera_r4.pcapng,R4,287,2875.416677474976,0.98,0.018,0.0,0.002,0.0,Camera
/home/lmy/iot-device-classification/dataset/camera/round4_normal/camera_r4.pcapng,R4,288,2883.3564672470093,0.982,0.012,0.006,0.0,0.0,Camera
/home/lmy/iot-device-classification/dataset/camera/round4_normal/camera_r4.pcapng,R4,289,2891.795757293701,0.96,0.014,0.01,0.014,0.002,Camera
/home/lmy/iot-device-classification/dataset/camera/round4_normal/camera_r4.pcapng,R4,290,2903.2726147174835,0.304,0.656,0.024,0.016,0.0,Camera
/home/lmy/iot-device-classification/dataset/camera/round4_normal/camera_r4.pcapng,R4,291,2913.4360535144806,0.998,0.002,0.0,0.0,0.0,Camera
/home/lmy/iot-device-classification/dataset/camera/round4_normal/camera_r4.pcapng,R4,292,2921.825178384781,0.992,0.004,0.004,0.0,0.0,Camera
/home/lmy/iot-device-classification/dataset/camera/round4_normal/camera_r4.pcapng,R4,293,2933.034343957901,0.998,0.002,0.0,0.0,0.0,Camera
/home/lmy/iot-device-classification/dataset/camera/round4_normal/camera_r4.pcapng,R4,294,2943.259826898575,0.916,0.074,0.002,0.008,0.0,Camera
/home/lmy/iot-device-classification/dataset/camera/round4_normal/camera_r4.pcapng,R4,295,2951.868757247925,0.958,0.032,0.004,0.004,0.002,Camera
/home/lmy/iot-device-classification/dataset/camera/round4_normal/camera_r4.pcapng,R4,296,2965.50278544426,0.994,0.002,0.002,0.002,0.0,Camera
/home/lmy/iot-device-classification/dataset/camera/round4_normal/camera_r4.pcapng,R4,297,2974.698159456253,0.896,0.054,0.008,0.042,0.0,Camera
/home/lmy/iot-device-classification/dataset/camera/round4_normal/camera_r4.pcapng,R4,298,2980.1586484909058,0.978,0.016,0.002,0.002,0.002,Camera
/home/lmy/iot-device-classification/dataset/camera/round4_normal/camera_r4.pcapng,R4,299,2993.267364025116,0.91,0.07,0.008,0.012,0.0,Camera
/home/lmy/iot-device-classification/dataset/camera/round4_normal/camera_r4.pcapng,R4,300,3005.5431804656982,0.996,0.002,0.002,0.0,0.0,Camera
/home/lmy/iot-device-classification/dataset/camera/round4_normal/camera_r4.pcapng,R4,301,3011.910804271698,0.99,0.008,0.0,0.0,0.002,Camera
/home/lmy/iot-device-classification/dataset/camera/round4_normal/camera_r4.pcapng,R4,302,3020.023289203644,0.818,0.132,0.016,0.034,0.0,Camera
/home/lmy/iot-device-classification/dataset/camera/round4_normal/camera_r4.pcapng,R4,303,3030.012945175171,0.578,0.31,0.072,0.04,0.0,Camera
/home/lmy/iot-device-classification/dataset/camera/round4_normal/camera_r4.pcapng,R4,304,3040.0161547660828,0.998,0.0,0.0,0.002,0.0,Camera
/home/lmy/iot-device-classification/dataset/camera/round4_normal/camera_r4.pcapng,R4,305,3050.1249780654907,0.99,0.01,0.0,0.0,0.0,Camera
/home/lmy/iot-device-classification/dataset/camera/round4_normal/camera_r4.pcapng,R4,306,3060.0535526275635,0.926,0.026,0.004,0.044,0.0,Camera
/home/lmy/iot-device-classification/dataset/camera/round4_normal/camera_r4.pcapng,R4,307,3070.093208789825,0.952,0.032,0.01,0.004,0.002,Camera
/home/lmy/iot-device-classification/dataset/camera/round4_normal/camera_r4.pcapng,R4,308,3080.2127764225006,0.616,0.23,0.098,0.05,0.006,Camera
/home/lmy/iot-device-classification/dataset/camera/round4_normal/camera_r4.pcapng,R4,309,3090.253472805023,0.968,0.03,0.0,0.002,0.0,Camera
/home/lmy/iot-device-classification/dataset/camera/round4_normal/camera_r4.pcapng,R4,310,3100.3328034877777,0.998,0.002,0.0,0.0,0.0,Camera
/home/lmy/iot-device-classification/dataset/camera/round4_normal/camera_r4.pcapng,R4,311,3110.3467152118683,0.916,0.052,0.014,0.018,0.0,Camera
/home/lmy/iot-device-classification/dataset/camera/round4_normal/camera_r4.pcapng,R4,312,3120.3707110881805,0.962,0.032,0.006,0.0,0.0,Camera
/home/lmy/iot-device-classification/dataset/camera/round4_normal/camera_r4.pcapng,R4,313,3130.4852464199066,0.854,0.066,0.012,0.068,0.0,Camera
/home/lmy/iot-device-classification/dataset/camera/round4_normal/camera_r4.pcapng,R4,314,3140.5806200504303,0.938,0.048,0.008,0.006,0.0,Camera
/home/lmy/iot-device-classification/dataset/camera/round4_normal/camera_r4.pcapng,R4,315,3150.670695066452,0.42,0.214,0.058,0.308,0.0,Camera
/home/lmy/iot-device-classification/dataset/camera/round4_normal/camera_r4.pcapng,R4,316,3160.054070711136,0.994,0.0,0.0,0.004,0.002,Camera
/home/lmy/iot-device-classification/dataset/camera/round4_normal/camera_r4.pcapng,R4,317,3170.6206159591675,0.998,0.002,0.0,0.0,0.0,Camera
/home/lmy/iot-device-classification/dataset/camera/round4_normal/camera_r4.pcapng,R4,318,3180.160079479217,0.96,0.02,0.008,0.012,0.0,Camera
/home/lmy/iot-device-classification/dataset/camera/round4_normal/camera_r4.pcapng,R4,319,3190.192066431045,0.998,0.0,0.0,0.002,0.0,Camera
/home/lmy/iot-device-classification/dataset/camera/round4_normal/camera_r4.pcapng,R4,320,3200.250338315964,0.984,0.014,0.0,0.002,0.0,Camera
/home/lmy/iot-device-classification/dataset/camera/round4_normal/camera_r4.pcapng,R4,321,3210.308568000793,0.764,0.214,0.012,0.01,0.0,Camera
/home/lmy/iot-device-classification/dataset/camera/round4_normal/camera_r4.pcapng,R4,322,3220.3675286769867,1.0,0.0,0.0,0.0,0.0,Camera
/home/lmy/iot-device-classification/dataset/camera/round4_normal/camera_r4.pcapng,R4,323,3230.3149104118347,0.978,0.016,0.002,0.004,0.0,Camera
/home/lmy/iot-device-classification/dataset/camera/round4_normal/camera_r4.pcapng,R4,324,3240.551289319992,0.992,0.0,0.002,0.006,0.0,Camera
/home/lmy/iot-device-classification/dataset/camera/round4_normal/camera_r4.pcapng,R4,325,3250.5564374923706,0.958,0.03,0.004,0.006,0.002,Camera
/home/lmy/iot-device-classification/dataset/camera/round4_normal/camera_r4.pcapng,R4,326,3260.579570055008,0.506,0.442,0.024,0.026,0.002,Camera
/home/lmy/iot-device-classification/dataset/camera/round4_normal/camera_r4.pcapng,R4,327,3270.635833501816,0.976,0.016,0.004,0.004,0.0,Camera
/home/lmy/iot-device-classification/dataset/camera/round4_normal/camera_r4.pcapng,R4,328,3280.6955530643463,0.876,0.068,0.028,0.022,0.006,Camera
/home/lmy/iot-device-classification/dataset/camera/round4_normal/camera_r4.pcapng,R4,329,3290.784341573715,0.9,0.094,0.0,0.006,0.0,Camera
/home/lmy/iot-device-classification/dataset/camera/round4_normal/camera_r4.pcapng,R4,330,3300.833862543106,1.0,0.0,0.0,0.0,0.0,Camera
/home/lmy/iot-device-classification/dataset/camera/round4_normal/camera_r4.pcapng,R4,331,3310.8741924762726,0.998,0.0,0.0,0.002,0.0,Camera
/home/lmy/iot-device-classification/dataset/camera/round4_normal/camera_r4.pcapng,R4,332,3320.9394059181213,0.994,0.004,0.0,0.002,0.0,Camera
/home/lmy/iot-device-classification/dataset/camera/round4_normal/camera_r4.pcapng,R4,333,3331.003237724304,0.996,0.004,0.0,0.0,0.0,Camera
/home/lmy/iot-device-classification/dataset/camera/round4_normal/camera_r4.pcapng,R4,334,3341.05166220665,0.996,0.004,0.0,0.0,0.0,Camera
/home/lmy/iot-device-classification/dataset/camera/round4_normal/camera_r4.pcapng,R4,335,3351.1515352725983,0.816,0.168,0.0,0.016,0.0,Camera
/home/lmy/iot-device-classification/dataset/camera/round4_normal/camera_r4.pcapng,R4,336,3361.1959784030914,0.996,0.002,0.0,0.002,0.0,Camera
/home/lmy/iot-device-classification/dataset/camera/round4_normal/camera_r4.pcapng,R4,337,3371.2304062843323,0.988,0.004,0.002,0.006,0.0,Camera
/home/lmy/iot-device-classification/dataset/camera/round4_normal/camera_r4.pcapng,R4,338,3381.310253381729,0.976,0.016,0.006,0.002,0.0,Camera
/home/lmy/iot-device-classification/dataset/camera/round4_normal/camera_r4.pcapng,R4,339,3391.397966384888,0.894,0.096,0.008,0.002,0.0,Camera
/home/lmy/iot-device-classification/dataset/camera/round4_normal/camera_r4.pcapng,R4,340,3401.4191987514496,0.978,0.018,0.002,0.0,0.002,Camera
/home/lmy/iot-device-classification/dataset/camera/round4_normal/camera_r4.pcapng,R4,341,3411.496221065521,0.93,0.02,0.004,0.046,0.0,Camera
/home/lmy/iot-device-classification/dataset/camera/round4_normal/camera_r4.pcapng,R4,342,3421.5380976200104,0.93,0.028,0.008,0.03,0.004,Camera
/home/lmy/iot-device-classification/dataset/camera/round4_normal/camera_r4.pcapng,R4,343,3431.6013379096985,0.988,0.008,0.002,0.002,0.0,Camera
/home/lmy/iot-device-classification/dataset/camera/round4_normal/camera_r4.pcapng,R4,344,3441.6781210899358,0.846,0.054,0.012,0.088,0.0,Camera
/home/lmy/iot-device-classification/dataset/camera/round4_normal/camera_r4.pcapng,R4,345,3451.726101160049,0.94,0.046,0.01,0.004,0.0,Camera
/home/lmy/iot-device-classification/dataset/camera/round4_normal/camera_r4.pcapng,R4,346,3461.8228118419647,0.998,0.0,0.0,0.002,0.0,Camera
/home/lmy/iot-device-classification/dataset/camera/round4_normal/camera_r4.pcapng,R4,347,3471.8480608463287,0.926,0.024,0.004,0.046,0.0,Camera
/home/lmy/iot-device-classification/dataset/camera/round4_normal/camera_r4.pcapng,R4,348,3481.48467373848,0.982,0.018,0.0,0.0,0.0,Camera
/home/lmy/iot-device-classification/dataset/camera/round4_normal/camera_r4.pcapng,R4,349,3491.977492809296,0.998,0.002,0.0,0.0,0.0,Camera
/home/lmy/iot-device-classification/dataset/camera/round4_normal/camera_r4.pcapng,R4,350,3502.054996728897,0.988,0.006,0.002,0.004,0.0,Camera
/home/lmy/iot-device-classification/dataset/camera/round4_normal/camera_r4.pcapng,R4,351,3512.084768295288,0.988,0.012,0.0,0.0,0.0,Camera
/home/lmy/iot-device-classification/dataset/camera/round4_normal/camera_r4.pcapng,R4,352,3522.1432185173035,0.74,0.182,0.04,0.036,0.002,Camera
/home/lmy/iot-device-classification/dataset/camera/round4_normal/camera_r4.pcapng,R4,353,3530.3105132579803,0.26,0.596,0.062,0.08,0.002,Camera
/home/lmy/iot-device-classification/dataset/camera/round4_normal/camera_r4.pcapng,R4,354,3542.2616379261017,0.988,0.008,0.0,0.004,0.0,Camera
/home/lmy/iot-device-classification/dataset/camera/round4_normal/camera_r4.pcapng,R4,355,3552.3110704422,0.968,0.022,0.004,0.004,0.002,Camera
/home/lmy/iot-device-classification/dataset/camera/round4_normal/camera_r4.pcapng,R4,356,3562.360029935837,0.966,0.026,0.004,0.004,0.0,Camera
/home/lmy/iot-device-classification/dataset/camera/round4_normal/camera_r4.pcapng,R4,357,3572.616398334503,0.91,0.068,0.004,0.018,0.0,Camera
/home/lmy/iot-device-classification/dataset/camera/round4_normal/camera_r4.pcapng,R4,358,3582.349202394485,1.0,0.0,0.0,0.0,0.0,Camera
/home/lmy/iot-device-classification/dataset/camera/round4_normal/camera_r4.pcapng,R4,359,3590.8263852596283,0.996,0.002,0.002,0.0,0.0,Camera
/home/lmy/iot-device-classification/dataset/camera/round4_normal/camera_r4.pcapng,R4,360,3601.645554304123,0.988,0.004,0.006,0.002,0.0,Camera
/home/lmy/iot-device-classification/dataset/camera/round4_normal/camera_r4.pcapng,R4,361,3612.370777845383,0.998,0.002,0.0,0.0,0.0,Camera
/home/lmy/iot-device-classification/dataset/camera/round4_normal/camera_r4.pcapng,R4,362,3620.280957460403,0.308,0.216,0.014,0.458,0.004,Camera
/home/lmy/iot-device-classification/dataset/camera/round4_normal/camera_r4.pcapng,R4,363,3632.275204658508,0.226,0.228,0.052,0.466,0.028,Camera
/home/lmy/iot-device-classification/dataset/camera/round4_normal/camera_r4.pcapng,R4,364,3642.400672197342,0.576,0.22,0.01,0.194,0.0,Camera
/home/lmy/iot-device-classification/dataset/camera/round4_normal/camera_r4.pcapng,R4,365,3650.181605577469,0.694,0.074,0.026,0.202,0.004,Camera
/home/lmy/iot-device-classification/dataset/camera/round4_normal/camera_r4.pcapng,R4,366,3663.273211479187,0.452,0.216,0.04,0.288,0.004,Camera
/home/lmy/iot-device-classification/dataset/camera/round4_normal/camera_r4.pcapng,R4,367,3672.431277036667,0.352,0.434,0.04,0.17,0.004,Camera
/home/lmy/iot-device-classification/dataset/camera/round4_normal/camera_r4.pcapng,R4,368,3680.581934452057,0.688,0.058,0.022,0.226,0.006,Camera
/home/lmy/iot-device-classification/dataset/camera/round4_normal/camera_r4.pcapng,R4,369,3693.248536348343,0.19,0.184,0.064,0.556,0.006,Camera
/home/lmy/iot-device-classification/dataset/camera/round4_normal/camera_r4.pcapng,R4,370,3702.462240457535,0.462,0.352,0.042,0.144,0.0,Camera
/home/lmy/iot-device-classification/dataset/camera/round4_normal/camera_r4.pcapng,R4,371,3710.2803480625153,0.74,0.066,0.018,0.172,0.004,Camera
/home/lmy/iot-device-classification/dataset/camera/round4_normal/camera_r4.pcapng,R4,372,3724.448883533478,0.532,0.2,0.036,0.224,0.008,Camera
/home/lmy/iot-device-classification/dataset/camera/round4_normal/camera_r4.pcapng,R4,373,3732.496464729309,0.242,0.296,0.074,0.33,0.058,Camera
/home/lmy/iot-device-classification/dataset/camera/round4_normal/camera_r4.pcapng,R4,374,3740.940272569656,0.922,0.048,0.012,0.016,0.002,Camera
/home/lmy/iot-device-classification/dataset/camera/round4_normal/camera_r4.pcapng,R4,375,3750.5577368736263,0.692,0.202,0.038,0.068,0.0,Camera
/home/lmy/iot-device-classification/dataset/camera/round4_normal/camera_r4.pcapng,R4,376,3762.5239808559418,0.696,0.232,0.018,0.052,0.002,Camera
/home/lmy/iot-device-classification/dataset/camera/round4_normal/camera_r4.pcapng,R4,377,3770.697746276856,0.746,0.074,0.016,0.158,0.006,Camera
/home/lmy/iot-device-classification/dataset/camera/round4_normal/camera_r4.pcapng,R4,378,3782.6841435432434,0.258,0.23,0.028,0.466,0.018,Camera
/home/lmy/iot-device-classification/dataset/camera/round4_normal/camera_r4.pcapng,R4,379,3792.5440344810486,0.506,0.238,0.028,0.228,0.0,Camera
/home/lmy/iot-device-classification/dataset/camera/round4_normal/camera_r4.pcapng,R4,380,3801.356687545776,0.546,0.112,0.03,0.31,0.002,Camera
/home/lmy/iot-device-classification/dataset/camera/round4_normal/camera_r4.pcapng,R4,381,3813.882330656052,0.63,0.078,0.018,0.262,0.012,Camera
/home/lmy/iot-device-classification/dataset/camera/round4_normal/camera_r4.pcapng,R4,382,3822.572818517685,0.578,0.246,0.032,0.144,0.0,Camera
/home/lmy/iot-device-classification/dataset/camera/round4_normal/camera_r4.pcapng,R4,383,3831.104578733444,0.796,0.06,0.02,0.122,0.002,Camera
/home/lmy/iot-device-classification/dataset/camera/round4_normal/camera_r4.pcapng,R4,384,3843.0026099681854,0.176,0.288,0.042,0.462,0.032,Camera
/home/lmy/iot-device-classification/dataset/camera/round4_normal/camera_r4.pcapng,R4,385,3852.601934671402,0.478,0.284,0.042,0.194,0.002,Camera
/home/lmy/iot-device-classification/dataset/camera/round4_normal/camera_r4.pcapng,R4,386,3861.743215084076,0.616,0.088,0.026,0.266,0.004,Camera
/home/lmy/iot-device-classification/dataset/camera/round4_normal/camera_r4.pcapng,R4,387,3874.201101541519,0.118,0.122,0.022,0.702,0.036,Camera
/home/lmy/iot-device-classification/dataset/camera/round4_normal/camera_r4.pcapng,R4,388,3882.6284408569336,0.498,0.338,0.036,0.128,0.0,Camera
/home/lmy/iot-device-classification/dataset/camera/round4_normal/camera_r4.pcapng,R4,389,3891.521728038788,0.58,0.124,0.06,0.232,0.004,Camera
/home/lmy/iot-device-classification/dataset/light_T1/round4_normal/light_T1_r4.pcapng,R4,255,2554.1272797584534,0.0,0.964,0.022,0.014,0.0,Light_T1
/home/lmy/iot-device-classification/dataset/light_T1/round4_normal/light_T1_r4.pcapng,R4,256,2563.953982830048,0.002,0.81,0.056,0.122,0.01,Light_T1
/home/lmy/iot-device-classification/dataset/light_T1/round4_normal/light_T1_r4.pcapng,R4,257,2571.144200325012,0.076,0.822,0.018,0.08,0.004,Light_T1
/home/lmy/iot-device-classification/dataset/light_T1/round4_normal/light_T1_r4.pcapng,R4,258,2585.3261613845825,0.018,0.624,0.222,0.136,0.0,Light_T1
/home/lmy/iot-device-classification/dataset/light_T1/round4_normal/light_T1_r4.pcapng,R4,259,2593.9828476905823,0.016,0.596,0.278,0.108,0.002,Light_T1
/home/lmy/iot-device-classification/dataset/light_T1/round4_normal/light_T1_r4.pcapng,R4,260,2601.9755957126617,0.07,0.808,0.042,0.078,0.002,Light_T1
/home/lmy/iot-device-classification/dataset/light_T1/round4_normal/light_T1_r4.pcapng,R4,261,2611.1124432086945,0.104,0.482,0.11,0.302,0.002,Light_T1
/home/lmy/iot-device-classification/dataset/light_T1/round4_normal/light_T1_r4.pcapng,R4,262,2624.011287689209,0.048,0.718,0.182,0.05,0.002,Light_T1
/home/lmy/iot-device-classification/dataset/light_T1/round4_normal/light_T1_r4.pcapng,R4,263,2632.19553732872,0.006,0.91,0.05,0.034,0.0,Light_T1
/home/lmy/iot-device-classification/dataset/light_T1/round4_normal/light_T1_r4.pcapng,R4,264,2645.6566739082336,0.018,0.606,0.32,0.056,0.0,Light_T1
/home/lmy/iot-device-classification/dataset/light_T1/round4_normal/light_T1_r4.pcapng,R4,265,2654.0553402900696,0.0,0.322,0.436,0.236,0.006,Light_T1
/home/lmy/iot-device-classification/dataset/light_T1/round4_normal/light_T1_r4.pcapng,R4,266,2661.1432571411133,0.02,0.232,0.688,0.058,0.002,Light_T1
/home/lmy/iot-device-classification/dataset/light_T1/round4_normal/light_T1_r4.pcapng,R4,267,2676.8513300418854,0.06,0.858,0.042,0.036,0.004,Light_T1
/home/lmy/iot-device-classification/dataset/light_T1/round4_normal/light_T1_r4.pcapng,R4,268,2680.3112807273865,0.1,0.142,0.456,0.3,0.002,Light_T1
/home/lmy/iot-device-classification/dataset/light_T1/round4_normal/light_T1_r4.pcapng,R4,269,2692.514862060547,0.008,0.882,0.066,0.044,0.0,Light_T1
/home/lmy/iot-device-classification/dataset/light_T1/round4_normal/light_T1_r4.pcapng,R4,270,2701.1241595745087,0.104,0.64,0.15,0.106,0.0,Light_T1
/home/lmy/iot-device-classification/dataset/light_T1/round4_normal/light_T1_r4.pcapng,R4,271,2714.1050782203674,0.012,0.804,0.112,0.072,0.0,Light_T1
/home/lmy/iot-device-classification/dataset/light_T1/round4_normal/light_T1_r4.pcapng,R4,272,2724.6865544319157,0.01,0.94,0.042,0.008,0.0,Light_T1
/home/lmy/iot-device-classification/dataset/light_T1/round4_normal/light_T1_r4.pcapng,R4,273,2731.112122297287,0.118,0.526,0.174,0.182,0.0,Light_T1
/home/lmy/iot-device-classification/dataset/light_T1/round4_normal/light_T1_r4.pcapng,R4,274,2744.135319709778,0.016,0.738,0.166,0.078,0.002,Light_T1
/home/lmy/iot-device-classification/dataset/light_T1/round4_normal/light_T1_r4.pcapng,R4,275,2755.886642932892,0.006,0.888,0.078,0.028,0.0,Light_T1
/home/lmy/iot-device-classification/dataset/light_T1/round4_normal/light_T1_r4.pcapng,R4,276,2766.2888102531438,0.016,0.496,0.366,0.122,0.0,Light_T1
/home/lmy/iot-device-classification/dataset/light_T1/round4_normal/light_T1_r4.pcapng,R4,277,2773.153980493545,0.048,0.392,0.374,0.186,0.0,Light_T1
/home/lmy/iot-device-classification/dataset/light_T1/round4_normal/light_T1_r4.pcapng,R4,278,2785.006573200226,0.026,0.334,0.526,0.112,0.002,Light_T1
/home/lmy/iot-device-classification/dataset/light_T1/round4_normal/light_T1_r4.pcapng,R4,279,2791.1105167865758,0.142,0.368,0.162,0.328,0.0,Light_T1
/home/lmy/iot-device-classification/dataset/light_T1/round4_normal/light_T1_r4.pcapng,R4,280,2804.1963477134705,0.022,0.426,0.454,0.098,0.0,Light_T1
/home/lmy/iot-device-classification/dataset/light_T1/round4_normal/light_T1_r4.pcapng,R4,281,2810.112330913544,0.054,0.508,0.386,0.052,0.0,Light_T1
/home/lmy/iot-device-classification/dataset/light_T1/round4_normal/light_T1_r4.pcapng,R4,282,2820.45330286026,0.026,0.204,0.664,0.106,0.0,Light_T1
/home/lmy/iot-device-classification/dataset/light_T1/round4_normal/light_T1_r4.pcapng,R4,283,2834.22954249382,0.03,0.24,0.568,0.162,0.0,Light_T1
/home/lmy/iot-device-classification/dataset/light_T1/round4_normal/light_T1_r4.pcapng,R4,284,2841.142220497132,0.07,0.716,0.138,0.076,0.0,Light_T1
/home/lmy/iot-device-classification/dataset/light_T1/round4_normal/light_T1_r4.pcapng,R4,285,2851.1268606185918,0.122,0.56,0.158,0.16,0.0,Light_T1
/home/lmy/iot-device-classification/dataset/light_T1/round4_normal/light_T1_r4.pcapng,R4,286,2864.2530601024628,0.07,0.708,0.14,0.082,0.0,Light_T1
/home/lmy/iot-device-classification/dataset/light_T1/round4_normal/light_T1_r4.pcapng,R4,287,2876.526899576187,0.014,0.386,0.236,0.362,0.002,Light_T1
/home/lmy/iot-device-classification/dataset/light_T1/round4_normal/light_T1_r4.pcapng,R4,288,2881.1243760585785,0.082,0.408,0.252,0.258,0.0,Light_T1
/home/lmy/iot-device-classification/dataset/light_T1/round4_normal/light_T1_r4.pcapng,R4,289,2892.140306711197,0.034,0.716,0.2,0.05,0.0,Light_T1
/home/lmy/iot-device-classification/dataset/light_T1/round4_normal/light_T1_r4.pcapng,R4,290,2907.3358771800995,0.118,0.572,0.152,0.158,0.0,Light_T1
/home/lmy/iot-device-classification/dataset/light_T1/round4_normal/light_T1_r4.pcapng,R4,291,2915.478229522705,0.058,0.408,0.12,0.414,0.0,Light_T1
/home/lmy/iot-device-classification/dataset/light_T1/round4_normal/light_T1_r4.pcapng,R4,292,2924.312272310257,0.038,0.596,0.228,0.136,0.002,Light_T1
/home/lmy/iot-device-classification/dataset/light_T1/round4_normal/light_T1_r4.pcapng,R4,293,2931.1424016952515,0.096,0.3,0.41,0.192,0.002,Light_T1
/home/lmy/iot-device-classification/dataset/light_T1/round4_normal/light_T1_r4.pcapng,R4,294,2947.248914003372,0.01,0.788,0.134,0.068,0.0,Light_T1
/home/lmy/iot-device-classification/dataset/light_T1/round4_normal/light_T1_r4.pcapng,R4,295,2954.342179298401,0.058,0.418,0.346,0.178,0.0,Light_T1
/home/lmy/iot-device-classification/dataset/light_T1/round4_normal/light_T1_r4.pcapng,R4,296,2967.4004287719727,0.1,0.286,0.368,0.246,0.0,Light_T1
/home/lmy/iot-device-classification/dataset/light_T1/round4_normal/light_T1_r4.pcapng,R4,297,2970.062445640564,0.03,0.196,0.154,0.62,0.0,Light_T1
/home/lmy/iot-device-classification/dataset/light_T1/round4_normal/light_T1_r4.pcapng,R4,298,2980.100150346756,0.056,0.294,0.536,0.114,0.0,Light_T1
/home/lmy/iot-device-classification/dataset/light_T1/round4_normal/light_T1_r4.pcapng,R4,299,2990.150146007538,0.03,0.292,0.544,0.132,0.002,Light_T1
/home/lmy/iot-device-classification/dataset/light_T1/round4_normal/light_T1_r4.pcapng,R4,300,3000.289716720581,0.048,0.622,0.214,0.116,0.0,Light_T1
/home/lmy/iot-device-classification/dataset/light_T1/round4_normal/light_T1_r4.pcapng,R4,301,3010.190716743469,0.04,0.356,0.388,0.216,0.0,Light_T1
/home/lmy/iot-device-classification/dataset/light_T1/round4_normal/light_T1_r4.pcapng,R4,302,3020.1899604797363,0.034,0.806,0.082,0.078,0.0,Light_T1
/home/lmy/iot-device-classification/dataset/light_T1/round4_normal/light_T1_r4.pcapng,R4,303,3030.0924773216248,0.034,0.752,0.07,0.144,0.0,Light_T1
/home/lmy/iot-device-classification/dataset/light_T1/round4_normal/light_T1_r4.pcapng,R4,304,3040.00044798851,0.09,0.332,0.36,0.218,0.0,Light_T1
/home/lmy/iot-device-classification/dataset/light_T1/round4_normal/light_T1_r4.pcapng,R4,305,3050.0006647109985,0.006,0.256,0.04,0.698,0.0,Light_T1
/home/lmy/iot-device-classification/dataset/light_T1/round4_normal/light_T1_r4.pcapng,R4,306,3060.8346786499023,0.182,0.28,0.214,0.324,0.0,Light_T1
/home/lmy/iot-device-classification/dataset/light_T1/round4_normal/light_T1_r4.pcapng,R4,307,3072.17769241333,0.044,0.68,0.088,0.188,0.0,Light_T1
/home/lmy/iot-device-classification/dataset/light_T1/round4_normal/light_T1_r4.pcapng,R4,308,3080.139945268631,0.036,0.252,0.576,0.136,0.0,Light_T1
/home/lmy/iot-device-classification/dataset/light_T1/round4_normal/light_T1_r4.pcapng,R4,309,3090.215354681015,0.042,0.284,0.526,0.146,0.002,Light_T1
/home/lmy/iot-device-classification/dataset/light_T1/round4_normal/light_T1_r4.pcapng,R4,310,3100.295728445053,0.052,0.204,0.476,0.264,0.004,Light_T1
/home/lmy/iot-device-classification/dataset/light_T1/round4_normal/light_T1_r4.pcapng,R4,311,3110.359422445297,0.044,0.674,0.236,0.046,0.0,Light_T1
/home/lmy/iot-device-classification/dataset/light_T1/round4_normal/light_T1_r4.pcapng,R4,312,3120.426615715027,0.05,0.734,0.172,0.044,0.0,Light_T1
/home/lmy/iot-device-classification/dataset/light_T1/round4_normal/light_T1_r4.pcapng,R4,313,3130.471435070038,0.048,0.424,0.372,0.156,0.0,Light_T1
/home/lmy/iot-device-classification/dataset/light_T1/round4_normal/light_T1_r4.pcapng,R4,314,3140.539906978607,0.05,0.684,0.178,0.088,0.0,Light_T1
/home/lmy/iot-device-classification/dataset/light_T1/round4_normal/light_T1_r4.pcapng,R4,315,3150.603569507599,0.172,0.426,0.218,0.184,0.0,Light_T1
/home/lmy/iot-device-classification/dataset/light_T1/round4_normal/light_T1_r4.pcapng,R4,316,3160.723982334137,0.062,0.282,0.408,0.246,0.002,Light_T1
/home/lmy/iot-device-classification/dataset/light_T1/round4_normal/light_T1_r4.pcapng,R4,317,3170.778931617737,0.052,0.67,0.222,0.056,0.0,Light_T1
/home/lmy/iot-device-classification/dataset/light_T1/round4_normal/light_T1_r4.pcapng,R4,318,3180.8213675022125,0.048,0.58,0.256,0.116,0.0,Light_T1
/home/lmy/iot-device-classification/dataset/light_T1/round4_normal/light_T1_r4.pcapng,R4,319,3190.868147611618,0.02,0.77,0.14,0.07,0.0,Light_T1
/home/lmy/iot-device-classification/dataset/light_T1/round4_normal/light_T1_r4.pcapng,R4,320,3201.01696395874,0.086,0.69,0.16,0.064,0.0,Light_T1
/home/lmy/iot-device-classification/dataset/light_T1/round4_normal/light_T1_r4.pcapng,R4,321,3211.023355722428,0.192,0.518,0.128,0.162,0.0,Light_T1
/home/lmy/iot-device-classification/dataset/light_T1/round4_normal/light_T1_r4.pcapng,R4,322,3221.171087503433,0.036,0.668,0.154,0.14,0.002,Light_T1
/home/lmy/iot-device-classification/dataset/light_T1/round4_normal/light_T1_r4.pcapng,R4,323,3231.128885507584,0.08,0.678,0.144,0.098,0.0,Light_T1
/home/lmy/iot-device-classification/dataset/light_T1/round4_normal/light_T1_r4.pcapng,R4,324,3241.111367225647,0.036,0.158,0.054,0.75,0.002,Light_T1
/home/lmy/iot-device-classification/dataset/light_T1/round4_normal/light_T1_r4.pcapng,R4,325,3251.264580488205,0.002,0.312,0.358,0.326,0.002,Light_T1
/home/lmy/iot-device-classification/dataset/light_T1/round4_normal/light_T1_r4.pcapng,R4,326,3261.3220257759094,0.032,0.632,0.224,0.112,0.0,Light_T1
/home/lmy/iot-device-classification/dataset/light_T1/round4_normal/light_T1_r4.pcapng,R4,327,3271.435034751892,0.068,0.606,0.126,0.198,0.002,Light_T1
/home/lmy/iot-device-classification/dataset/light_T1/round4_normal/light_T1_r4.pcapng,R4,328,3280.3810880184174,0.008,0.184,0.286,0.52,0.002,Light_T1
/home/lmy/iot-device-classification/dataset/light_T1/round4_normal/light_T1_r4.pcapng,R4,329,3291.1428945064545,0.076,0.392,0.426,0.106,0.0,Light_T1
/home/lmy/iot-device-classification/dataset/light_T1/round4_normal/light_T1_r4.pcapng,R4,330,3301.6235275268555,0.05,0.52,0.32,0.11,0.0,Light_T1
/home/lmy/iot-device-classification/dataset/light_T1/round4_normal/light_T1_r4.pcapng,R4,331,3311.6966490745544,0.0,0.41,0.326,0.264,0.0,Light_T1
/home/lmy/iot-device-classification/dataset/light_T1/round4_normal/light_T1_r4.pcapng,R4,332,3321.721424102783,0.082,0.69,0.138,0.09,0.0,Light_T1
/home/lmy/iot-device-classification/dataset/light_T1/round4_normal/light_T1_r4.pcapng,R4,333,3331.108699321747,0.14,0.212,0.246,0.402,0.0,Light_T1
/home/lmy/iot-device-classification/dataset/light_T1/round4_normal/light_T1_r4.pcapng,R4,334,3341.8752415180206,0.028,0.316,0.492,0.164,0.0,Light_T1
/home/lmy/iot-device-classification/dataset/light_T1/round4_normal/light_T1_r4.pcapng,R4,335,3352.100694179535,0.04,0.86,0.04,0.06,0.0,Light_T1
/home/lmy/iot-device-classification/dataset/light_T1/round4_normal/light_T1_r4.pcapng,R4,336,3362.036130905152,0.084,0.694,0.16,0.062,0.0,Light_T1
/home/lmy/iot-device-classification/dataset/light_T1/round4_normal/light_T1_r4.pcapng,R4,337,3372.134481906891,0.0,0.276,0.468,0.248,0.008,Light_T1
/home/lmy/iot-device-classification/dataset/light_T1/round4_normal/light_T1_r4.pcapng,R4,338,3381.1440954208374,0.118,0.518,0.232,0.13,0.002,Light_T1
/home/lmy/iot-device-classification/dataset/light_T1/round4_normal/light_T1_r4.pcapng,R4,339,3392.176847219467,0.022,0.922,0.05,0.006,0.0,Light_T1
/home/lmy/iot-device-classification/dataset/light_T1/round4_normal/light_T1_r4.pcapng,R4,340,3402.2366259098053,0.0,0.612,0.26,0.128,0.0,Light_T1
/home/lmy/iot-device-classification/dataset/light_T1/round4_normal/light_T1_r4.pcapng,R4,341,3412.4206142425537,0.016,0.402,0.462,0.12,0.0,Light_T1
/home/lmy/iot-device-classification/dataset/light_T1/round4_normal/light_T1_r4.pcapng,R4,342,3421.109601259232,0.022,0.128,0.62,0.228,0.002,Light_T1
/home/lmy/iot-device-classification/dataset/light_T1/round4_normal/light_T1_r4.pcapng,R4,343,3432.466712474823,0.026,0.33,0.338,0.302,0.004,Light_T1
/home/lmy/iot-device-classification/dataset/light_T1/round4_normal/light_T1_r4.pcapng,R4,344,3442.5137650966644,0.012,0.908,0.042,0.038,0.0,Light_T1
/home/lmy/iot-device-classification/dataset/light_T1/round4_normal/light_T1_r4.pcapng,R4,345,3451.1095654964447,0.138,0.448,0.274,0.14,0.0,Light_T1
/home/lmy/iot-device-classification/dataset/light_T1/round4_normal/light_T1_r4.pcapng,R4,346,3462.6496992111206,0.048,0.464,0.334,0.154,0.0,Light_T1
/home/lmy/iot-device-classification/dataset/light_T1/round4_normal/light_T1_r4.pcapng,R4,347,3471.142843961716,0.122,0.462,0.29,0.126,0.0,Light_T1
/home/lmy/iot-device-classification/dataset/light_T1/round4_normal/light_T1_r4.pcapng,R4,348,3483.8715727329254,0.066,0.52,0.266,0.148,0.0,Light_T1
/home/lmy/iot-device-classification/dataset/light_T1/round4_normal/light_T1_r4.pcapng,R4,349,3492.845641136169,0.032,0.332,0.518,0.118,0.0,Light_T1
/home/lmy/iot-device-classification/dataset/light_T1/round4_normal/light_T1_r4.pcapng,R4,350,3502.9142792224884,0.068,0.7,0.182,0.05,0.0,Light_T1
/home/lmy/iot-device-classification/dataset/light_T1/round4_normal/light_T1_r4.pcapng,R4,351,3511.1110525131226,0.05,0.262,0.234,0.452,0.002,Light_T1
/home/lmy/iot-device-classification/dataset/light_T1/round4_normal/light_T1_r4.pcapng,R4,352,3523.0343160629272,0.048,0.178,0.594,0.18,0.0,Light_T1
/home/lmy/iot-device-classification/dataset/light_T1/round4_normal/light_T1_r4.pcapng,R4,353,3533.119133234024,0.016,0.892,0.08,0.012,0.0,Light_T1
/home/lmy/iot-device-classification/dataset/light_T1/round4_normal/light_T1_r4.pcapng,R4,354,3543.248578310013,0.052,0.648,0.248,0.052,0.0,Light_T1
/home/lmy/iot-device-classification/dataset/light_T1/round4_normal/light_T1_r4.pcapng,R4,355,3553.272077322006,0.002,0.394,0.286,0.316,0.002,Light_T1
/home/lmy/iot-device-classification/dataset/light_T1/round4_normal/light_T1_r4.pcapng,R4,356,3561.141973257065,0.024,0.496,0.382,0.098,0.0,Light_T1
/home/lmy/iot-device-classification/dataset/light_T1/round4_normal/light_T1_r4.pcapng,R4,357,3571.1213097572327,0.04,0.776,0.092,0.092,0.0,Light_T1
/home/lmy/iot-device-classification/dataset/light_T1/round4_normal/light_T1_r4.pcapng,R4,358,3583.516790390014,0.036,0.632,0.224,0.104,0.004,Light_T1
/home/lmy/iot-device-classification/dataset/light_T1/round4_normal/light_T1_r4.pcapng,R4,359,3593.53786444664,0.008,0.894,0.08,0.018,0.0,Light_T1
/home/lmy/iot-device-classification/dataset/light_T1/round4_normal/light_T1_r4.pcapng,R4,360,3601.1088738441467,0.052,0.232,0.084,0.632,0.0,Light_T1
/home/lmy/iot-device-classification/dataset/light_T1/round4_normal/light_T1_r4.pcapng,R4,361,3613.675430297852,0.03,0.644,0.066,0.26,0.0,Light_T1
/home/lmy/iot-device-classification/dataset/light_T1/round4_normal/light_T1_r4.pcapng,R4,362,3625.3270015716553,0.004,0.084,0.01,0.894,0.008,Light_T1
/home/lmy/iot-device-classification/dataset/light_T1/round4_normal/light_T1_r4.pcapng,R4,363,3635.726821899414,0.066,0.098,0.046,0.79,0.0,Light_T1
/home/lmy/iot-device-classification/dataset/light_T1/round4_normal/light_T1_r4.pcapng,R4,364,3644.777440309525,0.054,0.272,0.122,0.55,0.002,Light_T1
/home/lmy/iot-device-classification/dataset/light_xm/round4_normal/light_xm_r4.pcapng,R4,258,2580.382740736008,0.002,0.052,0.848,0.096,0.002,Light_XM
/home/lmy/iot-device-classification/dataset/light_xm/round4_normal/light_xm_r4.pcapng,R4,259,2593.956295013428,0.014,0.104,0.858,0.024,0.0,Light_XM
/home/lmy/iot-device-classification/dataset/light_xm/round4_normal/light_xm_r4.pcapng,R4,260,2603.498861312866,0.002,0.012,0.982,0.004,0.0,Light_XM
/home/lmy/iot-device-classification/dataset/light_xm/round4_normal/light_xm_r4.pcapng,R4,261,2610.524472475052,0.026,0.078,0.772,0.124,0.0,Light_XM
/home/lmy/iot-device-classification/dataset/light_xm/round4_normal/light_xm_r4.pcapng,R4,262,2620.3016562461853,0.006,0.076,0.826,0.092,0.0,Light_XM
/home/lmy/iot-device-classification/dataset/light_xm/round4_normal/light_xm_r4.pcapng,R4,263,2636.174589395523,0.04,0.256,0.598,0.106,0.0,Light_XM
/home/lmy/iot-device-classification/dataset/light_xm/round4_normal/light_xm_r4.pcapng,R4,264,2643.5708162784576,0.066,0.124,0.482,0.328,0.0,Light_XM
/home/lmy/iot-device-classification/dataset/light_xm/round4_normal/light_xm_r4.pcapng,R4,265,2653.019253015518,0.084,0.1,0.606,0.21,0.0,Light_XM
/home/lmy/iot-device-classification/dataset/light_xm/round4_normal/light_xm_r4.pcapng,R4,266,2660.34196138382,0.014,0.028,0.924,0.032,0.002,Light_XM
/home/lmy/iot-device-classification/dataset/light_xm/round4_normal/light_xm_r4.pcapng,R4,267,2673.600920200348,0.016,0.128,0.762,0.094,0.0,Light_XM
/home/lmy/iot-device-classification/dataset/light_xm/round4_normal/light_xm_r4.pcapng,R4,268,2681.2221541404724,0.022,0.1,0.834,0.044,0.0,Light_XM
/home/lmy/iot-device-classification/dataset/light_xm/round4_normal/light_xm_r4.pcapng,R4,269,2690.049971342087,0.022,0.086,0.878,0.014,0.0,Light_XM
/home/lmy/iot-device-classification/dataset/light_xm/round4_normal/light_xm_r4.pcapng,R4,270,2700.5141587257385,0.008,0.126,0.764,0.102,0.0,Light_XM
/home/lmy/iot-device-classification/dataset/light_xm/round4_normal/light_xm_r4.pcapng,R4,271,2716.255397081375,0.008,0.176,0.692,0.124,0.0,Light_XM
/home/lmy/iot-device-classification/dataset/light_xm/round4_normal/light_xm_r4.pcapng,R4,272,2720.3810687065125,0.016,0.086,0.78,0.118,0.0,Light_XM
/home/lmy/iot-device-classification/dataset/light_xm/round4_normal/light_xm_r4.pcapng,R4,273,2731.3427481651306,0.004,0.088,0.502,0.406,0.0,Light_XM
/home/lmy/iot-device-classification/dataset/light_xm/round4_normal/light_xm_r4.pcapng,R4,274,2741.310231924057,0.004,0.03,0.904,0.062,0.0,Light_XM
/home/lmy/iot-device-classification/dataset/light_xm/round4_normal/light_xm_r4.pcapng,R4,275,2750.054668188095,0.034,0.114,0.742,0.11,0.0,Light_XM
/home/lmy/iot-device-classification/dataset/light_xm/round4_normal/light_xm_r4.pcapng,R4,276,2763.6906309127808,0.012,0.088,0.848,0.052,0.0,Light_XM
/home/lmy/iot-device-classification/dataset/light_xm/round4_normal/light_xm_r4.pcapng,R4,277,2771.362978219986,0.0,0.008,0.97,0.022,0.0,Light_XM
/home/lmy/iot-device-classification/dataset/light_xm/round4_normal/light_xm_r4.pcapng,R4,278,2781.382755756378,0.008,0.152,0.76,0.08,0.0,Light_XM
/home/lmy/iot-device-classification/dataset/light_xm/round4_normal/light_xm_r4.pcapng,R4,279,2790.043015480041,0.038,0.108,0.748,0.106,0.0,Light_XM
/home/lmy/iot-device-classification/dataset/light_xm/round4_normal/light_xm_r4.pcapng,R4,280,2805.925469875336,0.0,0.034,0.898,0.066,0.002,Light_XM
/home/lmy/iot-device-classification/dataset/light_xm/round4_normal/light_xm_r4.pcapng,R4,281,2816.3159925937653,0.024,0.092,0.816,0.066,0.002,Light_XM
/home/lmy/iot-device-classification/dataset/light_xm/round4_normal/light_xm_r4.pcapng,R4,282,2820.5129477977757,0.002,0.018,0.898,0.082,0.0,Light_XM
/home/lmy/iot-device-classification/dataset/light_xm/round4_normal/light_xm_r4.pcapng,R4,283,2830.0077567100525,0.04,0.182,0.59,0.188,0.0,Light_XM
/home/lmy/iot-device-classification/dataset/light_xm/round4_normal/light_xm_r4.pcapng,R4,284,2840.423060655594,0.01,0.114,0.834,0.04,0.002,Light_XM
/home/lmy/iot-device-classification/dataset/light_xm/round4_normal/light_xm_r4.pcapng,R4,285,2851.179742336273,0.03,0.126,0.694,0.15,0.0,Light_XM
/home/lmy/iot-device-classification/dataset/light_xm/round4_normal/light_xm_r4.pcapng,R4,286,2860.559941530228,0.01,0.13,0.742,0.116,0.002,Light_XM
/home/lmy/iot-device-classification/dataset/light_xm/round4_normal/light_xm_r4.pcapng,R4,287,2870.28262257576,0.002,0.034,0.942,0.022,0.0,Light_XM
/home/lmy/iot-device-classification/dataset/light_xm/round4_normal/light_xm_r4.pcapng,R4,288,2880.5282702445984,0.012,0.082,0.832,0.074,0.0,Light_XM
/home/lmy/iot-device-classification/dataset/light_xm/round4_normal/light_xm_r4.pcapng,R4,289,2890.0029187202454,0.014,0.084,0.682,0.22,0.0,Light_XM
/home/lmy/iot-device-classification/dataset/light_xm/round4_normal/light_xm_r4.pcapng,R4,290,2900.092196702957,0.016,0.082,0.842,0.058,0.002,Light_XM
/home/lmy/iot-device-classification/dataset/light_xm/round4_normal/light_xm_r4.pcapng,R4,291,2911.9727325439453,0.028,0.098,0.506,0.368,0.0,Light_XM
/home/lmy/iot-device-classification/dataset/light_xm/round4_normal/light_xm_r4.pcapng,R4,292,2920.213274955749,0.026,0.098,0.79,0.086,0.0,Light_XM
/home/lmy/iot-device-classification/dataset/light_xm/round4_normal/light_xm_r4.pcapng,R4,293,2930.1573765277863,0.02,0.122,0.674,0.184,0.0,Light_XM
/home/lmy/iot-device-classification/dataset/light_xm/round4_normal/light_xm_r4.pcapng,R4,294,2940.043080329895,0.012,0.034,0.892,0.062,0.0,Light_XM
/home/lmy/iot-device-classification/dataset/light_xm/round4_normal/light_xm_r4.pcapng,R4,295,2950.4554703235626,0.158,0.208,0.348,0.284,0.002,Light_XM
/home/lmy/iot-device-classification/dataset/light_xm/round4_normal/light_xm_r4.pcapng,R4,296,2960.1300597190857,0.012,0.17,0.666,0.15,0.002,Light_XM
/home/lmy/iot-device-classification/dataset/light_xm/round4_normal/light_xm_r4.pcapng,R4,297,2970.099057197571,0.004,0.094,0.862,0.04,0.0,Light_XM
/home/lmy/iot-device-classification/dataset/light_xm/round4_normal/light_xm_r4.pcapng,R4,298,2980.072429895401,0.008,0.122,0.554,0.316,0.0,Light_XM
/home/lmy/iot-device-classification/dataset/light_xm/round4_normal/light_xm_r4.pcapng,R4,299,2990.075362920761,0.016,0.166,0.728,0.088,0.002,Light_XM
/home/lmy/iot-device-classification/dataset/light_xm/round4_normal/light_xm_r4.pcapng,R4,300,3000.160317182541,0.04,0.146,0.308,0.504,0.002,Light_XM
/home/lmy/iot-device-classification/dataset/light_xm/round4_normal/light_xm_r4.pcapng,R4,301,3010.20893073082,0.006,0.058,0.906,0.03,0.0,Light_XM
/home/lmy/iot-device-classification/dataset/light_xm/round4_normal/light_xm_r4.pcapng,R4,302,3020.546429157257,0.014,0.04,0.914,0.032,0.0,Light_XM
/home/lmy/iot-device-classification/dataset/light_xm/round4_normal/light_xm_r4.pcapng,R4,303,3030.3387072086334,0.038,0.114,0.712,0.136,0.0,Light_XM
/home/lmy/iot-device-classification/dataset/light_xm/round4_normal/light_xm_r4.pcapng,R4,304,3040.438781738281,0.006,0.042,0.906,0.046,0.0,Light_XM
/home/lmy/iot-device-classification/dataset/light_xm/round4_normal/light_xm_r4.pcapng,R4,305,3050.4605503082275,0.008,0.062,0.908,0.022,0.0,Light_XM
/home/lmy/iot-device-classification/dataset/light_xm/round4_normal/light_xm_r4.pcapng,R4,306,3060.5135447978973,0.01,0.234,0.646,0.11,0.0,Light_XM
/home/lmy/iot-device-classification/dataset/light_xm/round4_normal/light_xm_r4.pcapng,R4,307,3070.6120343208318,0.012,0.19,0.586,0.212,0.0,Light_XM
/home/lmy/iot-device-classification/dataset/light_xm/round4_normal/light_xm_r4.pcapng,R4,308,3080.6717591285706,0.002,0.018,0.978,0.002,0.0,Light_XM
/home/lmy/iot-device-classification/dataset/light_xm/round4_normal/light_xm_r4.pcapng,R4,309,3090.722011566162,0.028,0.128,0.724,0.12,0.0,Light_XM
/home/lmy/iot-device-classification/dataset/light_xm/round4_normal/light_xm_r4.pcapng,R4,310,3100.7830345630646,0.014,0.046,0.87,0.07,0.0,Light_XM
/home/lmy/iot-device-classification/dataset/light_xm/round4_normal/light_xm_r4.pcapng,R4,311,3110.5471971035004,0.006,0.012,0.976,0.006,0.0,Light_XM
/home/lmy/iot-device-classification/dataset/light_xm/round4_normal/light_xm_r4.pcapng,R4,312,3121.0901911258698,0.014,0.1,0.822,0.064,0.0,Light_XM
/home/lmy/iot-device-classification/dataset/light_xm/round4_normal/light_xm_r4.pcapng,R4,313,3131.107038259506,0.006,0.034,0.954,0.006,0.0,Light_XM
/home/lmy/iot-device-classification/dataset/light_xm/round4_normal/light_xm_r4.pcapng,R4,314,3141.0345935821533,0.014,0.236,0.678,0.07,0.002,Light_XM
/home/lmy/iot-device-classification/dataset/light_xm/round4_normal/light_xm_r4.pcapng,R4,315,3150.528079032898,0.012,0.042,0.846,0.1,0.0,Light_XM
/home/lmy/iot-device-classification/dataset/light_xm/round4_normal/light_xm_r4.pcapng,R4,316,3161.1884381771088,0.002,0.004,0.99,0.004,0.0,Light_XM
/home/lmy/iot-device-classification/dataset/light_xm/round4_normal/light_xm_r4.pcapng,R4,317,3171.2327320575714,0.0,0.014,0.978,0.008,0.0,Light_XM
/home/lmy/iot-device-classification/dataset/light_xm/round4_normal/light_xm_r4.pcapng,R4,318,3180.526723623276,0.02,0.194,0.642,0.144,0.0,Light_XM
/home/lmy/iot-device-classification/dataset/light_xm/round4_normal/light_xm_r4.pcapng,R4,319,3191.346606731415,0.022,0.076,0.764,0.138,0.0,Light_XM
/home/lmy/iot-device-classification/dataset/light_xm/round4_normal/light_xm_r4.pcapng,R4,320,3201.4396455287933,0.006,0.026,0.964,0.004,0.0,Light_XM
/home/lmy/iot-device-classification/dataset/light_xm/round4_normal/light_xm_r4.pcapng,R4,321,3211.614276647568,0.024,0.114,0.75,0.112,0.0,Light_XM
/home/lmy/iot-device-classification/dataset/light_xm/round4_normal/light_xm_r4.pcapng,R4,322,3221.576650619507,0.024,0.164,0.746,0.064,0.002,Light_XM
/home/lmy/iot-device-classification/dataset/light_xm/round4_normal/light_xm_r4.pcapng,R4,323,3231.039659023285,0.002,0.012,0.984,0.002,0.0,Light_XM
/home/lmy/iot-device-classification/dataset/light_xm/round4_normal/light_xm_r4.pcapng,R4,324,3240.5135543346405,0.02,0.03,0.796,0.154,0.0,Light_XM
/home/lmy/iot-device-classification/dataset/light_xm/round4_normal/light_xm_r4.pcapng,R4,325,3251.7607510089874,0.008,0.072,0.878,0.042,0.0,Light_XM
/home/lmy/iot-device-classification/dataset/light_xm/round4_normal/light_xm_r4.pcapng,R4,326,3261.813628911972,0.032,0.12,0.724,0.112,0.012,Light_XM
/home/lmy/iot-device-classification/dataset/light_xm/round4_normal/light_xm_r4.pcapng,R4,327,3271.888597488404,0.01,0.124,0.694,0.172,0.0,Light_XM
/home/lmy/iot-device-classification/dataset/light_xm/round4_normal/light_xm_r4.pcapng,R4,328,3282.0865862369537,0.01,0.052,0.546,0.392,0.0,Light_XM
/home/lmy/iot-device-classification/dataset/light_xm/round4_normal/light_xm_r4.pcapng,R4,329,3290.5933995246887,0.014,0.06,0.9,0.026,0.0,Light_XM
/home/lmy/iot-device-classification/dataset/light_xm/round4_normal/light_xm_r4.pcapng,R4,330,3300.526384830475,0.07,0.078,0.632,0.22,0.0,Light_XM
/home/lmy/iot-device-classification/dataset/light_xm/round4_normal/light_xm_r4.pcapng,R4,331,3312.139893054962,0.004,0.048,0.934,0.014,0.0,Light_XM
/home/lmy/iot-device-classification/dataset/light_xm/round4_normal/light_xm_r4.pcapng,R4,332,3322.223874568939,0.016,0.126,0.808,0.05,0.0,Light_XM
/home/lmy/iot-device-classification/dataset/light_xm/round4_normal/light_xm_r4.pcapng,R4,333,3330.5256633758545,0.044,0.076,0.608,0.27,0.002,Light_XM
/home/lmy/iot-device-classification/dataset/light_xm/round4_normal/light_xm_r4.pcapng,R4,334,3342.3853986263275,0.004,0.028,0.956,0.012,0.0,Light_XM
/home/lmy/iot-device-classification/dataset/light_xm/round4_normal/light_xm_r4.pcapng,R4,335,3352.4178433418274,0.004,0.052,0.934,0.01,0.0,Light_XM
/home/lmy/iot-device-classification/dataset/light_xm/round4_normal/light_xm_r4.pcapng,R4,336,3362.468394994736,0.008,0.15,0.744,0.098,0.0,Light_XM
/home/lmy/iot-device-classification/dataset/light_xm/round4_normal/light_xm_r4.pcapng,R4,337,3372.537171125412,0.014,0.088,0.812,0.086,0.0,Light_XM
/home/lmy/iot-device-classification/dataset/light_xm/round4_normal/light_xm_r4.pcapng,R4,338,3380.547493934632,0.008,0.022,0.968,0.002,0.0,Light_XM
/home/lmy/iot-device-classification/dataset/light_xm/round4_normal/light_xm_r4.pcapng,R4,339,3392.6334302425385,0.008,0.114,0.802,0.076,0.0,Light_XM
/home/lmy/iot-device-classification/dataset/light_xm/round4_normal/light_xm_r4.pcapng,R4,340,3402.77445435524,0.002,0.044,0.938,0.016,0.0,Light_XM
/home/lmy/iot-device-classification/dataset/light_xm/round4_normal/light_xm_r4.pcapng,R4,341,3412.7746193408966,0.002,0.006,0.988,0.004,0.0,Light_XM
/home/lmy/iot-device-classification/dataset/light_xm/round4_normal/light_xm_r4.pcapng,R4,342,3420.526767730713,0.07,0.028,0.72,0.182,0.0,Light_XM
/home/lmy/iot-device-classification/dataset/light_xm/round4_normal/light_xm_r4.pcapng,R4,343,3432.8877277374268,0.002,0.146,0.554,0.298,0.0,Light_XM
/home/lmy/iot-device-classification/dataset/light_xm/round4_normal/light_xm_r4.pcapng,R4,344,3442.949015140533,0.002,0.012,0.974,0.012,0.0,Light_XM
/home/lmy/iot-device-classification/dataset/light_xm/round4_normal/light_xm_r4.pcapng,R4,345,3453.0078794956207,0.016,0.132,0.746,0.104,0.002,Light_XM
/home/lmy/iot-device-classification/dataset/light_xm/round4_normal/light_xm_r4.pcapng,R4,346,3463.07031416893,0.008,0.022,0.922,0.048,0.0,Light_XM
/home/lmy/iot-device-classification/dataset/light_xm/round4_normal/light_xm_r4.pcapng,R4,347,3470.548122406006,0.0,0.012,0.946,0.042,0.0,Light_XM
/home/lmy/iot-device-classification/dataset/light_xm/round4_normal/light_xm_r4.pcapng,R4,348,3482.655919313431,0.006,0.086,0.72,0.188,0.0,Light_XM
/home/lmy/iot-device-classification/dataset/light_xm/round4_normal/light_xm_r4.pcapng,R4,349,3491.200705051422,0.032,0.172,0.546,0.25,0.0,Light_XM
/home/lmy/iot-device-classification/dataset/light_xm/round4_normal/light_xm_r4.pcapng,R4,350,3503.321994543076,0.006,0.156,0.664,0.174,0.0,Light_XM
/home/lmy/iot-device-classification/dataset/light_xm/round4_normal/light_xm_r4.pcapng,R4,351,3510.513950586319,0.016,0.052,0.832,0.1,0.0,Light_XM
/home/lmy/iot-device-classification/dataset/light_xm/round4_normal/light_xm_r4.pcapng,R4,352,3523.2830131053925,0.022,0.136,0.806,0.036,0.0,Light_XM
/home/lmy/iot-device-classification/dataset/light_xm/round4_normal/light_xm_r4.pcapng,R4,353,3533.499715328217,0.002,0.01,0.958,0.03,0.0,Light_XM
/home/lmy/iot-device-classification/dataset/light_xm/round4_normal/light_xm_r4.pcapng,R4,354,3540.52636551857,0.076,0.062,0.626,0.236,0.0,Light_XM
/home/lmy/iot-device-classification/dataset/light_xm/round4_normal/light_xm_r4.pcapng,R4,355,3553.616809129715,0.012,0.098,0.686,0.198,0.006,Light_XM
/home/lmy/iot-device-classification/dataset/light_xm/round4_normal/light_xm_r4.pcapng,R4,356,3563.673278570175,0.0,0.016,0.944,0.04,0.0,Light_XM
/home/lmy/iot-device-classification/dataset/light_xm/round4_normal/light_xm_r4.pcapng,R4,357,3573.739167928696,0.014,0.132,0.68,0.172,0.002,Light_XM
/home/lmy/iot-device-classification/dataset/light_xm/round4_normal/light_xm_r4.pcapng,R4,358,3583.829743385315,0.018,0.106,0.856,0.018,0.002,Light_XM
/home/lmy/iot-device-classification/dataset/light_xm/round4_normal/light_xm_r4.pcapng,R4,359,3593.859872817993,0.008,0.128,0.742,0.122,0.0,Light_XM
/home/lmy/iot-device-classification/dataset/light_xm/round4_normal/light_xm_r4.pcapng,R4,360,3600.514636039734,0.028,0.138,0.652,0.18,0.002,Light_XM
/home/lmy/iot-device-classification/dataset/light_xm/round4_normal/light_xm_r4.pcapng,R4,361,3613.999394416809,0.004,0.038,0.93,0.028,0.0,Light_XM
/home/lmy/iot-device-classification/dataset/light_xm/round4_normal/light_xm_r4.pcapng,R4,362,3625.309584856033,0.016,0.1,0.846,0.038,0.0,Light_XM
/home/lmy/iot-device-classification/dataset/light_xm/round4_normal/light_xm_r4.pcapng,R4,363,3633.76064491272,0.052,0.078,0.512,0.358,0.0,Light_XM
/home/lmy/iot-device-classification/dataset/light_xm/round4_normal/light_xm_r4.pcapng,R4,364,3644.1589069366455,0.01,0.022,0.14,0.828,0.0,Light_XM
/home/lmy/iot-device-classification/dataset/light_xm/round4_normal/light_xm_r4.pcapng,R4,365,3650.5485982894897,0.006,0.026,0.108,0.858,0.002,Light_XM
/home/lmy/iot-device-classification/dataset/light_xm/round4_normal/light_xm_r4.pcapng,R4,366,3660.5133395195007,0.036,0.144,0.648,0.172,0.0,Light_XM
/home/lmy/iot-device-classification/dataset/light_xm/round4_normal/light_xm_r4.pcapng,R4,367,3672.593174934387,0.0,0.028,0.134,0.838,0.0,Light_XM
/home/lmy/iot-device-classification/dataset/sensor/round4_normal/sensor_r4.pcapng,R4,254,2543.221855401993,0.002,0.076,0.012,0.908,0.002,Sensor
/home/lmy/iot-device-classification/dataset/sensor/round4_normal/sensor_r4.pcapng,R4,255,2553.178806781769,0.002,0.26,0.088,0.65,0.0,Sensor
/home/lmy/iot-device-classification/dataset/sensor/round4_normal/sensor_r4.pcapng,R4,256,2564.592813014984,0.056,0.108,0.276,0.558,0.002,Sensor
/home/lmy/iot-device-classification/dataset/sensor/round4_normal/sensor_r4.pcapng,R4,257,2571.465049982071,0.006,0.072,0.05,0.872,0.0,Sensor
/home/lmy/iot-device-classification/dataset/sensor/round4_normal/sensor_r4.pcapng,R4,258,2581.374691009521,0.016,0.164,0.386,0.434,0.0,Sensor
/home/lmy/iot-device-classification/dataset/sensor/round4_normal/sensor_r4.pcapng,R4,259,2594.699715614319,0.014,0.088,0.036,0.862,0.0,Sensor
/home/lmy/iot-device-classification/dataset/sensor/round4_normal/sensor_r4.pcapng,R4,260,2604.7132918834686,0.002,0.01,0.024,0.964,0.0,Sensor
/home/lmy/iot-device-classification/dataset/sensor/round4_normal/sensor_r4.pcapng,R4,261,2610.3011190891266,0.092,0.162,0.202,0.544,0.0,Sensor
/home/lmy/iot-device-classification/dataset/sensor/round4_normal/sensor_r4.pcapng,R4,262,2623.699755191803,0.012,0.024,0.052,0.91,0.002,Sensor
/home/lmy/iot-device-classification/dataset/sensor/round4_normal/sensor_r4.pcapng,R4,263,2631.4657502174377,0.0,0.034,0.044,0.922,0.0,Sensor
/home/lmy/iot-device-classification/dataset/sensor/round4_normal/sensor_r4.pcapng,R4,264,2643.2606649398804,0.02,0.242,0.336,0.402,0.0,Sensor
/home/lmy/iot-device-classification/dataset/sensor/round4_normal/sensor_r4.pcapng,R4,265,2654.758315563202,0.0,0.02,0.012,0.966,0.002,Sensor
/home/lmy/iot-device-classification/dataset/sensor/round4_normal/sensor_r4.pcapng,R4,266,2660.0440304279327,0.01,0.158,0.09,0.742,0.0,Sensor
/home/lmy/iot-device-classification/dataset/sensor/round4_normal/sensor_r4.pcapng,R4,267,2671.3704104423523,0.074,0.152,0.312,0.462,0.0,Sensor
/home/lmy/iot-device-classification/dataset/sensor/round4_normal/sensor_r4.pcapng,R4,268,2684.788730621338,0.01,0.076,0.034,0.88,0.0,Sensor
/home/lmy/iot-device-classification/dataset/sensor/round4_normal/sensor_r4.pcapng,R4,269,2694.7977187633514,0.006,0.06,0.016,0.914,0.004,Sensor
/home/lmy/iot-device-classification/dataset/sensor/round4_normal/sensor_r4.pcapng,R4,270,2703.331562280655,0.004,0.078,0.152,0.766,0.0,Sensor
/home/lmy/iot-device-classification/dataset/sensor/round4_normal/sensor_r4.pcapng,R4,271,2712.3896083831787,0.024,0.08,0.668,0.228,0.0,Sensor
/home/lmy/iot-device-classification/dataset/sensor/round4_normal/sensor_r4.pcapng,R4,272,2721.461784362793,0.002,0.022,0.006,0.97,0.0,Sensor
/home/lmy/iot-device-classification/dataset/sensor/round4_normal/sensor_r4.pcapng,R4,273,2733.347604036331,0.016,0.292,0.08,0.612,0.0,Sensor
/home/lmy/iot-device-classification/dataset/sensor/round4_normal/sensor_r4.pcapng,R4,274,2744.8491082191467,0.0,0.018,0.016,0.966,0.0,Sensor
/home/lmy/iot-device-classification/dataset/sensor/round4_normal/sensor_r4.pcapng,R4,275,2754.8578560352325,0.052,0.134,0.058,0.75,0.006,Sensor
/home/lmy/iot-device-classification/dataset/sensor/round4_normal/sensor_r4.pcapng,R4,276,2761.3687059879303,0.05,0.228,0.456,0.262,0.004,Sensor
/home/lmy/iot-device-classification/dataset/sensor/round4_normal/sensor_r4.pcapng,R4,277,2774.8773946762085,0.004,0.006,0.016,0.974,0.0,Sensor
/home/lmy/iot-device-classification/dataset/sensor/round4_normal/sensor_r4.pcapng,R4,278,2784.887467622757,0.0,0.014,0.016,0.97,0.0,Sensor
/home/lmy/iot-device-classification/dataset/sensor/round4_normal/sensor_r4.pcapng,R4,279,2793.4248185157776,0.032,0.26,0.092,0.616,0.0,Sensor
/home/lmy/iot-device-classification/dataset/sensor/round4_normal/sensor_r4.pcapng,R4,280,2800.019280433655,0.002,0.064,0.012,0.922,0.0,Sensor
/home/lmy/iot-device-classification/dataset/sensor/round4_normal/sensor_r4.pcapng,R4,281,2810.024772644043,0.034,0.102,0.07,0.794,0.0,Sensor
/home/lmy/iot-device-classification/dataset/sensor/round4_normal/sensor_r4.pcapng,R4,282,2823.4464662075043,0.012,0.132,0.112,0.742,0.002,Sensor
/home/lmy/iot-device-classification/dataset/sensor/round4_normal/sensor_r4.pcapng,R4,283,2830.0570838451385,0.028,0.268,0.054,0.65,0.0,Sensor
/home/lmy/iot-device-classification/dataset/sensor/round4_normal/sensor_r4.pcapng,R4,284,2840.0234994888306,0.034,0.152,0.096,0.718,0.0,Sensor
/home/lmy/iot-device-classification/dataset/sensor/round4_normal/sensor_r4.pcapng,R4,285,2850.223693847656,0.152,0.322,0.254,0.27,0.002,Sensor
/home/lmy/iot-device-classification/dataset/sensor/round4_normal/sensor_r4.pcapng,R4,286,2860.057203054428,0.016,0.174,0.172,0.638,0.0,Sensor
/home/lmy/iot-device-classification/dataset/sensor/round4_normal/sensor_r4.pcapng,R4,287,2870.257622241974,0.022,0.17,0.144,0.664,0.0,Sensor
/home/lmy/iot-device-classification/dataset/sensor/round4_normal/sensor_r4.pcapng,R4,288,2880.3596019744878,0.068,0.302,0.106,0.522,0.002,Sensor
/home/lmy/iot-device-classification/dataset/sensor/round4_normal/sensor_r4.pcapng,R4,289,2890.456193447113,0.008,0.174,0.024,0.794,0.0,Sensor
/home/lmy/iot-device-classification/dataset/sensor/round4_normal/sensor_r4.pcapng,R4,290,2900.3600771427155,0.038,0.146,0.104,0.712,0.0,Sensor
/home/lmy/iot-device-classification/dataset/sensor/round4_normal/sensor_r4.pcapng,R4,291,2910.556235074997,0.01,0.208,0.398,0.384,0.0,Sensor
/home/lmy/iot-device-classification/dataset/sensor/round4_normal/sensor_r4.pcapng,R4,292,2920.4557526111603,0.012,0.138,0.008,0.842,0.0,Sensor
/home/lmy/iot-device-classification/dataset/sensor/round4_normal/sensor_r4.pcapng,R4,293,2930.719050645828,0.002,0.032,0.048,0.918,0.0,Sensor
/home/lmy/iot-device-classification/dataset/sensor/round4_normal/sensor_r4.pcapng,R4,294,2940.719708442688,0.008,0.482,0.074,0.434,0.002,Sensor
/home/lmy/iot-device-classification/dataset/sensor/round4_normal/sensor_r4.pcapng,R4,295,2950.7560307979584,0.002,0.084,0.044,0.87,0.0,Sensor
/home/lmy/iot-device-classification/dataset/sensor/round4_normal/sensor_r4.pcapng,R4,296,2960.9554147720337,0.006,0.178,0.058,0.758,0.0,Sensor
/home/lmy/iot-device-classification/dataset/sensor/round4_normal/sensor_r4.pcapng,R4,297,2970.9556267261505,0.036,0.328,0.246,0.382,0.008,Sensor
/home/lmy/iot-device-classification/dataset/sensor/round4_normal/sensor_r4.pcapng,R4,298,2980.8363404273987,0.026,0.088,0.086,0.8,0.0,Sensor
/home/lmy/iot-device-classification/dataset/sensor/round4_normal/sensor_r4.pcapng,R4,299,2991.0567543506622,0.014,0.034,0.026,0.926,0.0,Sensor
/home/lmy/iot-device-classification/dataset/sensor/round4_normal/sensor_r4.pcapng,R4,300,3000.9558503627777,0.052,0.24,0.264,0.444,0.0,Sensor
/home/lmy/iot-device-classification/dataset/sensor/round4_normal/sensor_r4.pcapng,R4,301,3010.619120836258,0.018,0.074,0.734,0.172,0.002,Sensor
/home/lmy/iot-device-classification/dataset/sensor/round4_normal/sensor_r4.pcapng,R4,302,3021.155176639557,0.034,0.114,0.034,0.816,0.002,Sensor
/home/lmy/iot-device-classification/dataset/sensor/round4_normal/sensor_r4.pcapng,R4,303,3031.355173587799,0.04,0.092,0.502,0.366,0.0,Sensor
/home/lmy/iot-device-classification/dataset/sensor/round4_normal/sensor_r4.pcapng,R4,304,3041.254681825638,0.03,0.112,0.042,0.816,0.0,Sensor
/home/lmy/iot-device-classification/dataset/sensor/round4_normal/sensor_r4.pcapng,R4,305,3051.4549980163574,0.002,0.094,0.052,0.852,0.0,Sensor
/home/lmy/iot-device-classification/dataset/sensor/round4_normal/sensor_r4.pcapng,R4,306,3061.354912757873,0.008,0.26,0.096,0.634,0.002,Sensor
/home/lmy/iot-device-classification/dataset/sensor/round4_normal/sensor_r4.pcapng,R4,307,3071.758267879486,0.002,0.034,0.006,0.958,0.0,Sensor
/home/lmy/iot-device-classification/dataset/sensor/round4_normal/sensor_r4.pcapng,R4,308,3081.4601027965546,0.056,0.226,0.108,0.61,0.0,Sensor
/home/lmy/iot-device-classification/dataset/sensor/round4_normal/sensor_r4.pcapng,R4,309,3091.734598636627,0.042,0.228,0.206,0.524,0.0,Sensor
/home/lmy/iot-device-classification/dataset/sensor/round4_normal/sensor_r4.pcapng,R4,310,3101.654893875122,0.008,0.114,0.038,0.84,0.0,Sensor
/home/lmy/iot-device-classification/dataset/sensor/round4_normal/sensor_r4.pcapng,R4,311,3111.630611181259,0.004,0.094,0.128,0.774,0.0,Sensor
/home/lmy/iot-device-classification/dataset/sensor/round4_normal/sensor_r4.pcapng,R4,312,3121.377539396286,0.132,0.166,0.242,0.45,0.01,Sensor
/home/lmy/iot-device-classification/dataset/sensor/round4_normal/sensor_r4.pcapng,R4,313,3131.955076217652,0.01,0.154,0.03,0.806,0.0,Sensor
/home/lmy/iot-device-classification/dataset/sensor/round4_normal/sensor_r4.pcapng,R4,314,3142.0218670368195,0.022,0.12,0.016,0.842,0.0,Sensor
/home/lmy/iot-device-classification/dataset/sensor/round4_normal/sensor_r4.pcapng,R4,315,3152.0547931194305,0.026,0.626,0.1,0.248,0.0,Sensor
/home/lmy/iot-device-classification/dataset/sensor/round4_normal/sensor_r4.pcapng,R4,316,3161.557574748993,0.024,0.118,0.412,0.446,0.0,Sensor
/home/lmy/iot-device-classification/dataset/sensor/round4_normal/sensor_r4.pcapng,R4,317,3171.40425157547,0.026,0.04,0.054,0.88,0.0,Sensor
/home/lmy/iot-device-classification/dataset/sensor/round4_normal/sensor_r4.pcapng,R4,318,3180.4747562408447,0.06,0.206,0.468,0.266,0.0,Sensor
/home/lmy/iot-device-classification/dataset/sensor/round4_normal/sensor_r4.pcapng,R4,319,3192.7060208320618,0.0,0.01,0.024,0.966,0.0,Sensor
/home/lmy/iot-device-classification/dataset/sensor/round4_normal/sensor_r4.pcapng,R4,320,3202.254499435425,0.068,0.516,0.022,0.394,0.0,Sensor
/home/lmy/iot-device-classification/dataset/sensor/round4_normal/sensor_r4.pcapng,R4,321,3210.39456987381,0.01,0.196,0.39,0.396,0.008,Sensor
/home/lmy/iot-device-classification/dataset/sensor/round4_normal/sensor_r4.pcapng,R4,322,3222.654808282852,0.012,0.116,0.16,0.712,0.0,Sensor
/home/lmy/iot-device-classification/dataset/sensor/round4_normal/sensor_r4.pcapng,R4,323,3232.270478248596,0.004,0.11,0.024,0.862,0.0,Sensor
/home/lmy/iot-device-classification/dataset/sensor/round4_normal/sensor_r4.pcapng,R4,324,3240.754087209701,0.002,0.108,0.334,0.55,0.006,Sensor
/home/lmy/iot-device-classification/dataset/sensor/round4_normal/sensor_r4.pcapng,R4,325,3252.8115351200104,0.004,0.08,0.02,0.896,0.0,Sensor
/home/lmy/iot-device-classification/dataset/sensor/round4_normal/sensor_r4.pcapng,R4,326,3261.459039926529,0.026,0.088,0.79,0.096,0.0,Sensor
/home/lmy/iot-device-classification/dataset/sensor/round4_normal/sensor_r4.pcapng,R4,327,3272.834908246994,0.0,0.076,0.18,0.744,0.0,Sensor
/home/lmy/iot-device-classification/dataset/sensor/round4_normal/sensor_r4.pcapng,R4,328,3282.2538046836853,0.006,0.062,0.04,0.892,0.0,Sensor
/home/lmy/iot-device-classification/dataset/sensor/round4_normal/sensor_r4.pcapng,R4,329,3293.0564210414886,0.01,0.076,0.036,0.876,0.002,Sensor
/home/lmy/iot-device-classification/dataset/sensor/round4_normal/sensor_r4.pcapng,R4,330,3301.364711523056,0.008,0.068,0.336,0.584,0.004,Sensor
/home/lmy/iot-device-classification/dataset/sensor/round4_normal/sensor_r4.pcapng,R4,331,3312.4571866989136,0.026,0.37,0.258,0.346,0.0,Sensor
/home/lmy/iot-device-classification/dataset/sensor/round4_normal/sensor_r4.pcapng,R4,332,3321.707910299301,0.0,0.02,0.014,0.966,0.0,Sensor
/home/lmy/iot-device-classification/dataset/sensor/round4_normal/sensor_r4.pcapng,R4,333,3332.110062599182,0.002,0.094,0.158,0.744,0.002,Sensor
/home/lmy/iot-device-classification/dataset/sensor/round4_normal/sensor_r4.pcapng,R4,334,3342.509687900543,0.01,0.084,0.172,0.732,0.002,Sensor
/home/lmy/iot-device-classification/dataset/sensor/round4_normal/sensor_r4.pcapng,R4,335,3351.379789590836,0.014,0.03,0.114,0.842,0.0,Sensor
/home/lmy/iot-device-classification/dataset/sensor/round4_normal/sensor_r4.pcapng,R4,336,3363.3204107284546,0.0,0.112,0.162,0.724,0.002,Sensor
/home/lmy/iot-device-classification/dataset/sensor/round4_normal/sensor_r4.pcapng,R4,337,3373.554037809372,0.01,0.07,0.01,0.91,0.0,Sensor
/home/lmy/iot-device-classification/dataset/sensor/round4_normal/sensor_r4.pcapng,R4,338,3382.0279862880707,0.004,0.036,0.034,0.926,0.0,Sensor
/home/lmy/iot-device-classification/dataset/sensor/round4_normal/sensor_r4.pcapng,R4,339,3391.365262031555,0.018,0.078,0.276,0.628,0.0,Sensor
/home/lmy/iot-device-classification/dataset/sensor/round4_normal/sensor_r4.pcapng,R4,340,3402.8309292793274,0.018,0.046,0.04,0.886,0.01,Sensor
/home/lmy/iot-device-classification/dataset/sensor/round4_normal/sensor_r4.pcapng,R4,341,3413.228445291519,0.03,0.234,0.62,0.108,0.008,Sensor
/home/lmy/iot-device-classification/dataset/sensor/round4_normal/sensor_r4.pcapng,R4,342,3423.6545855998997,0.022,0.216,0.274,0.446,0.042,Sensor
/home/lmy/iot-device-classification/dataset/sensor/round4_normal/sensor_r4.pcapng,R4,343,3433.856689691544,0.016,0.08,0.1,0.804,0.0,Sensor
/home/lmy/iot-device-classification/dataset/sensor/round4_normal/sensor_r4.pcapng,R4,344,3441.4167008399963,0.026,0.108,0.12,0.746,0.0,Sensor
/home/lmy/iot-device-classification/dataset/sensor/round4_normal/sensor_r4.pcapng,R4,345,3454.0641374588013,0.054,0.124,0.336,0.486,0.0,Sensor
/home/lmy/iot-device-classification/dataset/sensor/round4_normal/sensor_r4.pcapng,R4,346,3464.5221054553986,0.01,0.114,0.098,0.778,0.0,Sensor
/home/lmy/iot-device-classification/dataset/sensor/round4_normal/sensor_r4.pcapng,R4,347,3473.5737998485565,0.058,0.218,0.478,0.244,0.002,Sensor
/home/lmy/iot-device-classification/dataset/sensor/round4_normal/sensor_r4.pcapng,R4,348,3481.3773283958435,0.004,0.062,0.428,0.506,0.0,Sensor
/home/lmy/iot-device-classification/dataset/sensor/round4_normal/sensor_r4.pcapng,R4,349,3492.268673181534,0.012,0.048,0.038,0.896,0.006,Sensor
/home/lmy/iot-device-classification/dataset/sensor/round4_normal/sensor_r4.pcapng,R4,350,3502.6688134670258,0.076,0.132,0.07,0.688,0.034,Sensor
/home/lmy/iot-device-classification/dataset/sensor/round4_normal/sensor_r4.pcapng,R4,351,3514.115626335144,0.018,0.428,0.044,0.51,0.0,Sensor
/home/lmy/iot-device-classification/dataset/sensor/round4_normal/sensor_r4.pcapng,R4,352,3523.481177568436,0.056,0.166,0.398,0.374,0.006,Sensor
/home/lmy/iot-device-classification/dataset/sensor/round4_normal/sensor_r4.pcapng,R4,353,3531.459981203079,0.012,0.036,0.224,0.728,0.0,Sensor
/home/lmy/iot-device-classification/dataset/sensor/round4_normal/sensor_r4.pcapng,R4,354,3542.188357114792,0.048,0.136,0.34,0.476,0.0,Sensor
/home/lmy/iot-device-classification/dataset/sensor/round4_normal/sensor_r4.pcapng,R4,355,3554.8170068264008,0.002,0.094,0.072,0.83,0.002,Sensor
/home/lmy/iot-device-classification/dataset/sensor/round4_normal/sensor_r4.pcapng,R4,356,3562.9927451610565,0.024,0.068,0.224,0.682,0.002,Sensor
/home/lmy/iot-device-classification/dataset/sensor/round4_normal/sensor_r4.pcapng,R4,357,3571.36670422554,0.016,0.176,0.238,0.562,0.008,Sensor
/home/lmy/iot-device-classification/dataset/sensor/round4_normal/sensor_r4.pcapng,R4,358,3581.7934951782227,0.018,0.194,0.358,0.376,0.054,Sensor
/home/lmy/iot-device-classification/dataset/sensor/round4_normal/sensor_r4.pcapng,R4,359,3592.1084411144257,0.002,0.052,0.048,0.898,0.0,Sensor
/home/lmy/iot-device-classification/dataset/sensor/round4_normal/sensor_r4.pcapng,R4,360,3604.142643213272,0.022,0.128,0.068,0.782,0.0,Sensor
/home/lmy/iot-device-classification/dataset/sensor/round4_normal/sensor_r4.pcapng,R4,361,3612.394131183624,0.042,0.14,0.43,0.388,0.0,Sensor
/home/lmy/iot-device-classification/dataset/sensor/round4_normal/sensor_r4.pcapng,R4,362,3621.380164623261,0.016,0.01,0.018,0.952,0.004,Sensor
/home/lmy/iot-device-classification/dataset/socket/round4_normal/socket_r4.pcapng,R4,258,2580.5009486675262,0.0,0.002,0.0,0.0,0.998,Socket
/home/lmy/iot-device-classification/dataset/socket/round4_normal/socket_r4.pcapng,R4,259,2590.494742631912,0.0,0.0,0.0,0.0,1.0,Socket
/home/lmy/iot-device-classification/dataset/socket/round4_normal/socket_r4.pcapng,R4,260,2600.5911934375763,0.0,0.002,0.0,0.0,0.998,Socket
/home/lmy/iot-device-classification/dataset/socket/round4_normal/socket_r4.pcapng,R4,261,2610.553210258484,0.0,0.002,0.0,0.0,0.998,Socket
/home/lmy/iot-device-classification/dataset/socket/round4_normal/socket_r4.pcapng,R4,262,2620.545790910721,0.0,0.0,0.0,0.0,1.0,Socket
/home/lmy/iot-device-classification/dataset/socket/round4_normal/socket_r4.pcapng,R4,263,2630.5155148506165,0.0,0.0,0.002,0.0,0.998,Socket
/home/lmy/iot-device-classification/dataset/socket/round4_normal/socket_r4.pcapng,R4,264,2640.6062381267548,0.0,0.0,0.0,0.0,1.0,Socket
/home/lmy/iot-device-classification/dataset/socket/round4_normal/socket_r4.pcapng,R4,265,2650.596292734146,0.0,0.002,0.0,0.002,0.996,Socket
/home/lmy/iot-device-classification/dataset/socket/round4_normal/socket_r4.pcapng,R4,266,2660.560238599777,0.0,0.0,0.0,0.0,1.0,Socket
/home/lmy/iot-device-classification/dataset/socket/round4_normal/socket_r4.pcapng,R4,267,2670.5524909496307,0.0,0.0,0.0,0.0,1.0,Socket
/home/lmy/iot-device-classification/dataset/socket/round4_normal/socket_r4.pcapng,R4,268,2680.54380607605,0.0,0.0,0.0,0.0,1.0,Socket
/home/lmy/iot-device-classification/dataset/socket/round4_normal/socket_r4.pcapng,R4,269,2690.608819246292,0.0,0.0,0.0,0.0,1.0,Socket
/home/lmy/iot-device-classification/dataset/socket/round4_normal/socket_r4.pcapng,R4,270,2700.6028549671173,0.0,0.004,0.002,0.01,0.984,Socket
/home/lmy/iot-device-classification/dataset/socket/round4_normal/socket_r4.pcapng,R4,271,2710.6668977737427,0.0,0.002,0.0,0.0,0.998,Socket
/home/lmy/iot-device-classification/dataset/socket/round4_normal/socket_r4.pcapng,R4,272,2720.6595005989075,0.0,0.0,0.0,0.0,1.0,Socket
/home/lmy/iot-device-classification/dataset/socket/round4_normal/socket_r4.pcapng,R4,273,2730.754215717316,0.0,0.0,0.0,0.002,0.998,Socket
/home/lmy/iot-device-classification/dataset/socket/round4_normal/socket_r4.pcapng,R4,274,2740.00876903534,0.0,0.0,0.0,0.0,1.0,Socket
/home/lmy/iot-device-classification/dataset/socket/round4_normal/socket_r4.pcapng,R4,275,2750.7116985321045,0.0,0.006,0.002,0.0,0.992,Socket
/home/lmy/iot-device-classification/dataset/socket/round4_normal/socket_r4.pcapng,R4,276,2760.717025279999,0.0,0.0,0.0,0.0,1.0,Socket
/home/lmy/iot-device-classification/dataset/socket/round4_normal/socket_r4.pcapng,R4,277,2770.051819086075,0.0,0.0,0.0,0.0,1.0,Socket
/home/lmy/iot-device-classification/dataset/socket/round4_normal/socket_r4.pcapng,R4,278,2780.6575906276703,0.0,0.0,0.0,0.002,0.998,Socket
/home/lmy/iot-device-classification/dataset/socket/round4_normal/socket_r4.pcapng,R4,279,2790.722832918167,0.0,0.0,0.0,0.0,1.0,Socket
/home/lmy/iot-device-classification/dataset/socket/round4_normal/socket_r4.pcapng,R4,280,2800.0764331817627,0.002,0.002,0.0,0.0,0.996,Socket
/home/lmy/iot-device-classification/dataset/socket/round4_normal/socket_r4.pcapng,R4,281,2810.016444206238,0.0,0.006,0.0,0.0,0.994,Socket
/home/lmy/iot-device-classification/dataset/socket/round4_normal/socket_r4.pcapng,R4,282,2820.364030599594,0.0,0.0,0.0,0.0,1.0,Socket
/home/lmy/iot-device-classification/dataset/socket/round4_normal/socket_r4.pcapng,R4,283,2830.0705437660217,0.0,0.0,0.002,0.002,0.996,Socket
/home/lmy/iot-device-classification/dataset/socket/round4_normal/socket_r4.pcapng,R4,284,2840.759567975998,0.0,0.002,0.0,0.0,0.998,Socket
/home/lmy/iot-device-classification/dataset/socket/round4_normal/socket_r4.pcapng,R4,285,2850.0855588912964,0.0,0.0,0.0,0.0,1.0,Socket
/home/lmy/iot-device-classification/dataset/socket/round4_normal/socket_r4.pcapng,R4,286,2860.000436306,0.002,0.002,0.008,0.002,0.986,Socket
/home/lmy/iot-device-classification/dataset/socket/round4_normal/socket_r4.pcapng,R4,287,2870.9178125858307,0.0,0.0,0.002,0.0,0.998,Socket
/home/lmy/iot-device-classification/dataset/socket/round4_normal/socket_r4.pcapng,R4,288,2880.7727954387665,0.0,0.01,0.002,0.004,0.984,Socket
/home/lmy/iot-device-classification/dataset/socket/round4_normal/socket_r4.pcapng,R4,289,2890.052980661392,0.0,0.0,0.0,0.002,0.998,Socket
/home/lmy/iot-device-classification/dataset/socket/round4_normal/socket_r4.pcapng,R4,290,2900.2485580444336,0.0,0.002,0.0,0.0,0.998,Socket
/home/lmy/iot-device-classification/dataset/socket/round4_normal/socket_r4.pcapng,R4,291,2910.0765404701237,0.0,0.0,0.0,0.002,0.998,Socket
/home/lmy/iot-device-classification/dataset/socket/round4_normal/socket_r4.pcapng,R4,292,2920.070747613907,0.0,0.014,0.018,0.032,0.936,Socket
/home/lmy/iot-device-classification/dataset/socket/round4_normal/socket_r4.pcapng,R4,293,2930.8828253746037,0.0,0.0,0.0,0.0,1.0,Socket
/home/lmy/iot-device-classification/dataset/socket/round4_normal/socket_r4.pcapng,R4,294,2940.361894607544,0.0,0.002,0.0,0.0,0.998,Socket
/home/lmy/iot-device-classification/dataset/socket/round4_normal/socket_r4.pcapng,R4,295,2950.123607158661,0.0,0.002,0.0,0.0,0.998,Socket
/home/lmy/iot-device-classification/dataset/socket/round4_normal/socket_r4.pcapng,R4,296,2960.312866926193,0.0,0.0,0.002,0.0,0.998,Socket
/home/lmy/iot-device-classification/dataset/socket/round4_normal/socket_r4.pcapng,R4,297,2970.1298484802246,0.0,0.002,0.0,0.012,0.986,Socket
/home/lmy/iot-device-classification/dataset/socket/round4_normal/socket_r4.pcapng,R4,298,2980.050067424774,0.012,0.026,0.016,0.016,0.93,Socket
/home/lmy/iot-device-classification/dataset/socket/round4_normal/socket_r4.pcapng,R4,299,2990.8505234718323,0.0,0.0,0.0,0.0,1.0,Socket
/home/lmy/iot-device-classification/dataset/socket/round4_normal/socket_r4.pcapng,R4,300,3000.643300294876,0.0,0.0,0.0,0.0,1.0,Socket
/home/lmy/iot-device-classification/dataset/socket/round4_normal/socket_r4.pcapng,R4,301,3010.0585885047917,0.0,0.0,0.002,0.008,0.99,Socket
/home/lmy/iot-device-classification/dataset/socket/round4_normal/socket_r4.pcapng,R4,302,3020.302366256714,0.0,0.0,0.0,0.0,1.0,Socket
/home/lmy/iot-device-classification/dataset/socket/round4_normal/socket_r4.pcapng,R4,303,3031.026307582855,0.0,0.0,0.0,0.0,1.0,Socket
/home/lmy/iot-device-classification/dataset/socket/round4_normal/socket_r4.pcapng,R4,304,3040.075204849243,0.002,0.002,0.0,0.002,0.994,Socket
/home/lmy/iot-device-classification/dataset/socket/round4_normal/socket_r4.pcapng,R4,305,3050.794807434082,0.0,0.002,0.0,0.0,0.998,Socket
/home/lmy/iot-device-classification/dataset/socket/round4_normal/socket_r4.pcapng,R4,306,3060.584496498108,0.0,0.0,0.0,0.0,1.0,Socket
/home/lmy/iot-device-classification/dataset/socket/round4_normal/socket_r4.pcapng,R4,307,3070.017139673233,0.0,0.0,0.0,0.0,1.0,Socket
/home/lmy/iot-device-classification/dataset/socket/round4_normal/socket_r4.pcapng,R4,308,3081.0329201221466,0.0,0.002,0.002,0.0,0.996,Socket
/home/lmy/iot-device-classification/dataset/socket/round4_normal/socket_r4.pcapng,R4,309,3090.9960033893585,0.0,0.0,0.0,0.0,1.0,Socket
/home/lmy/iot-device-classification/dataset/socket/round4_normal/socket_r4.pcapng,R4,310,3100.003315448761,0.018,0.016,0.014,0.036,0.916,Socket
/home/lmy/iot-device-classification/dataset/socket/round4_normal/socket_r4.pcapng,R4,311,3110.8747868537903,0.004,0.01,0.002,0.012,0.972,Socket
/home/lmy/iot-device-classification/dataset/socket/round4_normal/socket_r4.pcapng,R4,312,3120.0221292972565,0.0,0.0,0.0,0.0,1.0,Socket
/home/lmy/iot-device-classification/dataset/socket/round4_normal/socket_r4.pcapng,R4,313,3130.0204112529755,0.0,0.0,0.0,0.0,1.0,Socket
/home/lmy/iot-device-classification/dataset/socket/round4_normal/socket_r4.pcapng,R4,314,3140.0225310325623,0.0,0.0,0.0,0.0,1.0,Socket
/home/lmy/iot-device-classification/dataset/socket/round4_normal/socket_r4.pcapng,R4,315,3150.031530618668,0.0,0.004,0.0,0.002,0.994,Socket
/home/lmy/iot-device-classification/dataset/socket/round4_normal/socket_r4.pcapng,R4,316,3160.076338529587,0.0,0.0,0.0,0.002,0.998,Socket
/home/lmy/iot-device-classification/dataset/socket/round4_normal/socket_r4.pcapng,R4,317,3170.161303043365,0.002,0.012,0.018,0.024,0.944,Socket
/home/lmy/iot-device-classification/dataset/socket/round4_normal/socket_r4.pcapng,R4,318,3180.1401736736298,0.0,0.0,0.0,0.0,1.0,Socket
/home/lmy/iot-device-classification/dataset/socket/round4_normal/socket_r4.pcapng,R4,319,3190.0867969989777,0.0,0.0,0.0,0.002,0.998,Socket
/home/lmy/iot-device-classification/dataset/socket/round4_normal/socket_r4.pcapng,R4,320,3200.18386220932,0.0,0.0,0.0,0.0,1.0,Socket
/home/lmy/iot-device-classification/dataset/socket/round4_normal/socket_r4.pcapng,R4,321,3210.277724504471,0.0,0.0,0.0,0.0,1.0,Socket
/home/lmy/iot-device-classification/dataset/socket/round4_normal/socket_r4.pcapng,R4,322,3220.1393990516663,0.0,0.004,0.0,0.0,0.996,Socket
/home/lmy/iot-device-classification/dataset/socket/round4_normal/socket_r4.pcapng,R4,323,3230.440573453903,0.002,0.0,0.002,0.002,0.994,Socket
/home/lmy/iot-device-classification/dataset/socket/round4_normal/socket_r4.pcapng,R4,324,3240.6373162269592,0.006,0.0,0.004,0.016,0.974,Socket
/home/lmy/iot-device-classification/dataset/socket/round4_normal/socket_r4.pcapng,R4,325,3250.088681697845,0.002,0.002,0.062,0.036,0.898,Socket
/home/lmy/iot-device-classification/dataset/socket/round4_normal/socket_r4.pcapng,R4,326,3260.5910131931305,0.002,0.006,0.006,0.004,0.982,Socket
/home/lmy/iot-device-classification/dataset/socket/round4_normal/socket_r4.pcapng,R4,327,3270.659798622132,0.0,0.0,0.0,0.0,1.0,Socket
/home/lmy/iot-device-classification/dataset/socket/round4_normal/socket_r4.pcapng,R4,328,3280.1367468833923,0.0,0.0,0.0,0.0,1.0,Socket
/home/lmy/iot-device-classification/dataset/socket/round4_normal/socket_r4.pcapng,R4,329,3290.846438884735,0.0,0.004,0.0,0.0,0.996,Socket
/home/lmy/iot-device-classification/dataset/socket/round4_normal/socket_r4.pcapng,R4,330,3300.80956530571,0.0,0.0,0.0,0.0,1.0,Socket
/home/lmy/iot-device-classification/dataset/socket/round4_normal/socket_r4.pcapng,R4,331,3310.189201593399,0.0,0.0,0.002,0.008,0.99,Socket
/home/lmy/iot-device-classification/dataset/socket/round4_normal/socket_r4.pcapng,R4,332,3321.000331401825,0.004,0.0,0.002,0.006,0.988,Socket
/home/lmy/iot-device-classification/dataset/socket/round4_normal/socket_r4.pcapng,R4,333,3330.96329164505,0.002,0.0,0.0,0.002,0.996,Socket
/home/lmy/iot-device-classification/dataset/socket/round4_normal/socket_r4.pcapng,R4,334,3340.1353299617767,0.0,0.002,0.0,0.002,0.996,Socket
/home/lmy/iot-device-classification/dataset/socket/round4_normal/socket_r4.pcapng,R4,335,3351.153379440308,0.002,0.004,0.002,0.0,0.992,Socket
/home/lmy/iot-device-classification/dataset/socket/round4_normal/socket_r4.pcapng,R4,336,3361.2180259227757,0.0,0.0,0.0,0.0,1.0,Socket
/home/lmy/iot-device-classification/dataset/socket/round4_normal/socket_r4.pcapng,R4,337,3370.1879415512085,0.0,0.018,0.004,0.036,0.942,Socket
/home/lmy/iot-device-classification/dataset/socket/round4_normal/socket_r4.pcapng,R4,338,3381.280870437622,0.006,0.002,0.0,0.0,0.992,Socket
/home/lmy/iot-device-classification/dataset/socket/round4_normal/socket_r4.pcapng,R4,339,3391.370640516281,0.0,0.0,0.0,0.0,1.0,Socket
/home/lmy/iot-device-classification/dataset/socket/round4_normal/socket_r4.pcapng,R4,340,3400.3421545028687,0.0,0.0,0.0,0.0,1.0,Socket
/home/lmy/iot-device-classification/dataset/socket/round4_normal/socket_r4.pcapng,R4,341,3411.328561067581,0.0,0.0,0.0,0.0,1.0,Socket
/home/lmy/iot-device-classification/dataset/socket/round4_normal/socket_r4.pcapng,R4,342,3421.3205177783966,0.0,0.002,0.0,0.004,0.994,Socket
/home/lmy/iot-device-classification/dataset/socket/round4_normal/socket_r4.pcapng,R4,343,3430.260610103607,0.006,0.018,0.01,0.048,0.918,Socket
/home/lmy/iot-device-classification/dataset/socket/round4_normal/socket_r4.pcapng,R4,344,3441.3781621456146,0.0,0.0,0.0,0.0,1.0,Socket
/home/lmy/iot-device-classification/dataset/socket/round4_normal/socket_r4.pcapng,R4,345,3451.371360063553,0.0,0.006,0.006,0.006,0.982,Socket
/home/lmy/iot-device-classification/dataset/socket/round4_normal/socket_r4.pcapng,R4,346,3460.309681415558,0.002,0.002,0.01,0.002,0.984,Socket
/home/lmy/iot-device-classification/dataset/socket/round4_normal/socket_r4.pcapng,R4,347,3471.4289469718933,0.0,0.002,0.0,0.0,0.998,Socket
/home/lmy/iot-device-classification/dataset/socket/round4_normal/socket_r4.pcapng,R4,348,3481.425232887268,0.0,0.0,0.0,0.0,1.0,Socket
/home/lmy/iot-device-classification/dataset/socket/round4_normal/socket_r4.pcapng,R4,349,3490.364572286606,0.0,0.002,0.0,0.0,0.998,Socket
/home/lmy/iot-device-classification/dataset/socket/round4_normal/socket_r4.pcapng,R4,350,3501.4801082611084,0.002,0.002,0.0,0.002,0.994,Socket
/home/lmy/iot-device-classification/dataset/socket/round4_normal/socket_r4.pcapng,R4,351,3511.472497224808,0.002,0.002,0.0,0.0,0.996,Socket
/home/lmy/iot-device-classification/dataset/socket/round4_normal/socket_r4.pcapng,R4,352,3520.3103041648865,0.0,0.0,0.0,0.0,1.0,Socket
/home/lmy/iot-device-classification/dataset/socket/round4_normal/socket_r4.pcapng,R4,353,3531.43031167984,0.0,0.0,0.0,0.0,1.0,Socket
/home/lmy/iot-device-classification/dataset/socket/round4_normal/socket_r4.pcapng,R4,354,3541.0587685108185,0.0,0.002,0.006,0.008,0.984,Socket
/home/lmy/iot-device-classification/dataset/socket/round4_normal/socket_r4.pcapng,R4,355,3550.362010240555,0.002,0.0,0.0,0.0,0.998,Socket
/home/lmy/iot-device-classification/dataset/socket/round4_normal/socket_r4.pcapng,R4,356,3561.481323480606,0.0,0.0,0.0,0.0,1.0,Socket
/home/lmy/iot-device-classification/dataset/socket/round4_normal/socket_r4.pcapng,R4,357,3570.0163311958318,0.0,0.0,0.0,0.0,1.0,Socket
/home/lmy/iot-device-classification/dataset/socket/round4_normal/socket_r4.pcapng,R4,358,3580.413012266159,0.0,0.0,0.004,0.0,0.996,Socket
/home/lmy/iot-device-classification/dataset/socket/round4_normal/socket_r4.pcapng,R4,359,3591.530131340027,0.0,0.0,0.002,0.004,0.994,Socket
/home/lmy/iot-device-classification/dataset/socket/round4_normal/socket_r4.pcapng,R4,360,3601.0567710399628,0.002,0.0,0.002,0.004,0.992,Socket
/home/lmy/iot-device-classification/dataset/socket/round4_normal/socket_r4.pcapng,R4,361,3610.144470691681,0.0,0.002,0.006,0.002,0.99,Socket
/home/lmy/iot-device-classification/dataset/socket/round4_normal/socket_r4.pcapng,R4,362,3620.029762506485,0.002,0.012,0.024,0.176,0.786,Socket
/home/lmy/iot-device-classification/dataset/socket/round4_normal/socket_r4.pcapng,R4,363,3631.547351360321,0.008,0.022,0.04,0.328,0.602,Socket
/home/lmy/iot-device-classification/dataset/socket/round4_normal/socket_r4.pcapng,R4,364,3640.513484477997,0.028,0.016,0.098,0.13,0.728,Socket
/home/lmy/iot-device-classification/dataset/socket/round4_normal/socket_r4.pcapng,R4,365,3650.077185869217,0.006,0.028,0.002,0.102,0.862,Socket
/home/lmy/iot-device-classification/dataset/socket/round4_normal/socket_r4.pcapng,R4,366,3660.047060966492,0.01,0.022,0.002,0.094,0.872,Socket
/home/lmy/iot-device-classification/dataset/socket/round4_normal/socket_r4.pcapng,R4,367,3670.533507823944,0.074,0.064,0.072,0.14,0.65,Socket
