task,model,temperature,w_inv_temperature,nll_uncalibrated,nll_calibrated,n_oof,optimizer_converged,bound_hit
g0_R2_R3_R4_to_R5,rf,0.9636871997474981,1.0376811067554041,0.724534652133258,0.7241578987467234,5506,True,False
g0_R2_R3_R4_to_R5,xgboost,2.5878611264698757,0.38641949901079464,1.3293332007309897,0.8483771116288101,5506,True,False
g0_R2_R3_R4_to_R5,lightgbm,4.8541647205340706,0.2060086662839857,2.3373330808975306,0.8422920132950283,5506,True,False
g0_R2_R3_R4_to_R6,rf,0.9636871997474981,1.0376811067554041,0.724534652133258,0.7241578987467234,5506,True,False
g0_R2_R3_R4_to_R6,xgboost,2.5878611264698757,0.38641949901079464,1.3293332007309897,0.8483771116288101,5506,True,False
g0_R2_R3_R4_to_R6,lightgbm,4.8541647205340706,0.2060086662839857,2.3373330808975306,0.8422920132950283,5506,True,False
g0_R2_R3_R4_to_R7,rf,0.9636871997474981,1.0376811067554041,0.724534652133258,0.7241578987467234,5506,True,False
g0_R2_R3_R4_to_R7,xgboost,2.5878611264698757,0.38641949901079464,1.3293332007309897,0.8483771116288101,5506,True,False
g0_R2_R3_R4_to_R7,lightgbm,4.8541647205340706,0.2060086662839857,2.3373330808975306,0.8422920132950283,5506,True,False
g0_R2_R3_R5_to_R4,rf,1.184272173221571,0.8444004871614131,0.8595722283052691,0.8508326201777728,5469,True,False
g0_R2_R3_R5_to_R4,xgboost,3.0275601970099513,0.33029896514943285,1.7659655775941787,1.0258510160754433,5469,True,False
g0_R2_R3_R5_to_R4,lightgbm,5.843304254223864,0.17113604845702576,3.29487941882967,1.0382301259381603,5469,True,False
g0_R2_R3_R5_to_R6,rf,1.184272173221571,0.8444004871614131,0.8595722283052691,0.8508326201777728,5469,True,False
g0_R2_R3_R5_to_R6,xgboost,3.0275601970099513,0.33029896514943285,1.7659655775941787,1.0258510160754433,5469,True,False
g0_R2_R3_R5_to_R6,lightgbm,5.843304254223864,0.17113604845702576,3.29487941882967,1.0382301259381603,5469,True,False
g0_R2_R3_R5_to_R7,rf,1.184272173221571,0.8444004871614131,0.8595722283052691,0.8508326201777728,5469,True,False
g0_R2_R3_R5_to_R7,xgboost,3.0275601970099513,0.33029896514943285,1.7659655775941787,1.0258510160754433,5469,True,False
g0_R2_R3_R5_to_R7,lightgbm,5.843304254223864,0.17113604845702576,3.29487941882967,1.0382301259381603,5469,True,False
g0_R2_R3_R6_to_R4,rf,1.0957923673132268,0.9125816439586085,0.8492915789043759,0.8469854853416428,5641,True,False
g0_R2_R3_R6_to_R4,xgboost,2.8096559389891294,0.3559154649945447,1.514330964252016,0.926746589962688,5641,True,False
g0_R2_R3_R6_to_R4,lightgbm,5.820259202652125,0.171813653856572,3.0503410300067673,0.9668763282556869,5641,True,False
g0_R2_R3_R6_to_R5,rf,1.0957923673132268,0.9125816439586085,0.8492915789043759,0.8469854853416428,5641,True,False
g0_R2_R3_R6_to_R5,xgboost,2.8096559389891294,0.3559154649945447,1.514330964252016,0.926746589962688,5641,True,False
g0_R2_R3_R6_to_R5,lightgbm,5.820259202664327,0.1718136538562118,3.050341030006768,0.9668763282556871,5641,True,False
g0_R2_R3_R6_to_R7,rf,1.0957923673132268,0.9125816439586085,0.8492915789043759,0.8469854853416428,5641,True,False
g0_R2_R3_R6_to_R7,xgboost,2.8096559389891294,0.3559154649945447,1.514330964252016,0.926746589962688,5641,True,False
g0_R2_R3_R6_to_R7,lightgbm,5.8202592026870965,0.17181365385553965,3.050341030006768,0.9668763282556869,5641,True,False
g0_R2_R3_R7_to_R4,rf,1.0408954172864973,0.9607113100823258,0.7983802844082182,0.7979516797244567,5646,True,False
g0_R2_R3_R7_to_R4,xgboost,2.629954775734503,0.3802346752220165,1.365257805386867,0.8849663017079705,5646,True,False
g0_R2_R3_R7_to_R4,lightgbm,5.265339742825451,0.18992126792247346,2.613207840094984,0.9152235325981549,5646,True,False
g0_R2_R3_R7_to_R5,rf,1.0408954172864973,0.9607113100823258,0.7983802844082182,0.7979516797244567,5646,True,False
g0_R2_R3_R7_to_R5,xgboost,2.629954775734503,0.3802346752220165,1.365257805386867,0.8849663017079705,5646,True,False
g0_R2_R3_R7_to_R5,lightgbm,5.265339742927788,0.18992126791878217,2.6132078400949843,0.9152235325981549,5646,True,False
g0_R2_R3_R7_to_R6,rf,1.0408954172864973,0.9607113100823258,0.7983802844082182,0.7979516797244567,5646,True,False
g0_R2_R3_R7_to_R6,xgboost,2.629954775734503,0.3802346752220165,1.365257805386867,0.8849663017079705,5646,True,False
g0_R2_R3_R7_to_R6,lightgbm,5.265339889177642,0.1899212626435372,2.6132078417832387,0.9152236473756411,5646,True,False
g0_R2_R3_to_R4,rf,1.439000912111617,0.6949265921816417,1.0993369724706155,1.0512754214316165,3653,True,False
g0_R2_R3_to_R4,xgboost,3.5822493466492764,0.27915421380015565,2.198914592883652,1.2641769709418278,3653,True,False
g0_R2_R3_to_R4,lightgbm,6.5198762793148335,0.15337714354682339,3.8772978443291413,1.234168507628612,3653,True,False
g0_R2_R3_to_R5,rf,1.439000912111617,0.6949265921816417,1.0993369724706155,1.0512754214316165,3653,True,False
g0_R2_R3_to_R5,xgboost,3.5822493466492764,0.27915421380015565,2.198914592883652,1.2641769709418278,3653,True,False
g0_R2_R3_to_R5,lightgbm,6.5198762793148335,0.15337714354682339,3.8772978443291413,1.234168507628612,3653,True,False
g0_R2_R3_to_R6,rf,1.439000912111617,0.6949265921816417,1.0993369724706155,1.0512754214316165,3653,True,False
g0_R2_R3_to_R6,xgboost,3.5822493466492764,0.27915421380015565,2.198914592883652,1.2641769709418278,3653,True,False
g0_R2_R3_to_R6,lightgbm,6.5198762793148335,0.15337714354682339,3.8772978443291413,1.234168507628612,3653,True,False
g0_R2_R3_to_R7,rf,1.439000912111617,0.6949265921816417,1.0993369724706155,1.0512754214316165,3653,True,False
g0_R2_R3_to_R7,xgboost,3.5822493466492764,0.27915421380015565,2.198914592883652,1.2641769709418278,3653,True,False
g0_R2_R3_to_R7,lightgbm,6.5198762793148335,0.15337714354682339,3.8772978443291413,1.234168507628612,3653,True,False
g0_R2_R4_R5_to_R3,rf,0.9190033893595374,1.088135268681555,0.7106006149820273,0.708732297040211,5485,True,False
g0_R2_R4_R5_to_R3,xgboost,2.6390761629350483,0.37892047756888153,1.363869440566189,0.8514405807220211,5485,True,False
g0_R2_R4_R5_to_R3,lightgbm,5.23922319319545,0.19086798999110607,2.707012085376064,0.9109091642162859,5485,True,False
g0_R2_R4_R5_to_R6,rf,0.9190033893595374,1.088135268681555,0.7106006149820273,0.708732297040211,5485,True,False
g0_R2_R4_R5_to_R6,xgboost,2.6390761629350483,0.37892047756888153,1.363869440566189,0.8514405807220211,5485,True,False
g0_R2_R4_R5_to_R6,lightgbm,5.23922319319545,0.19086798999110607,2.707012085376064,0.9109091642162859,5485,True,False
g0_R2_R4_R5_to_R7,rf,0.9190033893595374,1.088135268681555,0.7106006149820273,0.708732297040211,5485,True,False
g0_R2_R4_R5_to_R7,xgboost,2.6390761629350483,0.37892047756888153,1.363869440566189,0.8514405807220211,5485,True,False
g0_R2_R4_R5_to_R7,lightgbm,5.23922319319545,0.19086798999110607,2.707012085376064,0.9109091642162859,5485,True,False
g0_R2_R4_R6_to_R3,rf,0.8538890599292988,1.171112322346417,0.6902595298681733,0.6840654469999508,5657,True,False
g0_R2_R4_R6_to_R3,xgboost,2.3556325948314334,0.42451441799291245,1.049945509620872,0.6945237042041176,5657,True,False
g0_R2_R4_R6_to_R3,lightgbm,4.808631785160896,0.20795936238784815,2.0964797569784706,0.7278802207696357,5657,True,False
g0_R2_R4_R6_to_R5,rf,0.8538890599292988,1.171112322346417,0.6902595298681733,0.6840654469999508,5657,True,False
g0_R2_R4_R6_to_R5,xgboost,2.3556325948314334,0.42451441799291245,1.049945509620872,0.6945237042041176,5657,True,False
g0_R2_R4_R6_to_R5,lightgbm,4.808631785146722,0.20795936238846113,2.0964797569784706,0.7278802207696355,5657,True,False
g0_R2_R4_R6_to_R7,rf,0.8538890599292988,1.171112322346417,0.6902595298681733,0.6840654469999508,5657,True,False
g0_R2_R4_R6_to_R7,xgboost,2.3556325948314334,0.42451441799291245,1.049945509620872,0.6945237042041176,5657,True,False
g0_R2_R4_R6_to_R7,lightgbm,4.808631785146644,0.20795936238846452,2.0964797569784706,0.7278802207696357,5657,True,False
g0_R2_R4_R7_to_R3,rf,0.7931492143071156,1.2607968109425494,0.6268190752595345,0.6142065179403162,5662,True,False
g0_R2_R4_R7_to_R3,xgboost,2.3403537676624615,0.4272858290987337,1.0492135813454708,0.708065272528493,5662,True,False
g0_R2_R4_R7_to_R3,lightgbm,4.679178025135658,0.21371274925386238,1.9982577069075926,0.7113512133945865,5662,True,False
g0_R2_R4_R7_to_R5,rf,0.7931492143071156,1.2607968109425494,0.6268190752595345,0.6142065179403162,5662,True,False
g0_R2_R4_R7_to_R5,xgboost,2.3403537676624615,0.4272858290987337,1.0492135813454708,0.708065272528493,5662,True,False
g0_R2_R4_R7_to_R5,lightgbm,4.679178025135658,0.21371274925386238,1.9982577069075926,0.7113512133945865,5662,True,False
g0_R2_R4_R7_to_R6,rf,0.7931492143071156,1.2607968109425494,0.6268190752595345,0.6142065179403162,5662,True,False
g0_R2_R4_R7_to_R6,xgboost,2.3403537676624615,0.4272858290987337,1.0492135813454708,0.708065272528493,5662,True,False
g0_R2_R4_R7_to_R6,lightgbm,4.679178025135658,0.21371274925386238,1.9982577069075926,0.7113512133945865,5662,True,False
g0_R2_R4_to_R3,rf,1.104996046711505,0.9049806132574177,0.8252917961174774,0.8220178432199253,3669,True,False
g0_R2_R4_to_R3,xgboost,3.321937916150123,0.3010291056730299,1.9649624200169045,1.1350364937002138,3669,True,False
g0_R2_R4_to_R3,lightgbm,6.197622307945477,0.16135220094292932,3.4915990092974165,1.1313998974228063,3669,True,False
g0_R2_R4_to_R5,rf,1.104996046711505,0.9049806132574177,0.8252917961174774,0.8220178432199253,3669,True,False
g0_R2_R4_to_R5,xgboost,3.321937916150123,0.3010291056730299,1.9649624200169045,1.1350364937002138,3669,True,False
g0_R2_R4_to_R5,lightgbm,6.197622307945477,0.16135220094292932,3.4915990092974165,1.1313998974228063,3669,True,False
g0_R2_R4_to_R6,rf,1.104996046711505,0.9049806132574177,0.8252917961174774,0.8220178432199253,3669,True,False
g0_R2_R4_to_R6,xgboost,3.321937916150123,0.3010291056730299,1.9649624200169045,1.1350364937002138,3669,True,False
g0_R2_R4_to_R6,lightgbm,6.197622307945477,0.16135220094292932,3.4915990092974165,1.1313998974228063,3669,True,False
g0_R2_R4_to_R7,rf,1.104996046711505,0.9049806132574177,0.8252917961174774,0.8220178432199253,3669,True,False
g0_R2_R4_to_R7,xgboost,3.321937916150123,0.3010291056730299,1.9649624200169045,1.1350364937002138,3669,True,False
g0_R2_R4_to_R7,lightgbm,6.197622307945477,0.16135220094292932,3.4915990092974165,1.1313998974228063,3669,True,False
g0_R2_R5_R6_to_R3,rf,1.2782490907434814,0.7823201340345641,0.9079437467417186,0.889527405808591,5620,True,False
g0_R2_R5_R6_to_R3,xgboost,3.341855734136982,0.2992349399721305,1.9810764348058283,1.032355425326319,5620,True,False
g0_R2_R5_R6_to_R3,lightgbm,6.592785416078875,0.15168095681699892,3.8287638875378076,1.062473172039323,5620,True,False
g0_R2_R5_R6_to_R4,rf,1.2782490907434814,0.7823201340345641,0.9079437467417186,0.889527405808591,5620,True,False
g0_R2_R5_R6_to_R4,xgboost,3.341855734136982,0.2992349399721305,1.9810764348058283,1.032355425326319,5620,True,False
g0_R2_R5_R6_to_R4,lightgbm,6.592785415654467,0.1516809568267633,3.8287638875378076,1.0624731720393228,5620,True,False
g0_R2_R5_R6_to_R7,rf,1.2782490907434814,0.7823201340345641,0.9079437467417186,0.889527405808591,5620,True,False
g0_R2_R5_R6_to_R7,xgboost,3.341855734136982,0.2992349399721305,1.9810764348058283,1.032355425326319,5620,True,False
g0_R2_R5_R6_to_R7,lightgbm,6.592785416080838,0.15168095681695373,3.8287638875378076,1.0624731720393228,5620,True,False
g0_R2_R5_R7_to_R3,rf,1.239104092159521,0.8070347005772465,0.8689217090077292,0.8550101194958445,5625,True,False
g0_R2_R5_R7_to_R3,xgboost,3.292070850666483,0.3037601696201493,1.933480370230815,1.0108097272528338,5625,True,False
g0_R2_R5_R7_to_R3,lightgbm,6.938457040989973,0.14412426193494468,4.151380404565217,1.0824504771455576,5625,True,False
g0_R2_R5_R7_to_R4,rf,1.239104092159521,0.8070347005772465,0.8689217090077292,0.8550101194958445,5625,True,False
g0_R2_R5_R7_to_R4,xgboost,3.292070850666483,0.3037601696201493,1.933480370230815,1.0108097272528338,5625,True,False
g0_R2_R5_R7_to_R4,lightgbm,6.9384559117188145,0.14412428539194638,4.151380357494324,1.0824503294432959,5625,True,False
g0_R2_R5_R7_to_R6,rf,1.239104092159521,0.8070347005772465,0.8689217090077292,0.8550101194958445,5625,True,False
g0_R2_R5_R7_to_R6,xgboost,3.292070850666483,0.3037601696201493,1.933480370230815,1.0108097272528338,5625,True,False
g0_R2_R5_R7_to_R6,lightgbm,6.938455911718803,0.14412428539194663,4.151380357494324,1.0824503294432959,5625,True,False
g0_R2_R5_to_R3,rf,1.0779684504321176,0.9276709347097655,0.9665857702457122,0.9648194843778147,3632,True,False
g0_R2_R5_to_R3,xgboost,2.8535259043635217,0.350443638332083,1.7493844405929382,1.105710338143358,3632,True,False
g0_R2_R5_to_R3,lightgbm,5.289929431556455,0.18903843859137645,2.9811341527349393,1.077859984165811,3632,True,False
g0_R2_R5_to_R4,rf,1.0779684504321176,0.9276709347097655,0.9665857702457122,0.9648194843778147,3632,True,False
g0_R2_R5_to_R4,xgboost,2.8535259043635217,0.350443638332083,1.7493844405929382,1.105710338143358,3632,True,False
g0_R2_R5_to_R4,lightgbm,5.289929431556455,0.18903843859137645,2.9811341527349393,1.077859984165811,3632,True,False
g0_R2_R5_to_R6,rf,1.0779684504321176,0.9276709347097655,0.9665857702457122,0.9648194843778147,3632,True,False
g0_R2_R5_to_R6,xgboost,2.8535259043635217,0.350443638332083,1.7493844405929382,1.105710338143358,3632,True,False
g0_R2_R5_to_R6,lightgbm,5.289929431556455,0.18903843859137645,2.9811341527349393,1.077859984165811,3632,True,False
g0_R2_R5_to_R7,rf,1.0779684504321176,0.9276709347097655,0.9665857702457122,0.9648194843778147,3632,True,False
g0_R2_R5_to_R7,xgboost,2.8535259043635217,0.350443638332083,1.7493844405929382,1.105710338143358,3632,True,False
g0_R2_R5_to_R7,lightgbm,5.289929431556455,0.18903843859137645,2.9811341527349393,1.077859984165811,3632,True,False
g0_R2_R6_R7_to_R3,rf,0.5434767950116344,1.840004962821996,0.607603791554637,0.5414402163784637,5797,True,False
g0_R2_R6_R7_to_R3,xgboost,1.706130165818547,0.5861217508690093,0.6565149195823885,0.5653414013817142,5797,True,False
g0_R2_R6_R7_to_R3,lightgbm,3.511458834991269,0.28478192312412126,1.2016716433953225,0.6014433411491447,5797,True,False
g0_R2_R6_R7_to_R4,rf,0.5434767950116344,1.840004962821996,0.607603791554637,0.5414402163784637,5797,True,False
g0_R2_R6_R7_to_R4,xgboost,1.706130165818547,0.5861217508690093,0.6565149195823885,0.5653414013817142,5797,True,False
g0_R2_R6_R7_to_R4,lightgbm,3.511458835134544,0.28478192311250156,1.2016716433953225,0.6014433411491446,5797,True,False
g0_R2_R6_R7_to_R5,rf,0.5434767950116344,1.840004962821996,0.607603791554637,0.5414402163784637,5797,True,False
g0_R2_R6_R7_to_R5,xgboost,1.706130165818547,0.5861217508690093,0.6565149195823885,0.5653414013817142,5797,True,False
g0_R2_R6_R7_to_R5,lightgbm,3.511458834991269,0.28478192312412126,1.2016716433953225,0.6014433411491447,5797,True,False
g0_R2_R6_to_R3,rf,1.7535336690893324,0.5702770455039696,1.1887289443496083,1.0750163555993875,3804,True,False
g0_R2_R6_to_R3,xgboost,4.802420572689124,0.20822832670818087,3.0775493451184897,1.3069118853313093,3804,True,False
g0_R2_R6_to_R3,lightgbm,8.224676516032234,0.12158532898536684,5.22154632874773,1.2584401649973045,3804,True,False
g0_R2_R6_to_R4,rf,1.7535336690893324,0.5702770455039696,1.1887289443496083,1.0750163555993875,3804,True,False
g0_R2_R6_to_R4,xgboost,4.802420572689124,0.20822832670818087,3.0775493451184897,1.3069118853313093,3804,True,False
g0_R2_R6_to_R4,lightgbm,8.224676516032234,0.12158532898536684,5.22154632874773,1.2584401649973045,3804,True,False
g0_R2_R6_to_R5,rf,1.7535336690893324,0.5702770455039696,1.1887289443496083,1.0750163555993875,3804,True,False
g0_R2_R6_to_R5,xgboost,4.802420572689124,0.20822832670818087,3.0775493451184897,1.3069118853313093,3804,True,False
g0_R2_R6_to_R5,lightgbm,8.224676516032234,0.12158532898536684,5.22154632874773,1.2584401649973045,3804,True,False
g0_R2_R6_to_R7,rf,1.7535336690893324,0.5702770455039696,1.1887289443496083,1.0750163555993875,3804,True,False
g0_R2_R6_to_R7,xgboost,4.802420572689124,0.20822832670818087,3.0775493451184897,1.3069118853313093,3804,True,False
g0_R2_R6_to_R7,lightgbm,8.224676516032234,0.12158532898536684,5.22154632874773,1.2584401649973045,3804,True,False
g0_R2_R7_to_R3,rf,1.6610619440848966,0.6020245082135782,1.1397436058575678,1.0493415846743763,3809,True,False
g0_R2_R7_to_R3,xgboost,5.009149401538813,0.19963469240761705,3.2587967835583385,1.3292036952154616,3809,True,False
g0_R2_R7_to_R3,lightgbm,9.373429562052756,0.1066845377542905,6.217709052303651,1.315618065634314,3809,True,False
g0_R2_R7_to_R4,rf,1.6610619440848966,0.6020245082135782,1.1397436058575678,1.0493415846743763,3809,True,False
g0_R2_R7_to_R4,xgboost,5.009149401538813,0.19963469240761705,3.2587967835583385,1.3292036952154616,3809,True,False
g0_R2_R7_to_R4,lightgbm,9.373429562052756,0.1066845377542905,6.217709052303651,1.315618065634314,3809,True,False
g0_R2_R7_to_R5,rf,1.6610619440848966,0.6020245082135782,1.1397436058575678,1.0493415846743763,3809,True,False
g0_R2_R7_to_R5,xgboost,5.009149401538813,0.19963469240761705,3.2587967835583385,1.3292036952154616,3809,True,False
g0_R2_R7_to_R5,lightgbm,9.373429562052756,0.1066845377542905,6.217709052303651,1.315618065634314,3809,True,False
g0_R2_R7_to_R6,rf,1.6610619440848966,0.6020245082135782,1.1397436058575678,1.0493415846743763,3809,True,False
g0_R2_R7_to_R6,xgboost,5.009149401538813,0.19963469240761705,3.2587967835583385,1.3292036952154616,3809,True,False
g0_R2_R7_to_R6,lightgbm,9.373429562052756,0.1066845377542905,6.217709052303651,1.315618065634314,3809,True,False
g0_R2_to_R3,rf,0.4385950802712152,2.2800073347417107,0.17695109438987894,0.11074426260024814,1816,True,False
g0_R2_to_R3,xgboost,1.2316338247703624,0.8119296335389697,0.11973680438296358,0.11424462661420688,1816,True,False
g0_R2_to_R3,lightgbm,2.3611912637756247,0.4235150346952268,0.19425526421746042,0.11554139846273326,1816,True,False
g0_R2_to_R4,rf,0.4385950802712152,2.2800073347417107,0.17695109438987894,0.11074426260024814,1816,True,False
g0_R2_to_R4,xgboost,1.2316338247703624,0.8119296335389697,0.11973680438296358,0.11424462661420688,1816,True,False
g0_R2_to_R4,lightgbm,2.3611912637756247,0.4235150346952268,0.19425526421746042,0.11554139846273326,1816,True,False
g0_R2_to_R5,rf,0.4385950802712152,2.2800073347417107,0.17695109438987894,0.11074426260024814,1816,True,False
g0_R2_to_R5,xgboost,1.2316338247703624,0.8119296335389697,0.11973680438296358,0.11424462661420688,1816,True,False
g0_R2_to_R5,lightgbm,2.3611912637756247,0.4235150346952268,0.19425526421746042,0.11554139846273326,1816,True,False
g0_R2_to_R6,rf,0.4385950802712152,2.2800073347417107,0.17695109438987894,0.11074426260024814,1816,True,False
g0_R2_to_R6,xgboost,1.2316338247703624,0.8119296335389697,0.11973680438296358,0.11424462661420688,1816,True,False
g0_R2_to_R6,lightgbm,2.3611912637756247,0.4235150346952268,0.19425526421746042,0.11554139846273326,1816,True,False
g0_R2_to_R7,rf,0.4385950802712152,2.2800073347417107,0.17695109438987894,0.11074426260024814,1816,True,False
g0_R2_to_R7,xgboost,1.2316338247703624,0.8119296335389697,0.11973680438296358,0.11424462661420688,1816,True,False
g0_R2_to_R7,lightgbm,2.3611912637756247,0.4235150346952268,0.19425526421746042,0.11554139846273326,1816,True,False
g0_R3_R4_R5_to_R2,rf,1.2240471866444187,0.8169619692042938,0.8826183793827921,0.8704430505974976,5506,True,False
g0_R3_R4_R5_to_R2,xgboost,3.2149540093135074,0.3110464401988541,1.8895146003592287,1.0437951784443837,5506,True,False
g0_R3_R4_R5_to_R2,lightgbm,6.249722437303088,0.1600071059206151,3.5527361078042228,1.0599378811282785,5506,True,False
g0_R3_R4_R5_to_R6,rf,1.2240471866444187,0.8169619692042938,0.8826183793827921,0.8704430505974976,5506,True,False
g0_R3_R4_R5_to_R6,xgboost,3.2149540093135074,0.3110464401988541,1.8895146003592287,1.0437951784443837,5506,True,False
g0_R3_R4_R5_to_R6,lightgbm,6.249722437303088,0.1600071059206151,3.5527361078042228,1.0599378811282785,5506,True,False
g0_R3_R4_R5_to_R7,rf,1.2240471866444187,0.8169619692042938,0.8826183793827921,0.8704430505974976,5506,True,False
g0_R3_R4_R5_to_R7,xgboost,3.2149540093135074,0.3110464401988541,1.8895146003592287,1.0437951784443837,5506,True,False
g0_R3_R4_R5_to_R7,lightgbm,6.249722437303088,0.1600071059206151,3.5527361078042228,1.0599378811282785,5506,True,False
g0_R3_R4_R6_to_R2,rf,0.8813706093777611,1.1345964902392083,0.7603816041642679,0.756404044208144,5678,True,False
g0_R3_R4_R6_to_R2,xgboost,2.695671599641279,0.3709650686430324,1.4067582946652364,0.8883380019575644,5678,True,False
g0_R3_R4_R6_to_R2,lightgbm,5.460257845183541,0.183141534402463,2.7538658799798137,0.923726129060923,5678,True,False
g0_R3_R4_R6_to_R5,rf,0.8813706093777611,1.1345964902392083,0.7603816041642679,0.756404044208144,5678,True,False
g0_R3_R4_R6_to_R5,xgboost,2.695671599641279,0.3709650686430324,1.4067582946652364,0.8883380019575644,5678,True,False
g0_R3_R4_R6_to_R5,lightgbm,5.46025789644446,0.18314153268312966,2.7538657450345343,0.9237260977875847,5678,True,False
g0_R3_R4_R6_to_R7,rf,0.8813706093777611,1.1345964902392083,0.7603816041642679,0.756404044208144,5678,True,False
g0_R3_R4_R6_to_R7,xgboost,2.695671599641279,0.3709650686430324,1.4067582946652364,0.8883380019575644,5678,True,False
g0_R3_R4_R6_to_R7,lightgbm,5.460257845345807,0.18314153439702047,2.7538658799798137,0.923726129060923,5678,True,False
g0_R3_R4_R7_to_R2,rf,0.8082847665866059,1.237187735484623,0.6775288355521676,0.6662612085964278,5683,True,False
g0_R3_R4_R7_to_R2,xgboost,2.5519172879998133,0.39186223029344247,1.2799568959676324,0.8328817096656522,5683,True,False
g0_R3_R4_R7_to_R2,lightgbm,5.13518526908132,0.19473494092237478,2.5051803958713195,0.8784655115231892,5683,True,False
g0_R3_R4_R7_to_R5,rf,0.8082847665866059,1.237187735484623,0.6775288355521676,0.6662612085964278,5683,True,False
g0_R3_R4_R7_to_R5,xgboost,2.5519172879998133,0.39186223029344247,1.2799568959676324,0.8328817096656522,5683,True,False
g0_R3_R4_R7_to_R5,lightgbm,5.135185269081197,0.19473494092237942,2.5051803958713195,0.8784655115231892,5683,True,False
g0_R3_R4_R7_to_R6,rf,0.8082847665866059,1.237187735484623,0.6775288355521676,0.6662612085964278,5683,True,False
g0_R3_R4_R7_to_R6,xgboost,2.5519172879998133,0.39186223029344247,1.2799568959676324,0.8328817096656522,5683,True,False
g0_R3_R4_R7_to_R6,lightgbm,5.135187607665714,0.19473485223932582,2.5051828965688663,0.8784658990528337,5683,True,False
g0_R3_R4_to_R2,rf,1.7809750760670857,0.5614901709957069,1.24685395615931,1.1254330591333586,3690,True,False
g0_R3_R4_to_R2,xgboost,4.37967679628881,0.2283273507413529,2.759009033134865,1.3117294453222041,3690,True,False
g0_R3_R4_to_R2,lightgbm,8.357486730045983,0.11965319626591835,5.059622966763019,1.3287601966064722,3690,True,False
g0_R3_R4_to_R5,rf,1.7809750760670857,0.5614901709957069,1.24685395615931,1.1254330591333586,3690,True,False
g0_R3_R4_to_R5,xgboost,4.37967679628881,0.2283273507413529,2.759009033134865,1.3117294453222041,3690,True,False
g0_R3_R4_to_R5,lightgbm,8.357486730045983,0.11965319626591835,5.059622966763019,1.3287601966064722,3690,True,False
g0_R3_R4_to_R6,rf,1.7809750760670857,0.5614901709957069,1.24685395615931,1.1254330591333586,3690,True,False
g0_R3_R4_to_R6,xgboost,4.37967679628881,0.2283273507413529,2.759009033134865,1.3117294453222041,3690,True,False
g0_R3_R4_to_R6,lightgbm,8.357486730045983,0.11965319626591835,5.059622966763019,1.3287601966064722,3690,True,False
g0_R3_R4_to_R7,rf,1.7809750760670857,0.5614901709957069,1.24685395615931,1.1254330591333586,3690,True,False
g0_R3_R4_to_R7,xgboost,4.37967679628881,0.2283273507413529,2.759009033134865,1.3117294453222041,3690,True,False
g0_R3_R4_to_R7,lightgbm,8.357486730045983,0.11965319626591835,5.059622966763019,1.3287601966064722,3690,True,False
g0_R3_R5_R6_to_R2,rf,1.2744329400776535,0.7846627064889489,0.9662424255020539,0.9481977645260805,5641,True,False
g0_R3_R5_R6_to_R2,xgboost,2.7677887771079024,0.3612992466299804,1.5365418891216804,0.9412036534723677,5641,True,False
g0_R3_R5_R6_to_R2,lightgbm,5.895433075425746,0.1696228228199815,3.208865840184464,0.9867404172629289,5641,True,False
g0_R3_R5_R6_to_R4,rf,1.2744329400776535,0.7846627064889489,0.9662424255020539,0.9481977645260805,5641,True,False
g0_R3_R5_R6_to_R4,xgboost,2.7677887771079024,0.3612992466299804,1.5365418891216804,0.9412036534723677,5641,True,False
g0_R3_R5_R6_to_R4,lightgbm,5.89543392818228,0.16962279828455762,3.208865840183678,0.986740325780322,5641,True,False
g0_R3_R5_R6_to_R7,rf,1.2744329400776535,0.7846627064889489,0.9662424255020539,0.9481977645260805,5641,True,False
g0_R3_R5_R6_to_R7,xgboost,2.7677887771079024,0.3612992466299804,1.5365418891216804,0.9412036534723677,5641,True,False
g0_R3_R5_R6_to_R7,lightgbm,5.8954330750684525,0.16962282283026153,3.2088658401844645,0.9867404172629289,5641,True,False
g0_R3_R5_R7_to_R2,rf,1.294160582682459,0.7727016363975941,0.948792336561252,0.9278068209121682,5646,True,False
g0_R3_R5_R7_to_R2,xgboost,2.7638977846797275,0.36180788071939396,1.5243985144036634,0.9386455753797933,5646,True,False
g0_R3_R5_R7_to_R2,lightgbm,5.6807172608998355,0.17603410873534625,3.0086637402955034,0.9814272202141012,5646,True,False
g0_R3_R5_R7_to_R4,rf,1.294160582682459,0.7727016363975941,0.948792336561252,0.9278068209121682,5646,True,False
g0_R3_R5_R7_to_R4,xgboost,2.7638977846797275,0.36180788071939396,1.5243985144036634,0.9386455753797933,5646,True,False
g0_R3_R5_R7_to_R4,lightgbm,5.680717260829025,0.17603410873754055,3.0086637402955034,0.9814272202141011,5646,True,False
g0_R3_R5_R7_to_R6,rf,1.294160582682459,0.7727016363975941,0.948792336561252,0.9278068209121682,5646,True,False
g0_R3_R5_R7_to_R6,xgboost,2.7638977846797275,0.36180788071939396,1.5243985144036634,0.9386455753797933,5646,True,False
g0_R3_R5_R7_to_R6,lightgbm,5.680717260829025,0.17603410873754055,3.0086637402955034,0.9814272202141011,5646,True,False
g0_R3_R5_to_R2,rf,1.4964916583743244,0.6682295851126391,1.2093050699774999,1.1606649994795268,3653,True,False
g0_R3_R5_to_R2,xgboost,2.900102692544184,0.3448153758730268,1.8204577506648756,1.1831978953453557,3653,True,False
g0_R3_R5_to_R2,lightgbm,5.314352609006041,0.18816967438429588,3.0826003909893243,1.1477271342889412,3653,True,False
g0_R3_R5_to_R4,rf,1.4964916583743244,0.6682295851126391,1.2093050699774999,1.1606649994795268,3653,True,False
g0_R3_R5_to_R4,xgboost,2.900102692544184,0.3448153758730268,1.8204577506648756,1.1831978953453557,3653,True,False
g0_R3_R5_to_R4,lightgbm,5.314352609006041,0.18816967438429588,3.0826003909893243,1.1477271342889412,3653,True,False
g0_R3_R5_to_R6,rf,1.4964916583743244,0.6682295851126391,1.2093050699774999,1.1606649994795268,3653,True,False
g0_R3_R5_to_R6,xgboost,2.900102692544184,0.3448153758730268,1.8204577506648756,1.1831978953453557,3653,True,False
g0_R3_R5_to_R6,lightgbm,5.314352609006041,0.18816967438429588,3.0826003909893243,1.1477271342889412,3653,True,False
g0_R3_R5_to_R7,rf,1.4964916583743244,0.6682295851126391,1.2093050699774999,1.1606649994795268,3653,True,False
g0_R3_R5_to_R7,xgboost,2.900102692544184,0.3448153758730268,1.8204577506648756,1.1831978953453557,3653,True,False
g0_R3_R5_to_R7,lightgbm,5.314352609006041,0.18816967438429588,3.0826003909893243,1.1477271342889412,3653,True,False
g0_R3_R6_R7_to_R2,rf,0.5955927813750046,1.6789995299999572,0.6387756276373122,0.5870328180213595,5818,True,False
g0_R3_R6_R7_to_R2,xgboost,1.8293514737137593,0.5466418096080268,0.7313897891763431,0.6031341751428628,5818,True,False
g0_R3_R6_R7_to_R2,lightgbm,3.7143771282633757,0.269224143232742,1.3624680374748042,0.647648095087092,5818,True,False
g0_R3_R6_R7_to_R4,rf,0.5955927813750046,1.6789995299999572,0.6387756276373122,0.5870328180213595,5818,True,False
g0_R3_R6_R7_to_R4,xgboost,1.8293514737137593,0.5466418096080268,0.7313897891763431,0.6031341751428628,5818,True,False
g0_R3_R6_R7_to_R4,lightgbm,3.7143771282633757,0.269224143232742,1.3624680374748042,0.647648095087092,5818,True,False
g0_R3_R6_R7_to_R5,rf,0.5955927813750046,1.6789995299999572,0.6387756276373122,0.5870328180213595,5818,True,False
g0_R3_R6_R7_to_R5,xgboost,1.8293514737137593,0.5466418096080268,0.7313897891763431,0.6031341751428628,5818,True,False
g0_R3_R6_R7_to_R5,lightgbm,3.714376767477276,0.2692241693831125,1.3624680375536937,0.6476481365614004,5818,True,False
g0_R3_R6_to_R2,rf,2.239387267896592,0.4465507214119684,1.4665685231691372,1.231965649348976,3825,True,False
g0_R3_R6_to_R2,xgboost,3.766691232647738,0.2654849941860154,2.3410921600845023,1.2069543431259273,3825,True,False
g0_R3_R6_to_R2,lightgbm,7.060072484747981,0.14164160526118116,4.238596048229585,1.1798214989409128,3825,True,False
g0_R3_R6_to_R4,rf,2.239387267896592,0.4465507214119684,1.4665685231691372,1.231965649348976,3825,True,False
g0_R3_R6_to_R4,xgboost,3.766691232647738,0.2654849941860154,2.3410921600845023,1.2069543431259273,3825,True,False
g0_R3_R6_to_R4,lightgbm,7.060072484747981,0.14164160526118116,4.238596048229585,1.1798214989409128,3825,True,False
g0_R3_R6_to_R5,rf,2.239387267896592,0.4465507214119684,1.4665685231691372,1.231965649348976,3825,True,False
g0_R3_R6_to_R5,xgboost,3.766691232647738,0.2654849941860154,2.3410921600845023,1.2069543431259273,3825,True,False
g0_R3_R6_to_R5,lightgbm,7.060072484747981,0.14164160526118116,4.238596048229585,1.1798214989409128,3825,True,False
g0_R3_R6_to_R7,rf,2.239387267896592,0.4465507214119684,1.4665685231691372,1.231965649348976,3825,True,False
g0_R3_R6_to_R7,xgboost,3.766691232647738,0.2654849941860154,2.3410921600845023,1.2069543431259273,3825,True,False
g0_R3_R6_to_R7,lightgbm,7.060072484747981,0.14164160526118116,4.238596048229585,1.1798214989409128,3825,True,False
g0_R3_R7_to_R2,rf,2.0465613775586244,0.488624485424872,1.3757863815577591,1.1883367705522956,3830,True,False
g0_R3_R7_to_R2,xgboost,4.109953262765592,0.24331176927474327,2.6223028198620724,1.2488792497612495,3830,True,False
g0_R3_R7_to_R2,lightgbm,8.207664810063898,0.12183733414330487,5.258460851084674,1.2515960796195462,3830,True,False
g0_R3_R7_to_R4,rf,2.0465613775586244,0.488624485424872,1.3757863815577591,1.1883367705522956,3830,True,False
g0_R3_R7_to_R4,xgboost,4.109953262765592,0.24331176927474327,2.6223028198620724,1.2488792497612495,3830,True,False
g0_R3_R7_to_R4,lightgbm,8.207664810063898,0.12183733414330487,5.258460851084674,1.2515960796195462,3830,True,False
g0_R3_R7_to_R5,rf,2.0465613775586244,0.488624485424872,1.3757863815577591,1.1883367705522956,3830,True,False
g0_R3_R7_to_R5,xgboost,4.109953262765592,0.24331176927474327,2.6223028198620724,1.2488792497612495,3830,True,False
g0_R3_R7_to_R5,lightgbm,8.207664810063898,0.12183733414330487,5.258460851084674,1.2515960796195462,3830,True,False
g0_R3_R7_to_R6,rf,2.0465613775586244,0.488624485424872,1.3757863815577591,1.1883367705522956,3830,True,False
g0_R3_R7_to_R6,xgboost,4.109953262765592,0.24331176927474327,2.6223028198620724,1.2488792497612495,3830,True,False
g0_R3_R7_to_R6,lightgbm,8.207664810063898,0.12183733414330487,5.258460851084674,1.2515960796195462,3830,True,False
g0_R3_to_R2,rf,0.4270026864947509,2.3419056404749172,0.16295591203552098,0.09604092301211209,1837,True,False
g0_R3_to_R2,xgboost,1.1576382426936949,0.8638277167425911,0.10638313547198176,0.10395396930192943,1837,True,False
g0_R3_to_R2,lightgbm,2.2382498124615626,0.44677765387601165,0.16573260488491953,0.10446177252905174,1837,True,False
g0_R3_to_R4,rf,0.4270026864947509,2.3419056404749172,0.16295591203552098,0.09604092301211209,1837,True,False
g0_R3_to_R4,xgboost,1.1576382426936949,0.8638277167425911,0.10638313547198176,0.10395396930192943,1837,True,False
g0_R3_to_R4,lightgbm,2.2382498124615626,0.44677765387601165,0.16573260488491953,0.10446177252905174,1837,True,False
g0_R3_to_R5,rf,0.4270026864947509,2.3419056404749172,0.16295591203552098,0.09604092301211209,1837,True,False
g0_R3_to_R5,xgboost,1.1576382426936949,0.8638277167425911,0.10638313547198176,0.10395396930192943,1837,True,False
g0_R3_to_R5,lightgbm,2.2382498124615626,0.44677765387601165,0.16573260488491953,0.10446177252905174,1837,True,False
g0_R3_to_R6,rf,0.4270026864947509,2.3419056404749172,0.16295591203552098,0.09604092301211209,1837,True,False
g0_R3_to_R6,xgboost,1.1576382426936949,0.8638277167425911,0.10638313547198176,0.10395396930192943,1837,True,False
g0_R3_to_R6,lightgbm,2.2382498124615626,0.44677765387601165,0.16573260488491953,0.10446177252905174,1837,True,False
g0_R3_to_R7,rf,0.4270026864947509,2.3419056404749172,0.16295591203552098,0.09604092301211209,1837,True,False
g0_R3_to_R7,xgboost,1.1576382426936949,0.8638277167425911,0.10638313547198176,0.10395396930192943,1837,True,False
g0_R3_to_R7,lightgbm,2.2382498124615626,0.44677765387601165,0.16573260488491953,0.10446177252905174,1837,True,False
g0_R4_R5_R6_to_R2,rf,0.8037785916778795,1.2441237056494754,0.7435104747198495,0.7324048447005019,5657,True,False
g0_R4_R5_R6_to_R2,xgboost,2.4812610306655563,0.4030208783522332,1.2207322016395223,0.8128703169288076,5657,True,False
g0_R4_R5_R6_to_R2,lightgbm,4.890117255752541,0.20449407400684297,2.2784001719656803,0.8257681822332722,5657,True,False
g0_R4_R5_R6_to_R3,rf,0.8037785916778795,1.2441237056494754,0.7435104747198495,0.7324048447005019,5657,True,False
g0_R4_R5_R6_to_R3,xgboost,2.4812610306655563,0.4030208783522332,1.2207322016395223,0.8128703169288076,5657,True,False
g0_R4_R5_R6_to_R3,lightgbm,4.890117255752554,0.2044940740068424,2.2784001719656803,0.8257681822332722,5657,True,False
g0_R4_R5_R6_to_R7,rf,0.8037785916778795,1.2441237056494754,0.7435104747198495,0.7324048447005019,5657,True,False
g0_R4_R5_R6_to_R7,xgboost,2.4812610306655563,0.4030208783522332,1.2207322016395223,0.8128703169288076,5657,True,False
g0_R4_R5_R6_to_R7,lightgbm,4.890117255752288,0.20449407400685357,2.2784001719656803,0.8257681822332721,5657,True,False
g0_R4_R5_R7_to_R2,rf,0.7603465920731982,1.3151896916817252,0.6815969546534116,0.6632138348886811,5662,True,False
g0_R4_R5_R7_to_R2,xgboost,2.486531132161255,0.4021666920095286,1.222290599799999,0.814720040602746,5662,True,False
g0_R4_R5_R7_to_R2,lightgbm,4.925601484438609,0.2030208905773818,2.294944201923642,0.8361934284509585,5662,True,False
g0_R4_R5_R7_to_R3,rf,0.7603465920731982,1.3151896916817252,0.6815969546534116,0.6632138348886811,5662,True,False
g0_R4_R5_R7_to_R3,xgboost,2.486531132161255,0.4021666920095286,1.222290599799999,0.814720040602746,5662,True,False
g0_R4_R5_R7_to_R3,lightgbm,4.925601484438624,0.20302089057738115,2.2949442019236423,0.8361934284509585,5662,True,False
g0_R4_R5_R7_to_R6,rf,0.7603465920731982,1.3151896916817252,0.6815969546534116,0.6632138348886811,5662,True,False
g0_R4_R5_R7_to_R6,xgboost,2.486531132161255,0.4021666920095286,1.222290599799999,0.814720040602746,5662,True,False
g0_R4_R5_R7_to_R6,lightgbm,4.925601484438624,0.20302089057738115,2.2949442019236423,0.8361934284509585,5662,True,False
g0_R4_R5_to_R2,rf,0.989130975476374,1.0109884583468751,0.9353217568701999,0.9352893038151201,3669,True,False
g0_R4_R5_to_R2,xgboost,2.384799057996042,0.4193225406757351,1.3928693469373776,1.021689599948575,3669,True,False
g0_R4_R5_to_R2,lightgbm,4.4872584525802335,0.22285322108535707,2.360404353260368,1.0124426606613917,3669,True,False
g0_R4_R5_to_R3,rf,0.989130975476374,1.0109884583468751,0.9353217568701999,0.9352893038151201,3669,True,False
g0_R4_R5_to_R3,xgboost,2.384799057996042,0.4193225406757351,1.3928693469373776,1.021689599948575,3669,True,False
g0_R4_R5_to_R3,lightgbm,4.4872584525802335,0.22285322108535707,2.360404353260368,1.0124426606613917,3669,True,False
g0_R4_R5_to_R6,rf,0.989130975476374,1.0109884583468751,0.9353217568701999,0.9352893038151201,3669,True,False
g0_R4_R5_to_R6,xgboost,2.384799057996042,0.4193225406757351,1.3928693469373776,1.021689599948575,3669,True,False
g0_R4_R5_to_R6,lightgbm,4.4872584525802335,0.22285322108535707,2.360404353260368,1.0124426606613917,3669,True,False
g0_R4_R5_to_R7,rf,0.989130975476374,1.0109884583468751,0.9353217568701999,0.9352893038151201,3669,True,False
g0_R4_R5_to_R7,xgboost,2.384799057996042,0.4193225406757351,1.3928693469373776,1.021689599948575,3669,True,False
g0_R4_R5_to_R7,lightgbm,4.4872584525802335,0.22285322108535707,2.360404353260368,1.0124426606613917,3669,True,False
g0_R4_R6_R7_to_R2,rf,0.5843435483781744,1.7113220515148424,0.5935658005346719,0.5404821924603389,5834,True,False
g0_R4_R6_R7_to_R2,xgboost,1.700399430490986,0.5880971153414539,0.6450503142474339,0.5578031249008572,5834,True,False
g0_R4_R6_R7_to_R2,lightgbm,3.5465780319843976,0.28196193372361117,1.1852429221041185,0.5914604921667864,5834,True,False
g0_R4_R6_R7_to_R3,rf,0.5843435483781744,1.7113220515148424,0.5935658005346719,0.5404821924603389,5834,True,False
g0_R4_R6_R7_to_R3,xgboost,1.700399430490986,0.5880971153414539,0.6450503142474339,0.5578031249008572,5834,True,False
g0_R4_R6_R7_to_R3,lightgbm,3.546578031984394,0.28196193372361145,1.1852429221041185,0.5914604921667864,5834,True,False
g0_R4_R6_R7_to_R5,rf,0.5843435483781744,1.7113220515148424,0.5935658005346719,0.5404821924603389,5834,True,False
g0_R4_R6_R7_to_R5,xgboost,1.700399430490986,0.5880971153414539,0.6450503142474339,0.5578031249008572,5834,True,False
g0_R4_R6_R7_to_R5,lightgbm,3.546578031984278,0.28196193372362066,1.1852429221041185,0.5914604921667864,5834,True,False
g0_R4_R6_to_R2,rf,1.0096819784022397,0.9904108634111101,0.89768423977328,0.8976584005187433,3841,True,False
g0_R4_R6_to_R2,xgboost,3.135764064197675,0.3189015434603058,1.8079008489453197,1.0875133858700528,3841,True,False
g0_R4_R6_to_R2,lightgbm,6.114942663910407,0.16353383097144467,3.337983825266686,1.0730324837102334,3841,True,False
g0_R4_R6_to_R3,rf,1.0096819784022397,0.9904108634111101,0.89768423977328,0.8976584005187433,3841,True,False
g0_R4_R6_to_R3,xgboost,3.135764064197675,0.3189015434603058,1.8079008489453197,1.0875133858700528,3841,True,False
g0_R4_R6_to_R3,lightgbm,6.114942663910407,0.16353383097144467,3.337983825266686,1.0730324837102334,3841,True,False
g0_R4_R6_to_R5,rf,1.0096819784022397,0.9904108634111101,0.89768423977328,0.8976584005187433,3841,True,False
g0_R4_R6_to_R5,xgboost,3.135764064197675,0.3189015434603058,1.8079008489453197,1.0875133858700528,3841,True,False
g0_R4_R6_to_R5,lightgbm,6.114942663910407,0.16353383097144467,3.337983825266686,1.0730324837102334,3841,True,False
g0_R4_R6_to_R7,rf,1.0096819784022397,0.9904108634111101,0.89768423977328,0.8976584005187433,3841,True,False
g0_R4_R6_to_R7,xgboost,3.135764064197675,0.3189015434603058,1.8079008489453197,1.0875133858700528,3841,True,False
g0_R4_R6_to_R7,lightgbm,6.114942663910407,0.16353383097144467,3.337983825266686,1.0730324837102334,3841,True,False
g0_R4_R7_to_R2,rf,0.9669802960920012,1.034147235513946,0.8518606872781365,0.8515341655987765,3846,True,False
g0_R4_R7_to_R2,xgboost,3.4993947769090816,0.28576370022569225,2.095737098981257,1.133083734816056,3846,True,False
g0_R4_R7_to_R2,lightgbm,7.388753707029464,0.1353408219641462,4.420318662541854,1.1634708690754312,3846,True,False
g0_R4_R7_to_R3,rf,0.9669802960920012,1.034147235513946,0.8518606872781365,0.8515341655987765,3846,True,False
g0_R4_R7_to_R3,xgboost,3.4993947769090816,0.28576370022569225,2.095737098981257,1.133083734816056,3846,True,False
g0_R4_R7_to_R3,lightgbm,7.388753707029464,0.1353408219641462,4.420318662541854,1.1634708690754312,3846,True,False
g0_R4_R7_to_R5,rf,0.9669802960920012,1.034147235513946,0.8518606872781365,0.8515341655987765,3846,True,False
g0_R4_R7_to_R5,xgboost,3.4993947769090816,0.28576370022569225,2.095737098981257,1.133083734816056,3846,True,False
g0_R4_R7_to_R5,lightgbm,7.388753707029464,0.1353408219641462,4.420318662541854,1.1634708690754312,3846,True,False
g0_R4_R7_to_R6,rf,0.9669802960920012,1.034147235513946,0.8518606872781365,0.8515341655987765,3846,True,False
g0_R4_R7_to_R6,xgboost,3.4993947769090816,0.28576370022569225,2.095737098981257,1.133083734816056,3846,True,False
g0_R4_R7_to_R6,lightgbm,7.388753707029464,0.1353408219641462,4.420318662541854,1.1634708690754312,3846,True,False
g0_R4_to_R2,rf,0.4529680384527802,2.2076612809498375,0.3126642148691034,0.2224297922321028,1853,True,False
g0_R4_to_R2,xgboost,1.3425454046855465,0.7448537654741159,0.22294411650968757,0.20673621001422685,1853,True,False
g0_R4_to_R2,lightgbm,2.478241440099714,0.40351193544716296,0.32726573782569307,0.19618444838290486,1853,True,False
g0_R4_to_R3,rf,0.4529680384527802,2.2076612809498375,0.3126642148691034,0.2224297922321028,1853,True,False
g0_R4_to_R3,xgboost,1.3425454046855465,0.7448537654741159,0.22294411650968757,0.20673621001422685,1853,True,False
g0_R4_to_R3,lightgbm,2.478241440099714,0.40351193544716296,0.32726573782569307,0.19618444838290486,1853,True,False
g0_R4_to_R5,rf,0.4529680384527802,2.2076612809498375,0.3126642148691034,0.2224297922321028,1853,True,False
g0_R4_to_R5,xgboost,1.3425454046855465,0.7448537654741159,0.22294411650968757,0.20673621001422685,1853,True,False
g0_R4_to_R5,lightgbm,2.478241440099714,0.40351193544716296,0.32726573782569307,0.19618444838290486,1853,True,False
g0_R4_to_R6,rf,0.4529680384527802,2.2076612809498375,0.3126642148691034,0.2224297922321028,1853,True,False
g0_R4_to_R6,xgboost,1.3425454046855465,0.7448537654741159,0.22294411650968757,0.20673621001422685,1853,True,False
g0_R4_to_R6,lightgbm,2.478241440099714,0.40351193544716296,0.32726573782569307,0.19618444838290486,1853,True,False
g0_R4_to_R7,rf,0.4529680384527802,2.2076612809498375,0.3126642148691034,0.2224297922321028,1853,True,False
g0_R4_to_R7,xgboost,1.3425454046855465,0.7448537654741159,0.22294411650968757,0.20673621001422685,1853,True,False
g0_R4_to_R7,lightgbm,2.478241440099714,0.40351193544716296,0.32726573782569307,0.19618444838290486,1853,True,False
g0_R5_R6_R7_to_R2,rf,0.5635713331896212,1.7743982724251457,0.6292380368881941,0.571380683052742,5797,True,False
g0_R5_R6_R7_to_R2,xgboost,1.7755959047503307,0.563191206582903,0.707359270001818,0.5946419475701056,5797,True,False
g0_R5_R6_R7_to_R2,lightgbm,3.7250606301535827,0.2684520063660737,1.3386749103158557,0.628948369189104,5797,True,False
g0_R5_R6_R7_to_R3,rf,0.5635713331896212,1.7743982724251457,0.6292380368881941,0.571380683052742,5797,True,False
g0_R5_R6_R7_to_R3,xgboost,1.7755959047503307,0.563191206582903,0.707359270001818,0.5946419475701056,5797,True,False
g0_R5_R6_R7_to_R3,lightgbm,3.7250606301535827,0.2684520063660737,1.3386749103158557,0.628948369189104,5797,True,False
g0_R5_R6_R7_to_R4,rf,0.5635713331896212,1.7743982724251457,0.6292380368881941,0.571380683052742,5797,True,False
g0_R5_R6_R7_to_R4,xgboost,1.7755959047503307,0.563191206582903,0.707359270001818,0.5946419475701056,5797,True,False
g0_R5_R6_R7_to_R4,lightgbm,3.7250606301535827,0.2684520063660737,1.3386749103158557,0.628948369189104,5797,True,False
g0_R5_R6_to_R2,rf,1.8265299974381686,0.5474862178023725,1.2905586452911122,1.186475173487468,3804,True,False
g0_R5_R6_to_R2,xgboost,2.9509546660419095,0.3388733861307641,1.7711141522151665,1.107959586109511,3804,True,False
g0_R5_R6_to_R2,lightgbm,6.075186557533285,0.16460399866403957,3.5177396350123513,1.1192549808783405,3804,True,False
g0_R5_R6_to_R3,rf,1.8265299974381686,0.5474862178023725,1.2905586452911122,1.186475173487468,3804,True,False
g0_R5_R6_to_R3,xgboost,2.9509546660419095,0.3388733861307641,1.7711141522151665,1.107959586109511,3804,True,False
g0_R5_R6_to_R3,lightgbm,6.075186557533285,0.16460399866403957,3.5177396350123513,1.1192549808783405,3804,True,False
g0_R5_R6_to_R4,rf,1.8265299974381686,0.5474862178023725,1.2905586452911122,1.186475173487468,3804,True,False
g0_R5_R6_to_R4,xgboost,2.9509546660419095,0.3388733861307641,1.7711141522151665,1.107959586109511,3804,True,False
g0_R5_R6_to_R4,lightgbm,6.075186557533285,0.16460399866403957,3.5177396350123513,1.1192549808783405,3804,True,False
g0_R5_R6_to_R7,rf,1.8265299974381686,0.5474862178023725,1.2905586452911122,1.186475173487468,3804,True,False
g0_R5_R6_to_R7,xgboost,2.9509546660419095,0.3388733861307641,1.7711141522151665,1.107959586109511,3804,True,False
g0_R5_R6_to_R7,lightgbm,6.075186557533285,0.16460399866403957,3.5177396350123513,1.1192549808783405,3804,True,False
g0_R5_R7_to_R2,rf,1.6487927343205568,0.6065043708553733,1.2276953097638936,1.1582009683839622,3809,True,False
g0_R5_R7_to_R2,xgboost,3.306974380468045,0.3023912147328058,2.050583591221249,1.183763017243315,3809,True,False
g0_R5_R7_to_R2,lightgbm,7.057929256432999,0.14168461650257305,4.285707670623706,1.2195916961842912,3809,True,False
g0_R5_R7_to_R3,rf,1.6487927343205568,0.6065043708553733,1.2276953097638936,1.1582009683839622,3809,True,False
g0_R5_R7_to_R3,xgboost,3.306974380468045,0.3023912147328058,2.050583591221249,1.183763017243315,3809,True,False
g0_R5_R7_to_R3,lightgbm,7.057929256432999,0.14168461650257305,4.285707670623706,1.2195916961842912,3809,True,False
g0_R5_R7_to_R4,rf,1.6487927343205568,0.6065043708553733,1.2276953097638936,1.1582009683839622,3809,True,False
g0_R5_R7_to_R4,xgboost,3.306974380468045,0.3023912147328058,2.050583591221249,1.183763017243315,3809,True,False
g0_R5_R7_to_R4,lightgbm,7.057929256432999,0.14168461650257305,4.285707670623706,1.2195916961842912,3809,True,False
g0_R5_R7_to_R6,rf,1.6487927343205568,0.6065043708553733,1.2276953097638936,1.1582009683839622,3809,True,False
g0_R5_R7_to_R6,xgboost,3.306974380468045,0.3023912147328058,2.050583591221249,1.183763017243315,3809,True,False
g0_R5_R7_to_R6,lightgbm,7.057929256432999,0.14168461650257305,4.285707670623706,1.2195916961842912,3809,True,False
g0_R5_to_R2,rf,0.40724064071243393,2.4555506008697523,0.19435911354522664,0.11323980181834051,1816,True,False
g0_R5_to_R2,xgboost,1.1817256471050217,0.8462201040061954,0.11244920512072726,0.10909672235648894,1816,True,False
g0_R5_to_R2,lightgbm,2.2542400725731313,0.4436084746104869,0.1677365476598183,0.10458070286320634,1816,True,False
g0_R5_to_R3,rf,0.40724064071243393,2.4555506008697523,0.19435911354522664,0.11323980181834051,1816,True,False
g0_R5_to_R3,xgboost,1.1817256471050217,0.8462201040061954,0.11244920512072726,0.10909672235648894,1816,True,False
g0_R5_to_R3,lightgbm,2.2542400725731313,0.4436084746104869,0.1677365476598183,0.10458070286320634,1816,True,False
g0_R5_to_R4,rf,0.40724064071243393,2.4555506008697523,0.19435911354522664,0.11323980181834051,1816,True,False
g0_R5_to_R4,xgboost,1.1817256471050217,0.8462201040061954,0.11244920512072726,0.10909672235648894,1816,True,False
g0_R5_to_R4,lightgbm,2.2542400725731313,0.4436084746104869,0.1677365476598183,0.10458070286320634,1816,True,False
g0_R5_to_R6,rf,0.40724064071243393,2.4555506008697523,0.19435911354522664,0.11323980181834051,1816,True,False
g0_R5_to_R6,xgboost,1.1817256471050217,0.8462201040061954,0.11244920512072726,0.10909672235648894,1816,True,False
g0_R5_to_R6,lightgbm,2.2542400725731313,0.4436084746104869,0.1677365476598183,0.10458070286320634,1816,True,False
g0_R5_to_R7,rf,0.40724064071243393,2.4555506008697523,0.19435911354522664,0.11323980181834051,1816,True,False
g0_R5_to_R7,xgboost,1.1817256471050217,0.8462201040061954,0.11244920512072726,0.10909672235648894,1816,True,False
g0_R5_to_R7,lightgbm,2.2542400725731313,0.4436084746104869,0.1677365476598183,0.10458070286320634,1816,True,False
g0_R6_R7_to_R2,rf,0.5767352055254663,1.7338979663793803,0.590757755004948,0.536832775910951,3981,True,False
g0_R6_R7_to_R2,xgboost,1.5957242145607766,0.6266747041093502,0.6238124403746634,0.5514375097514926,3981,True,False
g0_R6_R7_to_R2,lightgbm,3.2984598999743273,0.30317179238946734,1.105053964539575,0.5665662147699956,3981,True,False
g0_R6_R7_to_R3,rf,0.5767352055254663,1.7338979663793803,0.590757755004948,0.536832775910951,3981,True,False
g0_R6_R7_to_R3,xgboost,1.5957242145607766,0.6266747041093502,0.6238124403746634,0.5514375097514926,3981,True,False
g0_R6_R7_to_R3,lightgbm,3.2984598999743273,0.30317179238946734,1.105053964539575,0.5665662147699956,3981,True,False
g0_R6_R7_to_R4,rf,0.5767352055254663,1.7338979663793803,0.590757755004948,0.536832775910951,3981,True,False
g0_R6_R7_to_R4,xgboost,1.5957242145607766,0.6266747041093502,0.6238124403746634,0.5514375097514926,3981,True,False
g0_R6_R7_to_R4,lightgbm,3.2984598999743273,0.30317179238946734,1.105053964539575,0.5665662147699956,3981,True,False
g0_R6_R7_to_R5,rf,0.5767352055254663,1.7338979663793803,0.590757755004948,0.536832775910951,3981,True,False
g0_R6_R7_to_R5,xgboost,1.5957242145607766,0.6266747041093502,0.6238124403746634,0.5514375097514926,3981,True,False
g0_R6_R7_to_R5,lightgbm,3.2984598999743273,0.30317179238946734,1.105053964539575,0.5665662147699956,3981,True,False
g0_R6_to_R2,rf,0.5524255863949591,1.8101985581910494,0.4947357096007974,0.4366772925135746,1988,True,False
g0_R6_to_R2,xgboost,1.5099090535317428,0.662291545084094,0.45496870499072095,0.4079826471019013,1988,True,False
g0_R6_to_R2,lightgbm,3.0590253035743524,0.3269015129857013,0.7878838850546924,0.4151855160255931,1988,True,False
g0_R6_to_R3,rf,0.5524255863949591,1.8101985581910494,0.4947357096007974,0.4366772925135746,1988,True,False
g0_R6_to_R3,xgboost,1.5099090535317428,0.662291545084094,0.45496870499072095,0.4079826471019013,1988,True,False
g0_R6_to_R3,lightgbm,3.0590253035743524,0.3269015129857013,0.7878838850546924,0.4151855160255931,1988,True,False
g0_R6_to_R4,rf,0.5524255863949591,1.8101985581910494,0.4947357096007974,0.4366772925135746,1988,True,False
g0_R6_to_R4,xgboost,1.5099090535317428,0.662291545084094,0.45496870499072095,0.4079826471019013,1988,True,False
g0_R6_to_R4,lightgbm,3.0590253035743524,0.3269015129857013,0.7878838850546924,0.4151855160255931,1988,True,False
g0_R6_to_R5,rf,0.5524255863949591,1.8101985581910494,0.4947357096007974,0.4366772925135746,1988,True,False
g0_R6_to_R5,xgboost,1.5099090535317428,0.662291545084094,0.45496870499072095,0.4079826471019013,1988,True,False
g0_R6_to_R5,lightgbm,3.0590253035743524,0.3269015129857013,0.7878838850546924,0.4151855160255931,1988,True,False
g0_R6_to_R7,rf,0.5524255863949591,1.8101985581910494,0.4947357096007974,0.4366772925135746,1988,True,False
g0_R6_to_R7,xgboost,1.5099090535317428,0.662291545084094,0.45496870499072095,0.4079826471019013,1988,True,False
g0_R6_to_R7,lightgbm,3.0590253035743524,0.3269015129857013,0.7878838850546924,0.4151855160255931,1988,True,False
g0_R7_to_R2,rf,0.5085572063734907,1.9663471237208026,0.3901546762046934,0.3243322933645276,1993,True,False
g0_R7_to_R2,xgboost,1.332967000650587,0.750206118765075,0.3042936948907976,0.2870724290166061,1993,True,False
g0_R7_to_R2,lightgbm,2.6128090497351653,0.38272984399734844,0.47034624181389295,0.2820990766899042,1993,True,False
g0_R7_to_R3,rf,0.5085572063734907,1.9663471237208026,0.3901546762046934,0.3243322933645276,1993,True,False
g0_R7_to_R3,xgboost,1.332967000650587,0.750206118765075,0.3042936948907976,0.2870724290166061,1993,True,False
g0_R7_to_R3,lightgbm,2.6128090497351653,0.38272984399734844,0.47034624181389295,0.2820990766899042,1993,True,False
g0_R7_to_R4,rf,0.5085572063734907,1.9663471237208026,0.3901546762046934,0.3243322933645276,1993,True,False
g0_R7_to_R4,xgboost,1.332967000650587,0.750206118765075,0.3042936948907976,0.2870724290166061,1993,True,False
g0_R7_to_R4,lightgbm,2.6128090497351653,0.38272984399734844,0.47034624181389295,0.2820990766899042,1993,True,False
g0_R7_to_R5,rf,0.5085572063734907,1.9663471237208026,0.3901546762046934,0.3243322933645276,1993,True,False
g0_R7_to_R5,xgboost,1.332967000650587,0.750206118765075,0.3042936948907976,0.2870724290166061,1993,True,False
g0_R7_to_R5,lightgbm,2.6128090497351653,0.38272984399734844,0.47034624181389295,0.2820990766899042,1993,True,False
g0_R7_to_R6,rf,0.5085572063734907,1.9663471237208026,0.3901546762046934,0.3243322933645276,1993,True,False
g0_R7_to_R6,xgboost,1.332967000650587,0.750206118765075,0.3042936948907976,0.2870724290166061,1993,True,False
g0_R7_to_R6,lightgbm,2.6128090497351653,0.38272984399734844,0.47034624181389295,0.2820990766899042,1993,True,False
g0_iid_R2_random,rf,0.40022299926880545,2.498607031147555,0.18480034733111933,0.1048273213922079,1271,True,False
g0_iid_R2_random,xgboost,1.129469890652311,0.8853711004393952,0.10713280116918464,0.10529925151496854,1271,True,False
g0_iid_R2_random,lightgbm,2.1979513886809197,0.4549691158548055,0.16151135495583108,0.10167794731205003,1271,True,False
g0_iid_R2_time_block,rf,0.443775472069825,2.253391777909386,0.1940190232463432,0.11947161638968844,1270,True,False
g0_iid_R2_time_block,xgboost,1.250963811056614,0.7993836361703862,0.15020847006411878,0.14199124524465592,1270,True,False
g0_iid_R2_time_block,lightgbm,2.420040786880214,0.4132161761162489,0.24275300203088132,0.14041314514989012,1270,True,False
g0_iid_R3_random,rf,0.3941270888638336,2.537252648334174,0.17488907198175965,0.09358431179739857,1285,True,False
g0_iid_R3_random,xgboost,1.00985102754924,0.9902450685492226,0.09078089560757126,0.09077163154768933,1285,True,False
g0_iid_R3_random,lightgbm,2.0033269554657305,0.49916964241492046,0.12595928118139507,0.0887356489413625,1285,True,False
g0_iid_R3_time_block,rf,0.3848346405461609,2.5985186743604753,0.17186052485612222,0.08901668511651238,1285,True,False
g0_iid_R3_time_block,xgboost,1.0253548161854393,0.9752721538093856,0.09216301459737684,0.09209788024129564,1285,True,False
g0_iid_R3_time_block,lightgbm,2.053335183331848,0.487012548227683,0.13450491066748482,0.09165211514982524,1285,True,False
g0_iid_R4_random,rf,0.45729477076397634,2.186773311073199,0.3313756738412006,0.23598688317461622,1297,True,False
g0_iid_R4_random,xgboost,1.2550913764366143,0.7967547373635412,0.22373320791345155,0.2140823183373855,1297,True,False
g0_iid_R4_random,lightgbm,2.4412179621331758,0.40963159189857173,0.3432504655811076,0.21074958106083236,1297,True,False
g0_iid_R4_time_block,rf,0.3816808312715618,2.6199901018568856,0.2883976073172347,0.16789098901846933,1297,True,False
g0_iid_R4_time_block,xgboost,1.1587504099794086,0.8629986159122657,0.1621280517007558,0.15884154049994134,1297,True,False
g0_iid_R4_time_block,lightgbm,2.2331820161660034,0.4477915336775061,0.23498026033288763,0.15309733989364618,1297,True,False
g0_iid_R5_random,rf,0.38732666154693735,2.5818000651081365,0.21074602299706377,0.11765970360770592,1271,True,False
g0_iid_R5_random,xgboost,1.1643077779244382,0.8588794294431816,0.12357501827177406,0.1204033417314134,1271,True,False
g0_iid_R5_random,lightgbm,2.230774247163416,0.4482748540205577,0.1818272743202767,0.11422515700977526,1271,True,False
g0_iid_R5_time_block,rf,0.3414463318479731,2.92871794694003,0.19620171766397498,0.09947099495223742,1270,True,False
g0_iid_R5_time_block,xgboost,1.0766875540606438,0.9287745513808322,0.10103443321391732,0.10044671351866578,1270,True,False
g0_iid_R5_time_block,lightgbm,2.0474726636190335,0.4884070091721951,0.13160411949521986,0.09074130212267245,1270,True,False
g0_iid_R6_random,rf,0.5719123632907904,1.748519640747034,0.5255212029935669,0.47264789433905613,1391,True,False
g0_iid_R6_random,xgboost,1.5027882246661932,0.6654297548958537,0.4955449049643854,0.4455818080076542,1391,True,False
g0_iid_R6_random,lightgbm,3.036783443899562,0.32929578894038314,0.8546931006055407,0.4565834152204911,1391,True,False
g0_iid_R6_time_block,rf,0.4231133206035543,2.3634330362691958,0.41581109630734703,0.30661420650620436,1392,True,False
g0_iid_R6_time_block,xgboost,1.36699409335105,0.7315320562568046,0.32742554161027937,0.3040883505326432,1392,True,False
g0_iid_R6_time_block,lightgbm,2.68390946592899,0.37259080930059124,0.528412459329139,0.3025629189588952,1392,True,False
g0_iid_R7_random,rf,0.49883419389465905,2.0046741226628386,0.41149468112146104,0.3404062300675896,1395,True,False
g0_iid_R7_random,xgboost,1.3337858993622822,0.7497455179861521,0.3389850870050532,0.31988847291571515,1395,True,False
g0_iid_R7_random,lightgbm,2.611062153253586,0.38298590432017193,0.5202855011083346,0.3135283571631395,1395,True,False
g0_iid_R7_time_block,rf,0.48732501455892346,2.0520186120654964,0.3922052460197998,0.31682551879480375,1395,True,False
g0_iid_R7_time_block,xgboost,1.2832522844404148,0.77926999400283,0.2960751265939668,0.28262195613814683,1395,True,False
g0_iid_R7_time_block,lightgbm,2.4932302095578303,0.40108610755897595,0.442633881925233,0.2737968458699833,1395,True,False
