unit,arm,model,seed,macro_f1,f1_Camera,f1_Light_T1,f1_Light_XM,f1_Sensor,f1_Socket,dev_N1,dev_N6,dev_N30,stage1_acc
inner_to_R2,flat_full94,rf,42,0.8097991283932819,0.9464544138929089,0.6501457725947521,0.7657894736842106,0.6866059817945384,1.0,0.8097991283932819,0.9470675770308123,1.0,
inner_to_R2,flat_full94,xgboost,42,0.7752091537055984,0.9466089466089466,0.5154975530179445,0.7480916030534351,0.6658476658476659,1.0,0.7752091537055984,0.8769447572843572,0.8893772893772894,
inner_to_R2,flat_full94,lightgbm,42,0.7934265218076193,0.9572649572649573,0.5414012738853503,0.7630208333333334,0.7054455445544554,1.0,0.7934265218076193,0.9011306042884991,0.909761583445794,
inner_to_R2,flat_drop_rssi,rf,42,0.7236993864437556,0.5047438330170778,0.6933333333333334,0.6251441753171857,0.7952755905511811,1.0,0.7236993864437556,0.850564781697803,0.8724857685009487,
inner_to_R2,flat_drop_rssi,xgboost,42,0.7641050881914407,0.6003490401396161,0.7374149659863946,0.6738609112709832,0.8089005235602095,1.0,0.7641050881914407,0.9172371776103848,0.9314285714285713,
inner_to_R2,flat_drop_rssi,lightgbm,42,0.7695565272276548,0.6116838487972509,0.7319727891156462,0.7031055900621118,0.8010204081632653,1.0,0.7695565272276548,0.9193759091061775,0.9833043478260869,
inner_to_R2,flat_full94,rf,43,0.81546326007283,0.9526542324246772,0.662807525325615,0.7686274509803922,0.6932270916334662,1.0,0.81546326007283,0.9504453119830609,1.0,
inner_to_R2,flat_full94,xgboost,43,0.7761869688759645,0.9481268011527377,0.5179153094462541,0.7490542244640606,0.6658385093167701,1.0,0.7761869688759645,0.8839002267573697,0.909761583445794,
inner_to_R2,flat_full94,lightgbm,43,0.7934265218076193,0.9572649572649573,0.5414012738853503,0.7630208333333334,0.7054455445544554,1.0,0.7934265218076193,0.9011306042884991,0.909761583445794,
inner_to_R2,flat_drop_rssi,rf,43,0.7321171867262886,0.5315985130111525,0.706199460916442,0.633177570093458,0.7896103896103897,1.0,0.7321171867262886,0.8887990012275182,0.9314285714285713,
inner_to_R2,flat_drop_rssi,xgboost,43,0.7672317801975783,0.5982300884955752,0.7479452054794521,0.6786140979689367,0.8113695090439277,1.0,0.7672317801975783,0.9168525634644101,0.9492063492063492,
inner_to_R2,flat_drop_rssi,lightgbm,43,0.7695565272276548,0.6116838487972509,0.7319727891156462,0.7031055900621118,0.8010204081632653,1.0,0.7695565272276548,0.9193759091061775,0.9833043478260869,
inner_to_R2,flat_full94,rf,44,0.8232867427713974,0.9673758865248226,0.6628242074927954,0.7841059602649006,0.7021276595744681,1.0,0.8232867427713974,0.9604193404693543,1.0,
inner_to_R2,flat_full94,xgboost,44,0.7793019568021312,0.9511494252873564,0.5258064516129032,0.748730964467005,0.6708229426433915,1.0,0.7793019568021312,0.8767870930619978,0.912996336996337,
inner_to_R2,flat_full94,lightgbm,44,0.7934265218076193,0.9572649572649573,0.5414012738853503,0.7630208333333334,0.7054455445544554,1.0,0.7934265218076193,0.9011306042884991,0.909761583445794,
inner_to_R2,flat_drop_rssi,rf,44,0.731321031814996,0.5225563909774437,0.7123655913978495,0.6290322580645161,0.7926509186351706,1.0,0.731321031814996,0.8650285617304077,0.9128856624319418,
inner_to_R2,flat_drop_rssi,xgboost,44,0.7708945159208844,0.6014234875444839,0.7540983606557377,0.6865315852205006,0.8124191461836999,1.0,0.7708945159208844,0.9197381048683108,0.9664335664335665,
inner_to_R2,flat_drop_rssi,lightgbm,44,0.7695565272276548,0.6116838487972509,0.7319727891156462,0.7031055900621118,0.8010204081632653,1.0,0.7695565272276548,0.9193759091061775,0.9833043478260869,
inner_to_R2,flat_full94,rf,45,0.8224666538968947,0.9644381223328592,0.6657060518731989,0.7856191744340879,0.6965699208443272,1.0,0.8224666538968947,0.9571047720607838,1.0,
inner_to_R2,flat_full94,xgboost,45,0.776669932866919,0.9466089466089466,0.5235772357723577,0.7464968152866241,0.6666666666666666,1.0,0.776669932866919,0.884899414311179,0.888888888888889,
inner_to_R2,flat_full94,lightgbm,45,0.7934265218076193,0.9572649572649573,0.5414012738853503,0.7630208333333334,0.7054455445544554,1.0,0.7934265218076193,0.9011306042884991,0.909761583445794,
inner_to_R2,flat_drop_rssi,rf,45,0.7285892352468624,0.527306967984934,0.704,0.6293706293706294,0.7822685788787483,1.0,0.7285892352468624,0.8659568001260791,0.8933333333333333,
inner_to_R2,flat_drop_rssi,xgboost,45,0.7713514240804746,0.6091549295774648,0.7465940054495913,0.6890756302521008,0.8119325551232166,1.0,0.7713514240804746,0.9245580152714965,0.9492063492063492,
inner_to_R2,flat_drop_rssi,lightgbm,45,0.7695565272276548,0.6116838487972509,0.7319727891156462,0.7031055900621118,0.8010204081632653,1.0,0.7695565272276548,0.9193759091061775,0.9833043478260869,
inner_to_R2,flat_full94,rf,46,0.8251053213099541,0.9540229885057471,0.6810344827586207,0.7808764940239044,0.709592641261498,1.0,0.8251053213099541,0.963754499104313,1.0,
inner_to_R2,flat_full94,xgboost,46,0.779396077276564,0.9466089466089466,0.5242718446601942,0.7528809218950064,0.6732186732186732,1.0,0.779396077276564,0.8798579225504636,0.8938461538461538,
inner_to_R2,flat_full94,lightgbm,46,0.7934265218076193,0.9572649572649573,0.5414012738853503,0.7630208333333334,0.7054455445544554,1.0,0.7934265218076193,0.9011306042884991,0.909761583445794,
inner_to_R2,flat_drop_rssi,rf,46,0.7290664144888082,0.5199240986717267,0.7105263157894737,0.6317016317016317,0.783180026281209,1.0,0.7290664144888082,0.8651515440335494,0.8724857685009487,
inner_to_R2,flat_drop_rssi,xgboost,46,0.7722702696590954,0.6042402826855123,0.747612551159618,0.6896551724137931,0.8198433420365535,1.0,0.7722702696590954,0.9168525634644101,0.9492063492063492,
inner_to_R2,flat_drop_rssi,lightgbm,46,0.7695565272276548,0.6116838487972509,0.7319727891156462,0.7031055900621118,0.8010204081632653,1.0,0.7695565272276548,0.9193759091061775,0.9833043478260869,
inner_to_R3,flat_full94,rf,42,0.6148161314237031,0.9679144385026738,0.22564102564102564,0.6242774566473989,0.25757575757575757,0.99867197875166,0.6148161314237031,0.6133997012797558,0.567843137254902,
inner_to_R3,flat_full94,xgboost,42,0.5331577734068969,0.9307692307692308,0.11305518169582772,0.5974304068522484,0.02586206896551724,0.99867197875166,0.5331577734068969,0.5347348837209303,0.5333333333333333,
inner_to_R3,flat_full94,lightgbm,42,0.552736123006713,0.9391979301423027,0.14225941422594143,0.6081632653061224,0.07538802660753881,0.99867197875166,0.552736123006713,0.5286423254165189,0.5333333333333333,
inner_to_R3,flat_drop_rssi,rf,42,0.8194098954925693,0.9263157894736842,0.7236467236467237,0.6484149855907781,0.8,0.99867197875166,0.8194098954925693,0.9505810125703175,1.0,
inner_to_R3,flat_drop_rssi,xgboost,42,0.8465897540177814,0.940554821664465,0.7334273624823695,0.71875,0.8415446071904128,0.99867197875166,0.8465897540177814,0.9738003494887838,1.0,
inner_to_R3,flat_drop_rssi,lightgbm,42,0.8460666794811063,0.9424083769633508,0.7212643678160919,0.7134670487106017,0.854521625163827,0.99867197875166,0.8460666794811063,0.9671277027481018,1.0,
inner_to_R3,flat_full94,rf,43,0.6095598961469519,0.9641434262948207,0.22391857506361323,0.6264501160092807,0.23461538461538461,0.99867197875166,0.6095598961469519,0.5957319136278878,0.5657142857142856,
inner_to_R3,flat_full94,xgboost,43,0.5296917551431003,0.9319640564826701,0.12080536912751678,0.5925925925925926,0.004424778761061947,0.99867197875166,0.5296917551431003,0.5355025172478091,0.5371428571428571,
inner_to_R3,flat_full94,lightgbm,43,0.552736123006713,0.9391979301423027,0.14225941422594143,0.6081632653061224,0.07538802660753881,0.99867197875166,0.552736123006713,0.5286423254165189,0.5333333333333333,
inner_to_R3,flat_drop_rssi,rf,43,0.8202968061635023,0.9220607661822986,0.7223796033994334,0.659942363112392,0.7984293193717278,0.99867197875166,0.8202968061635023,0.9506020541549953,1.0,
inner_to_R3,flat_drop_rssi,xgboost,43,0.8487882880809605,0.9493333333333334,0.7311522048364154,0.7185289957567186,0.8462549277266754,0.99867197875166,0.8487882880809605,0.9705012664079622,1.0,
inner_to_R3,flat_drop_rssi,lightgbm,43,0.8460666794811063,0.9424083769633508,0.7212643678160919,0.7134670487106017,0.854521625163827,0.99867197875166,0.8460666794811063,0.9671277027481018,1.0,
inner_to_R3,flat_full94,rf,44,0.6222269787634606,0.9692101740294511,0.23604060913705585,0.6355140186915887,0.27169811320754716,0.99867197875166,0.6222269787634606,0.6152968177223619,0.567843137254902,
inner_to_R3,flat_full94,xgboost,44,0.5276304111997383,0.9307692307692308,0.10540540540540541,0.5902335456475584,0.013071895424836602,0.99867197875166,0.5276304111997383,0.5363764705882353,0.5333333333333333,
inner_to_R3,flat_full94,lightgbm,44,0.552736123006713,0.9391979301423027,0.14225941422594143,0.6081632653061224,0.07538802660753881,0.99867197875166,0.552736123006713,0.5286423254165189,0.5333333333333333,
inner_to_R3,flat_drop_rssi,rf,44,0.8226982432219103,0.9243027888446215,0.7313642756680732,0.662807525325615,0.7963446475195822,0.99867197875166,0.8226982432219103,0.9539752328941017,1.0,
inner_to_R3,flat_drop_rssi,xgboost,44,0.8428362305540655,0.9444444444444444,0.7244318181818182,0.7172995780590717,0.8293333333333334,0.99867197875166,0.8428362305540655,0.9771169033680496,1.0,
inner_to_R3,flat_drop_rssi,lightgbm,44,0.8460666794811063,0.9424083769633508,0.7212643678160919,0.7134670487106017,0.854521625163827,0.99867197875166,0.8460666794811063,0.9671277027481018,1.0,
inner_to_R3,flat_full94,rf,45,0.6007335814901814,0.9692923898531375,0.21223470661672908,0.633177570093458,0.19029126213592232,0.99867197875166,0.6007335814901814,0.5966377249643933,0.5454545454545455,
inner_to_R3,flat_full94,xgboost,45,0.5275090863358205,0.9355670103092784,0.10354223433242507,0.5953878406708596,0.00437636761487965,0.99867197875166,0.5275090863358205,0.5363090772693173,0.5371428571428571,
inner_to_R3,flat_full94,lightgbm,45,0.552736123006713,0.9391979301423027,0.14225941422594143,0.6081632653061224,0.07538802660753881,0.99867197875166,0.552736123006713,0.5286423254165189,0.5333333333333333,
inner_to_R3,flat_drop_rssi,rf,45,0.8205595863479018,0.9247027741083224,0.7163323782234957,0.6657223796033994,0.7973684210526316,0.99867197875166,0.8205595863479018,0.954,1.0,
inner_to_R3,flat_drop_rssi,xgboost,45,0.8458503745873671,0.9366754617414248,0.7324749642346209,0.7175141242937854,0.843915343915344,0.99867197875166,0.8458503745873671,0.9704799498044242,1.0,
inner_to_R3,flat_drop_rssi,lightgbm,45,0.8460666794811063,0.9424083769633508,0.7212643678160919,0.7134670487106017,0.854521625163827,0.99867197875166,0.8460666794811063,0.9671277027481018,1.0,
inner_to_R3,flat_full94,rf,46,0.6096824184182065,0.968,0.22531645569620254,0.629500580720093,0.22692307692307692,0.99867197875166,0.6096824184182065,0.5911002012998162,0.567843137254902,
inner_to_R3,flat_full94,xgboost,46,0.5327453476863594,0.9307692307692308,0.10684931506849316,0.597457627118644,0.029978586723768737,0.99867197875166,0.5327453476863594,0.5371250707413695,0.5333333333333333,
inner_to_R3,flat_full94,lightgbm,46,0.552736123006713,0.9391979301423027,0.14225941422594143,0.6081632653061224,0.07538802660753881,0.99867197875166,0.552736123006713,0.5286423254165189,0.5333333333333333,
inner_to_R3,flat_drop_rssi,rf,46,0.8141242354667387,0.9143610013175231,0.7104136947218259,0.6513629842180775,0.7958115183246073,0.99867197875166,0.8141242354667387,0.9506010641560761,1.0,
inner_to_R3,flat_drop_rssi,xgboost,46,0.848097850531218,0.9442970822281167,0.7366906474820144,0.7183098591549296,0.84251968503937,0.99867197875166,0.848097850531218,0.9771169033680496,1.0,
inner_to_R3,flat_drop_rssi,lightgbm,46,0.8460666794811063,0.9424083769633508,0.7212643678160919,0.7134670487106017,0.854521625163827,0.99867197875166,0.8460666794811063,0.9671277027481018,1.0,
inner_to_R4,flat_full94,rf,42,0.6592117370350504,0.9228650137741047,0.5403899721448467,0.046632124352331605,0.7861715749039693,1.0,0.6592117370350504,0.7127219945355192,0.7333333333333333,
inner_to_R4,flat_full94,xgboost,42,0.6618770405744276,0.9394347240915208,0.5262116716122651,0.04568527918781726,0.7980535279805353,1.0,0.6618770405744276,0.7187356003615025,0.7333333333333333,
inner_to_R4,flat_full94,lightgbm,42,0.6661799166983895,0.9378378378378378,0.5449160908193484,0.055,0.7931456548347613,1.0,0.6661799166983895,0.7202734515053244,0.7333333333333333,
inner_to_R4,flat_drop_rssi,rf,42,0.7161849600735065,0.627318718381113,0.5757225433526012,0.648936170212766,0.7289473684210527,1.0,0.7161849600735065,0.8554886625480046,0.984,
inner_to_R4,flat_drop_rssi,xgboost,42,0.7666953868080096,0.7430340557275542,0.6383981154299175,0.7044854881266491,0.7475592747559274,1.0,0.7666953868080096,0.9139801561400075,0.984,
inner_to_R4,flat_drop_rssi,lightgbm,42,0.7644700953224918,0.7630769230769231,0.6258823529411764,0.6816380449141347,0.7517531556802244,1.0,0.7644700953224918,0.915108461685192,0.984,
inner_to_R4,flat_full94,rf,43,0.6694667262819676,0.9228650137741047,0.5415094339622641,0.11,0.7729591836734694,1.0,0.6694667262819676,0.7112623308826728,0.7333333333333333,
inner_to_R4,flat_full94,xgboost,43,0.6640068246744149,0.9380053908355795,0.5293532338308458,0.05025125628140704,0.8024242424242424,1.0,0.6640068246744149,0.7187356003615025,0.7333333333333333,
inner_to_R4,flat_full94,lightgbm,43,0.6661799166983895,0.9378378378378378,0.5449160908193484,0.055,0.7931456548347613,1.0,0.6661799166983895,0.7202734515053244,0.7333333333333333,
inner_to_R4,flat_drop_rssi,rf,43,0.7184034523508986,0.6296296296296297,0.5801886792452831,0.643979057591623,0.7382198952879581,1.0,0.7184034523508986,0.8633254491540207,0.9673333333333332,
inner_to_R4,flat_drop_rssi,xgboost,43,0.7628771327929813,0.7434715821812596,0.6251468860164512,0.6957671957671958,0.75,1.0,0.7628771327929813,0.9139801561400075,0.984,
inner_to_R4,flat_drop_rssi,lightgbm,43,0.7644700953224918,0.7630769230769231,0.6258823529411764,0.6816380449141347,0.7517531556802244,1.0,0.7644700953224918,0.915108461685192,0.984,
inner_to_R4,flat_full94,rf,44,0.669298354700006,0.9228650137741047,0.5348399246704332,0.11442786069651742,0.7743589743589744,1.0,0.669298354700006,0.7112623308826728,0.7333333333333333,
inner_to_R4,flat_full94,xgboost,44,0.6625483023553383,0.9365721997300944,0.5312190287413281,0.050761421319796954,0.7941888619854721,1.0,0.6625483023553383,0.7187356003615025,0.7333333333333333,
inner_to_R4,flat_full94,lightgbm,44,0.6661799166983895,0.9378378378378378,0.5449160908193484,0.055,0.7931456548347613,1.0,0.6661799166983895,0.7202734515053244,0.7333333333333333,
inner_to_R4,flat_drop_rssi,rf,44,0.7198816331870932,0.622895622895623,0.5817757009345794,0.6473684210526316,0.7473684210526316,1.0,0.7198816331870932,0.853744927536232,0.984,
inner_to_R4,flat_drop_rssi,xgboost,44,0.7626329213907475,0.7576687116564417,0.6220657276995305,0.696,0.7374301675977654,1.0,0.7626329213907475,0.9078014079899839,0.984,
inner_to_R4,flat_drop_rssi,lightgbm,44,0.7644700953224918,0.7630769230769231,0.6258823529411764,0.6816380449141347,0.7517531556802244,1.0,0.7644700953224918,0.915108461685192,0.984,
inner_to_R4,flat_full94,rf,45,0.6593248746488087,0.9228650137741047,0.5347091932457786,0.06649616368286446,0.772554002541296,1.0,0.6593248746488087,0.7112623308826728,0.7333333333333333,
inner_to_R4,flat_full94,xgboost,45,0.6648087018489331,0.9408602150537635,0.5231071779744346,0.05513784461152882,0.8049382716049382,1.0,0.6648087018489331,0.7217623659111576,0.7333333333333333,
inner_to_R4,flat_full94,lightgbm,45,0.6661799166983895,0.9378378378378378,0.5449160908193484,0.055,0.7931456548347613,1.0,0.6661799166983895,0.7202734515053244,0.7333333333333333,
inner_to_R4,flat_drop_rssi,rf,45,0.7191389739692482,0.625,0.584971098265896,0.65,0.7357237715803453,1.0,0.7191389739692482,0.8556422064875008,0.9673333333333332,
inner_to_R4,flat_drop_rssi,xgboost,45,0.7633349246757811,0.7446153846153846,0.6276346604215457,0.7021276595744681,0.742296918767507,1.0,0.7633349246757811,0.9021377913824488,0.984,
inner_to_R4,flat_drop_rssi,lightgbm,45,0.7644700953224918,0.7630769230769231,0.6258823529411764,0.6816380449141347,0.7517531556802244,1.0,0.7644700953224918,0.915108461685192,0.984,
inner_to_R4,flat_full94,rf,46,0.6580600178979088,0.9213793103448276,0.5400372439478585,0.05181347150259067,0.7770700636942676,1.0,0.6580600178979088,0.7088168879634462,0.7333333333333333,
inner_to_R4,flat_full94,xgboost,46,0.6638971224640832,0.9365721997300944,0.5244267198404786,0.06965174129353234,0.7888349514563107,1.0,0.6638971224640832,0.7156106003615025,0.7333333333333333,
inner_to_R4,flat_full94,lightgbm,46,0.6661799166983895,0.9378378378378378,0.5449160908193484,0.055,0.7931456548347613,1.0,0.6661799166983895,0.7202734515053244,0.7333333333333333,
inner_to_R4,flat_drop_rssi,rf,46,0.7236779281422108,0.6306913996627319,0.5885111371629543,0.6544502617801047,0.7447368421052631,1.0,0.7236779281422108,0.8640320931613144,0.9673333333333332,
inner_to_R4,flat_drop_rssi,xgboost,46,0.7608828311094565,0.7480680061823802,0.6286379511059371,0.6922060766182299,0.7355021216407355,1.0,0.7608828311094565,0.9046736790764964,0.984,
inner_to_R4,flat_drop_rssi,lightgbm,46,0.7644700953224918,0.7630769230769231,0.6258823529411764,0.6816380449141347,0.7517531556802244,1.0,0.7644700953224918,0.915108461685192,0.984,
pos_R5,flat_full94,rf,42,0.7012224296594887,0.8849557522123894,0.2913907284768212,0.681044267877412,0.648721399730821,1.0,0.7012224296594887,0.7726907548510337,0.7585470085470085,
pos_R5,flat_full94,xgboost,42,0.6603072409777727,0.9226441631504922,0.09540636042402827,0.7036199095022625,0.5798657718120805,1.0,0.6603072409777727,0.694852303878094,0.7119815668202765,
pos_R5,flat_full94,lightgbm,42,0.6583908067353137,0.8625730994152047,0.14965986394557823,0.7060158910329172,0.5737051792828686,1.0,0.6583908067353137,0.6994959648853432,0.7117241379310345,
pos_R5,flat_drop_rssi,rf,42,0.6756305912756534,0.5212765957446809,0.4653179190751445,0.7324675324675325,0.6590909090909091,1.0,0.6756305912756534,0.8127996130394731,0.8654545454545455,
pos_R5,flat_drop_rssi,xgboost,42,0.7288858292769937,0.6167247386759582,0.5374823196605375,0.7817938420348058,0.7084282460136674,1.0,0.7288858292769937,0.8358947018900162,0.9327184892402283,
pos_R5,flat_drop_rssi,lightgbm,42,0.7334187064794107,0.624561403508772,0.5521126760563381,0.7860026917900403,0.7044167610419027,1.0,0.7334187064794107,0.8629451839961465,0.9327184892402283,
pos_R5,flat_full94,rf,43,0.696014444295626,0.8849557522123894,0.26981450252951095,0.6825396825396826,0.6427622841965471,1.0,0.696014444295626,0.7698709274453314,0.7214285714285714,
pos_R5,flat_full94,xgboost,43,0.6569126106209839,0.9165487977369166,0.08849557522123894,0.6980920314253648,0.5814266487213997,1.0,0.6569126106209839,0.6948925965168389,0.7146853146853147,
pos_R5,flat_full94,lightgbm,43,0.6583908067353137,0.8625730994152047,0.14965986394557823,0.7060158910329172,0.5737051792828686,1.0,0.6583908067353137,0.6994959648853432,0.7117241379310345,
pos_R5,flat_drop_rssi,rf,43,0.6800649685181419,0.5266903914590747,0.4710860366713681,0.7404479578392622,0.6621004566210046,1.0,0.6800649685181419,0.8103106552804924,0.8993788819875776,
pos_R5,flat_drop_rssi,xgboost,43,0.731767941506001,0.6153846153846154,0.540084388185654,0.7929634641407307,0.7104072398190046,1.0,0.731767941506001,0.8520740680605897,0.9327184892402283,
pos_R5,flat_drop_rssi,lightgbm,43,0.7334187064794107,0.624561403508772,0.5521126760563381,0.7860026917900403,0.7044167610419027,1.0,0.7334187064794107,0.8629451839961465,0.9327184892402283,
pos_R5,flat_full94,rf,44,0.6914411164347813,0.8545454545454545,0.28052805280528054,0.677309007981756,0.6448230668414154,1.0,0.6914411164347813,0.7721774109644004,0.7232323232323232,
pos_R5,flat_full94,xgboost,44,0.6531123543780806,0.9209039548022598,0.07760141093474426,0.6944757609921083,0.5725806451612904,1.0,0.6531123543780806,0.6951632911392405,0.7119815668202765,
pos_R5,flat_full94,lightgbm,44,0.6583908067353137,0.8625730994152047,0.14965986394557823,0.7060158910329172,0.5737051792828686,1.0,0.6583908067353137,0.6994959648853432,0.7117241379310345,
pos_R5,flat_drop_rssi,rf,44,0.6790980733807815,0.518783542039356,0.48158640226628896,0.7398692810457517,0.6552511415525114,1.0,0.6790980733807815,0.7993967697460214,0.9005821764442453,
pos_R5,flat_drop_rssi,xgboost,44,0.7342433967721986,0.6319444444444444,0.5369318181818182,0.7903225806451613,0.7120181405895691,1.0,0.7342433967721986,0.8561083728250768,0.9327184892402283,
pos_R5,flat_drop_rssi,lightgbm,44,0.7334187064794107,0.624561403508772,0.5521126760563381,0.7860026917900403,0.7044167610419027,1.0,0.7334187064794107,0.8629451839961465,0.9327184892402283,
pos_R5,flat_full94,rf,45,0.6935335986677011,0.8597285067873304,0.28760330578512394,0.6842105263157895,0.6361256544502618,1.0,0.6935335986677011,0.7640376559687636,0.7232323232323232,
pos_R5,flat_full94,xgboost,45,0.6590326824903515,0.9230769230769231,0.08185053380782918,0.7048054919908466,0.5854304635761589,1.0,0.6590326824903515,0.696416201606896,0.7029868578255675,
pos_R5,flat_full94,lightgbm,45,0.6583908067353137,0.8625730994152047,0.14965986394557823,0.7060158910329172,0.5737051792828686,1.0,0.6583908067353137,0.6994959648853432,0.7117241379310345,
pos_R5,flat_drop_rssi,rf,45,0.6737062636053655,0.5195729537366548,0.45714285714285713,0.7350649350649351,0.6567505720823799,1.0,0.6737062636053655,0.798771331560225,0.8820389805097453,
pos_R5,flat_drop_rssi,xgboost,45,0.7318408180885126,0.6215277777777778,0.5418439716312057,0.7854251012145749,0.7104072398190046,1.0,0.7318408180885126,0.8423840070970801,0.9327184892402283,
pos_R5,flat_drop_rssi,lightgbm,45,0.7334187064794107,0.624561403508772,0.5521126760563381,0.7860026917900403,0.7044167610419027,1.0,0.7334187064794107,0.8629451839961465,0.9327184892402283,
pos_R5,flat_full94,rf,46,0.6977284530738025,0.8703427719821163,0.2871452420701169,0.6884875846501128,0.6426666666666667,1.0,0.6977284530738025,0.771854563585787,0.7232323232323232,
pos_R5,flat_full94,xgboost,46,0.660445173525362,0.9152542372881356,0.10782608695652174,0.6969353007945517,0.5822102425876011,1.0,0.660445173525362,0.6950303471440323,0.712962962962963,
pos_R5,flat_full94,lightgbm,46,0.6583908067353137,0.8625730994152047,0.14965986394557823,0.7060158910329172,0.5737051792828686,1.0,0.6583908067353137,0.6994959648853432,0.7117241379310345,
pos_R5,flat_drop_rssi,rf,46,0.676989905037001,0.522202486678508,0.4648493543758967,0.7395833333333334,0.6583143507972665,1.0,0.676989905037001,0.8002947362837782,0.8654545454545455,
pos_R5,flat_drop_rssi,xgboost,46,0.7316424188202135,0.6167247386759582,0.5441595441595442,0.790257104194858,0.7070707070707071,1.0,0.7316424188202135,0.850233962437434,0.9168831168831169,
pos_R5,flat_drop_rssi,lightgbm,46,0.7334187064794107,0.624561403508772,0.5521126760563381,0.7860026917900403,0.7044167610419027,1.0,0.7334187064794107,0.8629451839961465,0.9327184892402283,
jit_R6,flat_full94,rf,42,0.7488747806643499,0.8159771754636234,0.617169373549884,0.6191780821917808,0.6920492721164614,1.0,0.7488747806643499,0.9094232101795768,0.9690476190476189,
jit_R6,flat_full94,xgboost,42,0.7783647964241942,0.9024707412223667,0.6222791293213829,0.6547085201793722,0.7123655913978495,1.0,0.7783647964241942,0.9342857142857144,1.0,
jit_R6,flat_full94,lightgbm,42,0.7640759809256255,0.9057104913678619,0.5947441217150761,0.640625,0.6793002915451894,1.0,0.7640759809256255,0.8988112877184232,0.9690476190476189,
jit_R6,flat_drop_rssi,rf,42,0.6983582416835513,0.5759162303664922,0.5898520084566596,0.5962059620596206,0.7298170075349839,1.0,0.6983582416835513,0.8383391196522497,0.9073782991202346,
jit_R6,flat_drop_rssi,xgboost,42,0.7392245027348717,0.657762938230384,0.6230936819172114,0.6350461133069829,0.7802197802197802,1.0,0.7392245027348717,0.8906396803937202,1.0,
jit_R6,flat_drop_rssi,lightgbm,42,0.7434294873428366,0.6710526315789473,0.621380846325167,0.6421052631578947,0.782608695652174,1.0,0.7434294873428366,0.8998623817343029,1.0,
jit_R6,flat_full94,rf,43,0.7536787218386124,0.8394366197183099,0.6062717770034843,0.6149584487534626,0.7077267637178052,1.0,0.7536787218386124,0.8911670553034939,0.9542145593869732,
jit_R6,flat_full94,xgboost,43,0.7769578127010457,0.9064935064935065,0.6169665809768637,0.6557734204793029,0.7055555555555556,1.0,0.7769578127010457,0.9254035714285713,1.0,
jit_R6,flat_full94,lightgbm,43,0.7640759809256255,0.9057104913678619,0.5947441217150761,0.640625,0.6793002915451894,1.0,0.7640759809256255,0.8988112877184232,0.9690476190476189,
jit_R6,flat_drop_rssi,rf,43,0.6969952128547735,0.5892547660311959,0.5862433862433862,0.5888738127544098,0.7206040992448759,1.0,0.6969952128547735,0.8443124793374904,0.9215850815850816,
jit_R6,flat_drop_rssi,xgboost,43,0.7368013456573799,0.6510851419031719,0.6172043010752688,0.6381842456608812,0.7775330396475771,1.0,0.7368013456573799,0.881593846945273,0.9845925925925926,
jit_R6,flat_drop_rssi,lightgbm,43,0.7434294873428366,0.6710526315789473,0.621380846325167,0.6421052631578947,0.782608695652174,1.0,0.7434294873428366,0.8998623817343029,1.0,
jit_R6,flat_full94,rf,44,0.7388432947600209,0.8,0.6,0.6106442577030813,0.6835722160970231,1.0,0.7388432947600209,0.8858651847306348,0.9542145593869732,
jit_R6,flat_full94,xgboost,44,0.7774190074750142,0.8952879581151832,0.6278481012658228,0.6487093153759821,0.7152496626180836,1.0,0.7774190074750142,0.9315208845831959,1.0,
jit_R6,flat_full94,lightgbm,44,0.7640759809256255,0.9057104913678619,0.5947441217150761,0.640625,0.6793002915451894,1.0,0.7640759809256255,0.8988112877184232,0.9690476190476189,
jit_R6,flat_drop_rssi,rf,44,0.6995793706584985,0.5759162303664922,0.5910064239828694,0.5978552278820375,0.7331189710610932,1.0,0.6995793706584985,0.8412436993375,0.9073782991202346,
jit_R6,flat_drop_rssi,xgboost,44,0.7403680416247527,0.6655683690280065,0.6221248630887185,0.6372155287817939,0.7769314472252449,1.0,0.7403680416247527,0.8910743539055538,0.9845925925925926,
jit_R6,flat_drop_rssi,lightgbm,44,0.7434294873428366,0.6710526315789473,0.621380846325167,0.6421052631578947,0.782608695652174,1.0,0.7434294873428366,0.8998623817343029,1.0,
jit_R6,flat_full94,rf,45,0.7442315034210465,0.7994186046511628,0.611764705882353,0.6224066390041494,0.6875675675675675,1.0,0.7442315034210465,0.8967208127482529,0.9542145593869732,
jit_R6,flat_full94,xgboost,45,0.7812458699608165,0.9033942558746736,0.6306306306306306,0.6502793296089385,0.7219251336898396,1.0,0.7812458699608165,0.9375576954795164,1.0,
jit_R6,flat_full94,lightgbm,45,0.7640759809256255,0.9057104913678619,0.5947441217150761,0.640625,0.6793002915451894,1.0,0.7640759809256255,0.8988112877184232,0.9690476190476189,
jit_R6,flat_drop_rssi,rf,45,0.7014115771919103,0.5862068965517241,0.5937834941050375,0.5962566844919787,0.7308108108108108,1.0,0.7014115771919103,0.8572239926093544,0.9232463768115942,
jit_R6,flat_drop_rssi,xgboost,45,0.7409352777000138,0.6644628099173554,0.625,0.6392572944297082,0.7759562841530054,1.0,0.7409352777000138,0.893872228725272,1.0,
jit_R6,flat_drop_rssi,lightgbm,45,0.7434294873428366,0.6710526315789473,0.621380846325167,0.6421052631578947,0.782608695652174,1.0,0.7434294873428366,0.8998623817343029,1.0,
jit_R6,flat_full94,rf,46,0.7482805249725685,0.8108882521489972,0.6093023255813953,0.6243093922651933,0.6969026548672567,1.0,0.7482805249725685,0.8975616492404814,0.9542145593869732,
jit_R6,flat_full94,xgboost,46,0.7793861555088145,0.9031413612565445,0.6177215189873417,0.6546681664791901,0.721399730820996,1.0,0.7793861555088145,0.9373626373626374,1.0,
jit_R6,flat_full94,lightgbm,46,0.7640759809256255,0.9057104913678619,0.5947441217150761,0.640625,0.6793002915451894,1.0,0.7640759809256255,0.8988112877184232,0.9690476190476189,
jit_R6,flat_drop_rssi,rf,46,0.6922424596146672,0.5714285714285714,0.577209797657082,0.5898123324396782,0.7227615965480043,1.0,0.6922424596146672,0.8317820862487025,0.9249883122954652,
jit_R6,flat_drop_rssi,xgboost,46,0.7427752990465581,0.6655683690280065,0.6299559471365639,0.6410596026490066,0.777292576419214,1.0,0.7427752990465581,0.8965845576712586,1.0,
jit_R6,flat_drop_rssi,lightgbm,46,0.7434294873428366,0.6710526315789473,0.621380846325167,0.6421052631578947,0.782608695652174,1.0,0.7434294873428366,0.8998623817343029,1.0,
jit_R7,flat_full94,rf,42,0.8219721259799911,0.94750656167979,0.6873508353221957,0.7157894736842105,0.7592137592137592,1.0,0.8219721259799911,0.9728552149604781,1.0,
jit_R7,flat_full94,xgboost,42,0.8154367714214587,0.9609375,0.6994011976047905,0.7005917159763314,0.7162534435261708,1.0,0.8154367714214587,0.9606724637681159,1.0,
jit_R7,flat_full94,lightgbm,42,0.8088477748505276,0.9703989703989704,0.7016645326504481,0.6986155484558041,0.6735598227474151,1.0,0.8088477748505276,0.9367889416390183,1.0,
jit_R7,flat_drop_rssi,rf,42,0.7951001444609315,0.8125854993160054,0.6797546012269938,0.7331606217616581,0.75,1.0,0.7951001444609315,0.9788091054798898,1.0,
jit_R7,flat_drop_rssi,xgboost,42,0.8360572426086055,0.8766756032171582,0.7243510506798516,0.7755644090305445,0.8036951501154734,1.0,0.8360572426086055,0.9847956073494271,1.0,
jit_R7,flat_drop_rssi,lightgbm,42,0.8358327659297284,0.870026525198939,0.7326732673267327,0.776,0.8004640371229699,1.0,0.8358327659297284,0.9848450830713965,1.0,
jit_R7,flat_full94,rf,43,0.8236975201013944,0.940554821664465,0.687793427230047,0.7165775401069518,0.773561811505508,1.0,0.8236975201013944,0.9669303276439273,1.0,
jit_R7,flat_full94,xgboost,43,0.8133923108988175,0.9596879063719116,0.7004830917874396,0.7083333333333334,0.6984572230014026,1.0,0.8133923108988175,0.954509500805153,1.0,
jit_R7,flat_full94,lightgbm,43,0.8088477748505276,0.9703989703989704,0.7016645326504481,0.6986155484558041,0.6735598227474151,1.0,0.8088477748505276,0.9367889416390183,1.0,
jit_R7,flat_drop_rssi,rf,43,0.79001019929637,0.8032786885245902,0.6813186813186813,0.7227979274611399,0.7426556991774383,1.0,0.79001019929637,0.9788753936122359,1.0,
jit_R7,flat_drop_rssi,xgboost,43,0.8361471451792145,0.8674698795180723,0.7270501835985312,0.7829560585885486,0.8032596041909197,1.0,0.8361471451792145,0.9758007556480839,1.0,
jit_R7,flat_drop_rssi,lightgbm,43,0.8358327659297284,0.870026525198939,0.7326732673267327,0.776,0.8004640371229699,1.0,0.8358327659297284,0.9848450830713965,1.0,
jit_R7,flat_full94,rf,44,0.8232986071974431,0.9361702127659575,0.6949352179034158,0.7211796246648794,0.7642079806529625,1.0,0.8232986071974431,0.9788951010003641,1.0,
jit_R7,flat_full94,xgboost,44,0.8169168155399948,0.9595827900912647,0.7023809523809523,0.7061611374407583,0.7164591977869986,1.0,0.8169168155399948,0.9516142550450837,1.0,
jit_R7,flat_full94,lightgbm,44,0.8088477748505276,0.9703989703989704,0.7016645326504481,0.6986155484558041,0.6735598227474151,1.0,0.8088477748505276,0.9367889416390183,1.0,
jit_R7,flat_drop_rssi,rf,44,0.7964897807357314,0.810368349249659,0.6905940594059405,0.7364341085271318,0.7450523864959255,1.0,0.7964897807357314,0.9818634102216193,1.0,
jit_R7,flat_drop_rssi,xgboost,44,0.8316268138828772,0.8671140939597315,0.7172582619339045,0.7737617135207496,0.8,1.0,0.8316268138828772,0.9757290662553821,1.0,
jit_R7,flat_drop_rssi,lightgbm,44,0.8358327659297284,0.870026525198939,0.7326732673267327,0.776,0.8004640371229699,1.0,0.8358327659297284,0.9848450830713965,1.0,
jit_R7,flat_full94,rf,45,0.8258894059214619,0.9389920424403183,0.6972255729794934,0.7195767195767195,0.7736526946107785,1.0,0.8258894059214619,0.9698090430201931,1.0,
jit_R7,flat_full94,xgboost,45,0.8216756028209227,0.9622886866059818,0.713422007255139,0.7131050767414404,0.719562243502052,1.0,0.8216756028209227,0.9575708824904435,1.0,
jit_R7,flat_full94,lightgbm,45,0.8088477748505276,0.9703989703989704,0.7016645326504481,0.6986155484558041,0.6735598227474151,1.0,0.8088477748505276,0.9367889416390183,1.0,
jit_R7,flat_drop_rssi,rf,45,0.7934060804005566,0.8064952638700947,0.6724137931034483,0.7395833333333334,0.7485380116959064,1.0,0.7934060804005566,0.9757290662553821,1.0,
jit_R7,flat_drop_rssi,xgboost,45,0.835485324310865,0.8708388814913449,0.7283950617283951,0.7791164658634538,0.7990762124711316,1.0,0.835485324310865,0.9878746743452627,1.0,
jit_R7,flat_drop_rssi,lightgbm,45,0.8358327659297284,0.870026525198939,0.7326732673267327,0.776,0.8004640371229699,1.0,0.8358327659297284,0.9848450830713965,1.0,
jit_R7,flat_full94,rf,46,0.8224775367311377,0.9379128137384413,0.6890756302521008,0.7174770039421814,0.7679222357229648,1.0,0.8224775367311377,0.9728288788615064,1.0,
jit_R7,flat_full94,xgboost,46,0.8174573878405453,0.9609375,0.6982248520710059,0.7086801426872771,0.7194444444444444,1.0,0.8174573878405453,0.9545768999570632,1.0,
jit_R7,flat_full94,lightgbm,46,0.8088477748505276,0.9703989703989704,0.7016645326504481,0.6986155484558041,0.6735598227474151,1.0,0.8088477748505276,0.9367889416390183,1.0,
jit_R7,flat_drop_rssi,rf,46,0.794145153869892,0.8060522696011004,0.6902439024390243,0.7305699481865285,0.743859649122807,1.0,0.794145153869892,0.9788079265941863,1.0,
jit_R7,flat_drop_rssi,xgboost,46,0.8355770788576666,0.875,0.7283950617283951,0.7786666666666666,0.7958236658932715,1.0,0.8355770788576666,0.9818844937928908,1.0,
jit_R7,flat_drop_rssi,lightgbm,46,0.8358327659297284,0.870026525198939,0.7326732673267327,0.776,0.8004640371229699,1.0,0.8358327659297284,0.9848450830713965,1.0,
inner_to_R2,hier,rf+rf,42,0.8558039619297654,0.9464544138929089,0.7459016393442623,0.7540106951871658,0.8326530612244898,1.0,0.8558039619297654,0.9771258536411229,1.0,0.9796255506607929
inner_to_R2,hier,rf+xgboost,42,0.8732950575775,0.9464544138929089,0.7748251748251749,0.7967914438502673,0.848404255319149,1.0,0.8732950575775,0.9868839019014242,1.0,0.9796255506607929
inner_to_R2,hier,rf+lightgbm,42,0.8721389927986566,0.9464544138929089,0.7757404795486601,0.8042895442359249,0.8342105263157895,1.0,0.8721389927986566,0.9868561550689389,1.0,0.9796255506607929
inner_to_R2,hier,xgboost+rf,42,0.8482955017146303,0.9244444444444444,0.7398373983739838,0.7411300919842313,0.8360655737704918,1.0,0.8482955017146303,0.9738941147563945,1.0,0.9719162995594713
inner_to_R2,hier,xgboost+xgboost,42,0.8655346058137635,0.9244444444444444,0.7705146036161336,0.783180026281209,0.8495339547270306,1.0,0.8655346058137635,0.9868839019014242,1.0,0.9719162995594713
inner_to_R2,hier,xgboost+lightgbm,42,0.8643035369206815,0.9244444444444444,0.7703081232492998,0.7936507936507936,0.8331143232588699,1.0,0.8643035369206815,0.9868561550689389,1.0,0.9719162995594713
inner_to_R2,hier,lightgbm+rf,42,0.8461579068198202,0.9166666666666666,0.7398373983739838,0.7382198952879581,0.8360655737704918,1.0,0.8461579068198202,0.9772286173485789,1.0,0.9691629955947136
inner_to_R2,hier,lightgbm+xgboost,42,0.8633764979639326,0.9166666666666666,0.7694444444444445,0.7801047120418848,0.8506666666666667,1.0,0.8633764979639326,0.9901632735335617,1.0,0.9691629955947136
inner_to_R2,hier,lightgbm+lightgbm,42,0.8621318000884564,0.9166666666666666,0.7703081232492998,0.7894736842105263,0.8342105263157895,1.0,0.8621318000884564,0.9901626233004531,1.0,0.9691629955947136
inner_to_R2,hier,rf+rf,43,0.8562109830148149,0.9494949494949495,0.7427785419532325,0.7556742323097463,0.8331071913161465,1.0,0.8562109830148149,0.9869116816083483,1.0,0.9807268722466961
inner_to_R2,hier,rf+xgboost,43,0.8732626095502745,0.9494949494949495,0.7681564245810056,0.8010680907877169,0.8475935828877005,1.0,0.8732626095502745,0.9837079889807162,1.0,0.9807268722466961
inner_to_R2,hier,rf+lightgbm,43,0.8731828348957403,0.9494949494949495,0.7757404795486601,0.8053691275167785,0.8353096179183136,1.0,0.8731828348957403,0.9901626233004531,1.0,0.9807268722466961
inner_to_R2,hier,xgboost+rf,43,0.8424185103601538,0.9082706766917293,0.7346938775510204,0.7360208062418726,0.8331071913161465,1.0,0.8424185103601538,0.9803233508856344,1.0,0.9664096916299559
inner_to_R2,hier,xgboost+xgboost,43,0.859130838570389,0.9082706766917293,0.7628294036061026,0.7792207792207793,0.8453333333333334,1.0,0.859130838570389,0.9804286173485789,1.0,0.9664096916299559
inner_to_R2,hier,xgboost+lightgbm,43,0.8589725514867904,0.9082706766917293,0.7692307692307693,0.7853403141361257,0.8320209973753281,1.0,0.8589725514867904,0.9868561550689389,1.0,0.9664096916299559
inner_to_R2,hier,lightgbm+rf,43,0.8454947154930146,0.9166666666666666,0.7366984993178718,0.7398692810457517,0.8342391304347826,1.0,0.8454947154930146,0.9836583050878082,1.0,0.9691629955947136
inner_to_R2,hier,lightgbm+xgboost,43,0.8622806757301331,0.9166666666666666,0.7628294036061026,0.7843137254901961,0.8475935828877005,1.0,0.8622806757301331,0.9837079889807162,1.0,0.9691629955947136
inner_to_R2,hier,lightgbm+lightgbm,43,0.8621318000884564,0.9166666666666666,0.7703081232492998,0.7894736842105263,0.8342105263157895,1.0,0.8621318000884564,0.9901626233004531,1.0,0.9691629955947136
inner_to_R2,hier,rf+rf,44,0.8524602058261497,0.9510086455331412,0.73224043715847,0.7479892761394102,0.8310626702997275,1.0,0.8524602058261497,0.9803245634933591,1.0,0.9812775330396476
inner_to_R2,hier,rf+xgboost,44,0.8700048653143824,0.9510086455331412,0.7675070028011205,0.787716955941255,0.8437917222963952,1.0,0.8700048653143824,0.990134843593529,1.0,0.9812775330396476
inner_to_R2,hier,rf+lightgbm,44,0.8737084345846803,0.9510086455331412,0.7746478873239436,0.8053691275167785,0.8375165125495376,1.0,0.8737084345846803,0.9868561550689389,1.0,0.9812775330396476
inner_to_R2,hier,xgboost+rf,44,0.8407921736517832,0.9164179104477612,0.7262872628726287,0.7313237221494102,0.8299319727891157,1.0,0.8407921736517832,0.9770438024899389,1.0,0.9691629955947136
inner_to_R2,hier,xgboost+xgboost,44,0.8580848969281062,0.9164179104477612,0.7632311977715878,0.7692307692307693,0.8415446071904128,1.0,0.8580848969281062,0.990134843593529,1.0,0.9691629955947136
inner_to_R2,hier,xgboost+lightgbm,44,0.8616473374295854,0.9164179104477612,0.7692307692307693,0.7894736842105263,0.8331143232588699,1.0,0.8616473374295854,0.9868561550689389,1.0,0.9691629955947136
inner_to_R2,hier,lightgbm+rf,44,0.841236646234082,0.9166666666666666,0.7282608695652174,0.7313237221494102,0.8299319727891157,1.0,0.841236646234082,0.9803787566921127,1.0,0.9691629955947136
inner_to_R2,hier,lightgbm+xgboost,44,0.8585259410152976,0.9166666666666666,0.7642956764295676,0.7712418300653595,0.8404255319148937,1.0,0.8585259410152976,0.9934408602150537,1.0,0.9691629955947136
inner_to_R2,hier,lightgbm+lightgbm,44,0.8621318000884564,0.9166666666666666,0.7703081232492998,0.7894736842105263,0.8342105263157895,1.0,0.8621318000884564,0.9901626233004531,1.0,0.9691629955947136
inner_to_R2,hier,rf+rf,45,0.8526652483377269,0.9449275362318841,0.7371273712737128,0.7506702412868632,0.8306010928961749,1.0,0.8526652483377269,0.9868834831658735,1.0,0.9790748898678414
inner_to_R2,hier,rf+xgboost,45,0.8695002670305817,0.9449275362318841,0.7696629213483146,0.7909454061251664,0.8419654714475432,1.0,0.8695002670305817,0.9901632735335617,1.0,0.9790748898678414
inner_to_R2,hier,rf+lightgbm,45,0.8716195785759527,0.9449275362318841,0.7746478873239436,0.8032128514056225,0.8353096179183136,1.0,0.8716195785759527,0.9901626233004531,1.0,0.9790748898678414
inner_to_R2,hier,xgboost+rf,45,0.8467194054400391,0.9276218611521418,0.7341430499325237,0.7378129117259552,0.8340192043895748,1.0,0.8467194054400391,0.9802956040531491,1.0,0.9730176211453745
inner_to_R2,hier,xgboost+xgboost,45,0.8632966362640355,0.9276218611521418,0.7664335664335664,0.781578947368421,0.8408488063660478,1.0,0.8632966362640355,0.9868565850044917,1.0,0.9730176211453745
inner_to_R2,hier,xgboost+lightgbm,45,0.8653844712352653,0.9276218611521418,0.7713884992987378,0.7926023778071334,0.8353096179183136,1.0,0.8653844712352653,0.9868561550689389,1.0,0.9730176211453745
inner_to_R2,hier,lightgbm+rf,45,0.8434863003558046,0.9166666666666666,0.7331536388140162,0.735873850197109,0.8317373461012312,1.0,0.8434863003558046,0.9836301066453332,1.0,0.9691629955947136
inner_to_R2,hier,lightgbm+xgboost,45,0.8600541584535975,0.9166666666666666,0.7653631284916201,0.7785058977719528,0.8397350993377484,1.0,0.8600541584535975,0.9901632735335617,1.0,0.9691629955947136
inner_to_R2,hier,lightgbm+lightgbm,45,0.8621318000884564,0.9166666666666666,0.7703081232492998,0.7894736842105263,0.8342105263157895,1.0,0.8621318000884564,0.9901626233004531,1.0,0.9691629955947136
inner_to_R2,hier,rf+rf,46,0.8536054283412687,0.9464544138929089,0.7387140902872777,0.7513368983957219,0.8315217391304348,1.0,0.8536054283412687,0.9836303486173261,1.0,0.9796255506607929
inner_to_R2,hier,rf+xgboost,46,0.8689848657333009,0.9464544138929089,0.7670850767085077,0.7925033467202142,0.8388814913448736,1.0,0.8689848657333009,0.986907305873169,1.0,0.9796255506607929
inner_to_R2,hier,rf+lightgbm,46,0.8721389927986566,0.9464544138929089,0.7757404795486601,0.8042895442359249,0.8342105263157895,1.0,0.8721389927986566,0.9868561550689389,1.0,0.9796255506607929
inner_to_R2,hier,xgboost+rf,46,0.8414155738164091,0.9099099099099099,0.7336956521739131,0.7308192457737321,0.8326530612244898,1.0,0.8414155738164091,0.9803728032809849,1.0,0.9669603524229075
inner_to_R2,hier,xgboost+xgboost,46,0.856471315941382,0.9099099099099099,0.7607192254495159,0.7728459530026109,0.8388814913448736,1.0,0.856471315941382,0.986907305873169,1.0,0.9669603524229075
inner_to_R2,hier,xgboost+lightgbm,46,0.8595158689341327,0.9099099099099099,0.7703081232492998,0.7853403141361257,0.8320209973753281,1.0,0.8595158689341327,0.9868561550689389,1.0,0.9669603524229075
inner_to_R2,hier,lightgbm+rf,46,0.8439310147310513,0.9166666666666666,0.7356948228882834,0.734640522875817,0.8326530612244898,1.0,0.8439310147310513,0.983707305873169,1.0,0.9691629955947136
inner_to_R2,hier,lightgbm+xgboost,46,0.8590684813982741,0.9166666666666666,0.7617728531855956,0.7769028871391076,0.84,1.0,0.8590684813982741,0.9902137741046833,1.0,0.9691629955947136
inner_to_R2,hier,lightgbm+lightgbm,46,0.8621318000884564,0.9166666666666666,0.7703081232492998,0.7894736842105263,0.8342105263157895,1.0,0.8621318000884564,0.9901626233004531,1.0,0.9691629955947136
inner_to_R3,hier,rf+rf,42,0.8468560317228683,0.9850340136054422,0.7353760445682451,0.711484593837535,0.8037135278514589,0.99867197875166,0.8468560317228683,0.9673997067839532,1.0,0.9934676102340773
inner_to_R3,hier,rf+xgboost,42,0.8561801189478488,0.9850340136054422,0.7205673758865249,0.7325905292479109,0.8440366972477065,0.99867197875166,0.8561801189478488,0.9738264114257319,1.0,0.9934676102340773
inner_to_R3,hier,rf+lightgbm,42,0.8586528533539524,0.9850340136054422,0.7321178120617111,0.7394957983193278,0.8379446640316206,0.99867197875166,0.8586528533539524,0.9869886178861789,1.0,0.9934676102340773
inner_to_R3,hier,xgboost+rf,42,0.8359807741282536,0.9538866930171278,0.7356643356643356,0.6876790830945558,0.8053333333333333,0.9973404255319149,0.8359807741282536,0.9639857662195942,1.0,0.979858464888405
inner_to_R3,hier,xgboost+xgboost,42,0.845988502494127,0.9538866930171278,0.7259684361549498,0.7102272727272727,0.84251968503937,0.9973404255319149,0.845988502494127,0.9705171036795767,1.0,0.979858464888405
inner_to_R3,hier,xgboost+lightgbm,42,0.8490610358887805,0.9538866930171278,0.7375886524822695,0.7189728958630528,0.8375165125495376,0.9973404255319149,0.8490610358887805,0.9803763974051364,1.0,0.979858464888405
inner_to_R3,hier,lightgbm+rf,42,0.8366075646536515,0.9512516469038208,0.7366946778711485,0.6924177396280401,0.8053333333333333,0.9973404255319149,0.8366075646536515,0.9639857662195942,1.0,0.9787697332607512
inner_to_R3,hier,lightgbm+xgboost,42,0.8454507485946628,0.9512516469038208,0.7238912732474965,0.7122507122507122,0.84251968503937,0.9973404255319149,0.8454507485946628,0.9705171036795767,1.0,0.9787697332607512
inner_to_R3,hier,lightgbm+lightgbm,42,0.8479639266287828,0.9512516469038208,0.7337110481586402,0.72,0.8375165125495376,0.9973404255319149,0.8479639266287828,0.9803763974051364,1.0,0.9787697332607512
inner_to_R3,hier,rf+rf,43,0.8398960347169163,0.9770580296896086,0.7262569832402235,0.7070422535211267,0.7904509283819628,0.99867197875166,0.8398960347169163,0.9706517393042784,1.0,0.9902014153511159
inner_to_R3,hier,rf+xgboost,43,0.8551998489405518,0.9770580296896086,0.7315716272600834,0.7313642756680732,0.8373333333333334,0.99867197875166,0.8551998489405518,0.9837307280635832,1.0,0.9902014153511159
inner_to_R3,hier,rf+lightgbm,43,0.8557369840566263,0.9770580296896086,0.7321178120617111,0.7394957983193278,0.8313413014608234,0.99867197875166,0.8557369840566263,0.9869886178861789,1.0,0.9902014153511159
inner_to_R3,hier,xgboost+rf,43,0.8310353838168109,0.9526315789473684,0.7224546722454672,0.6848920863309352,0.800531914893617,0.9946666666666667,0.8310353838168109,0.9672648953392962,1.0,0.9782253674469243
inner_to_R3,hier,xgboost+xgboost,43,0.8469407654715131,0.9526315789473684,0.7359550561797753,0.7106017191977078,0.8408488063660478,0.9946666666666667,0.8469407654715131,0.9771185075825407,1.0,0.9782253674469243
inner_to_R3,hier,xgboost+lightgbm,43,0.8475379110898087,0.9526315789473684,0.7365439093484419,0.7189728958630528,0.8348745046235139,0.9946666666666667,0.8475379110898087,0.9803763974051364,1.0,0.9782253674469243
inner_to_R3,hier,lightgbm+rf,43,0.8331724549850609,0.9512516469038208,0.7254901960784313,0.6896551724137931,0.8021248339973439,0.9973404255319149,0.8331724549850609,0.9672648953392962,1.0,0.9787697332607512
inner_to_R3,hier,lightgbm+xgboost,43,0.8479319876013344,0.9512516469038208,0.7349228611500701,0.7126436781609196,0.843501326259947,0.9973404255319149,0.8479319876013344,0.9771185075825407,1.0,0.9787697332607512
inner_to_R3,hier,lightgbm+lightgbm,43,0.8479639266287828,0.9512516469038208,0.7337110481586402,0.72,0.8375165125495376,0.9973404255319149,0.8479639266287828,0.9803763974051364,1.0,0.9787697332607512
inner_to_R3,hier,rf+rf,44,0.8445225369722646,0.9836956521739131,0.7323162274618585,0.71004243281471,0.797886393659181,0.99867197875166,0.8445225369722646,0.9673936864923451,1.0,0.9929232444202504
inner_to_R3,hier,rf+xgboost,44,0.8596478580050289,0.9836956521739131,0.7282913165266106,0.7394957983193278,0.8480845442536328,0.99867197875166,0.8596478580050289,0.9836839452648694,1.0,0.9929232444202504
inner_to_R3,hier,rf+lightgbm,44,0.8575006125946997,0.9836956521739131,0.7313642756680732,0.7384615384615385,0.8353096179183136,0.99867197875166,0.8575006125946997,0.9869886178861789,1.0,0.9929232444202504
inner_to_R3,hier,xgboost+rf,44,0.834027777717856,0.9526315789473684,0.7353760445682451,0.6850507982583455,0.7984084880636605,0.99867197875166,0.834027777717856,0.9639763974051364,1.0,0.979858464888405
inner_to_R3,hier,xgboost+xgboost,44,0.8505484026344691,0.9526315789473684,0.7344632768361582,0.7181688125894135,0.8488063660477454,0.99867197875166,0.8505484026344691,0.9803763974051364,1.0,0.979858464888405
inner_to_R3,hier,xgboost+lightgbm,44,0.8489902397519163,0.9526315789473684,0.7375886524822695,0.7189728958630528,0.8370860927152318,0.99867197875166,0.8489902397519163,0.9803763974051364,1.0,0.979858464888405
inner_to_R3,hier,lightgbm+rf,44,0.8347646378935497,0.9512516469038208,0.7353760445682451,0.6898550724637681,0.8,0.9973404255319149,0.8347646378935497,0.9639763974051364,1.0,0.9787697332607512
inner_to_R3,hier,lightgbm+xgboost,44,0.8500844686151993,0.9512516469038208,0.7323943661971831,0.7202295552367288,0.8492063492063492,0.9973404255319149,0.8500844686151993,0.9803763974051364,1.0,0.9787697332607512
inner_to_R3,hier,lightgbm+lightgbm,44,0.8479639266287828,0.9512516469038208,0.7337110481586402,0.72,0.8375165125495376,0.9973404255319149,0.8479639266287828,0.9803763974051364,1.0,0.9787697332607512
inner_to_R3,hier,rf+rf,45,0.8428087414808634,0.981029810298103,0.7231638418079096,0.7148817802503477,0.7962962962962963,0.99867197875166,0.8428087414808634,0.9673702188901387,1.0,0.9918345127925966
inner_to_R3,hier,rf+xgboost,45,0.8606740808836127,0.981029810298103,0.7405329593267882,0.7436619718309859,0.8394736842105263,0.99867197875166,0.8606740808836127,0.9836839452648694,1.0,0.9918345127925966
inner_to_R3,hier,rf+lightgbm,45,0.856929746552827,0.981029810298103,0.7321178120617111,0.7394957983193278,0.8333333333333334,0.99867197875166,0.856929746552827,0.9869886178861789,1.0,0.9918345127925966
inner_to_R3,hier,xgboost+rf,45,0.832574261058993,0.9526315789473684,0.7223796033994334,0.6894586894586895,0.8010610079575596,0.9973404255319149,0.832574261058993,0.9673144505638603,1.0,0.9793140990745781
inner_to_R3,hier,xgboost+xgboost,45,0.8516668698030141,0.9526315789473684,0.7460992907801418,0.7212643678160919,0.8409986859395532,0.9973404255319149,0.8516668698030141,0.9803763974051364,1.0,0.9793140990745781
inner_to_R3,hier,xgboost+lightgbm,45,0.8485024777606881,0.9526315789473684,0.7375886524822695,0.7189728958630528,0.8359788359788359,0.9973404255319149,0.8485024777606881,0.9803763974051364,1.0,0.9793140990745781
inner_to_R3,hier,lightgbm+rf,45,0.8337626372879979,0.9512516469038208,0.723404255319149,0.6941678520625889,0.8026490066225166,0.9973404255319149,0.8337626372879979,0.9673144505638603,1.0,0.9787697332607512
inner_to_R3,hier,lightgbm+xgboost,45,0.8516886763078236,0.9512516469038208,0.743988684582744,0.723342939481268,0.84251968503937,0.9973404255319149,0.8516886763078236,0.9803763974051364,1.0,0.9787697332607512
inner_to_R3,hier,lightgbm+lightgbm,45,0.8479639266287828,0.9512516469038208,0.7337110481586402,0.72,0.8375165125495376,0.9973404255319149,0.8479639266287828,0.9803763974051364,1.0,0.9787697332607512
inner_to_R3,hier,rf+rf,46,0.8450850782887365,0.9850340136054422,0.7298050139275766,0.7108603667136812,0.8010540184453228,0.99867197875166,0.8450850782887365,0.9641181863698136,1.0,0.9934676102340773
inner_to_R3,hier,rf+xgboost,46,0.8585007858072418,0.9850340136054422,0.7303370786516854,0.7310924369747899,0.8473684210526315,0.99867197875166,0.8585007858072418,0.9804032520325204,1.0,0.9934676102340773
inner_to_R3,hier,rf+lightgbm,46,0.85807876398408,0.9850340136054422,0.7321178120617111,0.7377279102384292,0.8368421052631579,0.99867197875166,0.85807876398408,0.9869886178861789,1.0,0.9934676102340773
inner_to_R3,hier,xgboost+rf,46,0.8352762948920681,0.9526315789473684,0.7321178120617111,0.69164265129683,0.8026490066225166,0.9973404255319149,0.8352762948920681,0.9606486867618542,1.0,0.9793140990745781
inner_to_R3,hier,xgboost+xgboost,46,0.8488323459323505,0.9526315789473684,0.7357954545454546,0.7114285714285714,0.8469656992084432,0.9973404255319149,0.8488323459323505,0.977096111167894,1.0,0.9793140990745781
inner_to_R3,hier,xgboost+lightgbm,46,0.8484513734874657,0.9526315789473684,0.7357954545454546,0.7189728958630528,0.8375165125495376,0.9973404255319149,0.8484513734874657,0.9803763974051364,1.0,0.9793140990745781
inner_to_R3,hier,lightgbm+rf,46,0.8353716023420551,0.9512516469038208,0.7310924369747899,0.6945244956772334,0.8026490066225166,0.9973404255319149,0.8353716023420551,0.9606486867618542,1.0,0.9787697332607512
inner_to_R3,hier,lightgbm+xgboost,46,0.8483430343468299,0.9512516469038208,0.7337110481586402,0.7124463519313304,0.8469656992084432,0.9973404255319149,0.8483430343468299,0.977096111167894,1.0,0.9787697332607512
inner_to_R3,hier,lightgbm+lightgbm,46,0.8479639266287828,0.9512516469038208,0.7337110481586402,0.72,0.8375165125495376,0.9973404255319149,0.8479639266287828,0.9803763974051364,1.0,0.9787697332607512
inner_to_R4,hier,rf+rf,42,0.8091145061179571,0.919889502762431,0.6369268897149938,0.7238912732474965,0.7648648648648648,1.0,0.8091145061179571,0.9376603808544057,1.0,0.9686994063680519
inner_to_R4,hier,rf+xgboost,42,0.8075429883992253,0.919889502762431,0.6289752650176679,0.7571428571428571,0.7317073170731707,1.0,0.8075429883992253,0.9418671720687957,0.984,0.9686994063680519
inner_to_R4,hier,rf+lightgbm,42,0.8023545525360335,0.919889502762431,0.6255924170616114,0.743988684582744,0.7223021582733813,1.0,0.8023545525360335,0.9417829709328007,0.984,0.9686994063680519
inner_to_R4,hier,xgboost+rf,42,0.8147500661745772,0.9376693766937669,0.6416978776529338,0.7238912732474965,0.7704918032786885,1.0,0.8147500661745772,0.9439001349527665,1.0,0.9751753912574204
inner_to_R4,hier,xgboost+xgboost,42,0.8131771497321655,0.9376693766937669,0.6327014218009479,0.7571428571428571,0.7383720930232558,1.0,0.8131771497321655,0.9446305517841566,1.0,0.9751753912574204
inner_to_R4,hier,xgboost+lightgbm,42,0.8079683309645805,0.9376693766937669,0.6293206197854588,0.743988684582744,0.7288629737609329,1.0,0.8079683309645805,0.9446114964960193,1.0,0.9751753912574204
inner_to_R4,hier,lightgbm+rf,42,0.8137019985110424,0.9346049046321526,0.6441102756892231,0.7228571428571429,0.7669376693766937,1.0,0.8137019985110424,0.9407794994219831,1.0,0.9740960604425256
inner_to_R4,hier,lightgbm+xgboost,42,0.8121644708624667,0.9346049046321526,0.6342042755344418,0.7571428571428571,0.7348703170028819,1.0,0.8121644708624667,0.9481387976612179,1.0,0.9740960604425256
inner_to_R4,hier,lightgbm+lightgbm,42,0.8069702975972628,0.9346049046321526,0.6308243727598566,0.743988684582744,0.7254335260115607,1.0,0.8069702975972628,0.9480597723580884,1.0,0.9740960604425256
inner_to_R4,hier,rf+rf,43,0.8062418328605272,0.9183955739972337,0.6307884856070087,0.7189728958630528,0.7630522088353414,1.0,0.8062418328605272,0.9376603808544057,1.0,0.9681597409606044
inner_to_R4,hier,rf+xgboost,43,0.8076629028323034,0.9183955739972337,0.6308243727598566,0.7633802816901408,0.7257142857142858,1.0,0.8076629028323034,0.9382819250829393,0.984,0.9681597409606044
inner_to_R4,hier,rf+lightgbm,43,0.8017256625014106,0.9183955739972337,0.6270783847980997,0.7418899858956276,0.7212643678160919,1.0,0.8017256625014106,0.9417829709328007,0.984,0.9681597409606044
inner_to_R4,hier,xgboost+rf,43,0.8113274327833994,0.9335142469470827,0.6355611601513241,0.721030042918455,0.766531713900135,1.0,0.8113274327833994,0.9439001349527665,1.0,0.9735563950350783
inner_to_R4,hier,xgboost+xgboost,43,0.8123224619480144,0.9335142469470827,0.6330935251798561,0.7637906647807637,0.7312138728323699,1.0,0.8123224619480144,0.941058809191864,1.0,0.9735563950350783
inner_to_R4,hier,xgboost+lightgbm,43,0.8063577369014198,0.9335142469470827,0.6293206197854588,0.7422096317280453,0.7267441860465116,1.0,0.8063577369014198,0.9446114964960193,1.0,0.9735563950350783
inner_to_R4,hier,lightgbm+rf,43,0.8113747434732025,0.9346049046321526,0.6371681415929203,0.72,0.7651006711409396,1.0,0.8113747434732025,0.9407794994219831,1.0,0.9740960604425256
inner_to_R4,hier,lightgbm+xgboost,43,0.8128652010279149,0.9346049046321526,0.6353790613718412,0.764456981664316,0.7298850574712644,1.0,0.8128652010279149,0.9445477343744726,1.0,0.9740960604425256
inner_to_R4,hier,lightgbm+lightgbm,43,0.8069702975972628,0.9346049046321526,0.6308243727598566,0.743988684582744,0.7254335260115607,1.0,0.8069702975972628,0.9480597723580884,1.0,0.9740960604425256
inner_to_R4,hier,rf+rf,44,0.806373212942528,0.9168975069252078,0.6318407960199005,0.7204610951008645,0.7626666666666667,1.0,0.806373212942528,0.9243823313782992,1.0,0.967620075553157
inner_to_R4,hier,rf+xgboost,44,0.8085471764715807,0.9168975069252078,0.6352941176470588,0.7635327635327636,0.7270114942528736,1.0,0.8085471764715807,0.9386792975588133,0.984,0.967620075553157
inner_to_R4,hier,rf+lightgbm,44,0.8013979178623701,0.9168975069252078,0.6248520710059171,0.7429378531073446,0.7223021582733813,1.0,0.8013979178623701,0.9417829709328007,0.984,0.967620075553157
inner_to_R4,hier,xgboost+rf,44,0.8120561732466994,0.9347826086956522,0.6357947434292867,0.7225433526011561,0.7671601615074024,1.0,0.8120561732466994,0.9305216095380029,1.0,0.9740960604425256
inner_to_R4,hier,xgboost+xgboost,44,0.8142090138043947,0.9347826086956522,0.6390532544378699,0.7657142857142857,0.7314949201741655,1.0,0.8142090138043947,0.9414447814852263,1.0,0.9740960604425256
inner_to_R4,hier,xgboost+lightgbm,44,0.8070289519391063,0.9347826086956522,0.6285714285714286,0.743988684582744,0.727802037845706,1.0,0.8070289519391063,0.9446114964960193,1.0,0.9740960604425256
inner_to_R4,hier,lightgbm+rf,44,0.8119610438355277,0.9346049046321526,0.6389937106918239,0.7215007215007215,0.7647058823529411,1.0,0.8119610438355277,0.9274518296980009,1.0,0.9740960604425256
inner_to_R4,hier,lightgbm+xgboost,44,0.8140852496441147,0.9346049046321526,0.6420927467300832,0.7646219686162625,0.729106628242075,1.0,0.8140852496441147,0.9449509231512355,1.0,0.9740960604425256
inner_to_R4,hier,lightgbm+lightgbm,44,0.8069702975972628,0.9346049046321526,0.6308243727598566,0.743988684582744,0.7254335260115607,1.0,0.8069702975972628,0.9480597723580884,1.0,0.9740960604425256
inner_to_R4,hier,rf+rf,45,0.8069049375664399,0.9138888888888889,0.6375,0.723404255319149,0.7597315436241611,1.0,0.8069049375664399,0.9410331833198992,1.0,0.9665407447382622
inner_to_R4,hier,rf+xgboost,45,0.8022136527547279,0.9138888888888889,0.6258823529411764,0.7471590909090909,0.7241379310344828,1.0,0.8022136527547279,0.9318724471171576,0.984,0.9665407447382622
inner_to_R4,hier,rf+lightgbm,45,0.8003201694165714,0.9138888888888889,0.6255924170616114,0.7418899858956276,0.7202295552367288,1.0,0.8003201694165714,0.9417829709328007,0.984,0.9665407447382622
inner_to_R4,hier,xgboost+rf,45,0.8135183879911125,0.9335142469470827,0.6423173803526449,0.7264957264957265,0.7652645861601085,1.0,0.8135183879911125,0.9472220817274785,1.0,0.9735563950350783
inner_to_R4,hier,xgboost+xgboost,45,0.8082645274251554,0.9335142469470827,0.6295857988165681,0.7485714285714286,0.7296511627906976,1.0,0.8082645274251554,0.9346110132882803,1.0,0.9735563950350783
inner_to_R4,hier,xgboost+lightgbm,45,0.8064194690184525,0.9335142469470827,0.6285714285714286,0.7422096317280453,0.727802037845706,1.0,0.8064194690184525,0.9446114964960193,1.0,0.9735563950350783
inner_to_R4,hier,lightgbm+rf,45,0.8135247840310115,0.9346049046321526,0.6447534766118836,0.7254623044096729,0.7628032345013477,1.0,0.8135247840310115,0.9441271879661027,1.0,0.9740960604425256
inner_to_R4,hier,lightgbm+xgboost,45,0.8087491285571942,0.9346049046321526,0.6325802615933412,0.7492877492877493,0.7272727272727273,1.0,0.8087491285571942,0.9381317684246128,1.0,0.9740960604425256
inner_to_R4,hier,lightgbm+lightgbm,45,0.8069702975972628,0.9346049046321526,0.6308243727598566,0.743988684582744,0.7254335260115607,1.0,0.8069702975972628,0.9480597723580884,1.0,0.9740960604425256
inner_to_R4,hier,rf+rf,46,0.8097562038010173,0.919889502762431,0.6373902132998746,0.7191977077363897,0.7723035952063915,1.0,0.8097562038010173,0.9245581866995801,1.0,0.9686994063680519
inner_to_R4,hier,rf+xgboost,46,0.8072142582563879,0.919889502762431,0.6327014218009479,0.75177304964539,0.7317073170731707,1.0,0.8072142582563879,0.9383889111992305,0.984,0.9686994063680519
inner_to_R4,hier,rf+lightgbm,46,0.8021735750998241,0.919889502762431,0.6278240190249703,0.7418899858956276,0.7212643678160919,1.0,0.8021735750998241,0.9417829709328007,0.984,0.9686994063680519
inner_to_R4,hier,xgboost+rf,46,0.8145936017744955,0.9347826086956522,0.6389937106918239,0.7212643678160919,0.7779273216689099,1.0,0.8145936017744955,0.9307979407979408,1.0,0.9740960604425256
inner_to_R4,hier,xgboost+xgboost,46,0.8121036931115334,0.9347826086956522,0.6334519572953736,0.7539118065433855,0.7383720930232558,1.0,0.8121036931115334,0.9411822759220876,1.0,0.9740960604425256
inner_to_R4,hier,xgboost+lightgbm,46,0.8070289519391063,0.9347826086956522,0.6285714285714286,0.743988684582744,0.727802037845706,1.0,0.8070289519391063,0.9446114964960193,1.0,0.9740960604425256
inner_to_R4,hier,lightgbm+rf,46,0.8144921121986322,0.9346049046321526,0.6422250316055625,0.7202295552367288,0.7754010695187166,1.0,0.8144921121986322,0.9276773052671572,1.0,0.9740960604425256
inner_to_R4,hier,lightgbm+xgboost,46,0.8119697080237274,0.9346049046321526,0.636471990464839,0.7528409090909091,0.7359307359307359,1.0,0.8119697080237274,0.9446605367916527,1.0,0.9740960604425256
inner_to_R4,hier,lightgbm+lightgbm,46,0.8069702975972628,0.9346049046321526,0.6308243727598566,0.743988684582744,0.7254335260115607,1.0,0.8069702975972628,0.9480597723580884,1.0,0.9740960604425256
pos_R5,hier,rf+xgboost,42,0.800606572292411,0.8414442700156985,0.5734870317002881,0.8257372654155496,0.7623642943305187,1.0,0.800606572292411,0.8963141771268965,0.9327184892402283,0.9443832599118943
pos_R5,hier,rf+xgboost,43,0.7990875013865075,0.8414442700156985,0.5751445086705202,0.8246318607764391,0.7542168674698795,1.0,0.7990875013865075,0.9032970139410599,0.9327184892402283,0.9443832599118943
pos_R5,hier,rf+xgboost,44,0.7956996185830149,0.8504672897196262,0.5632183908045977,0.815114709851552,0.7496977025392987,1.0,0.7956996185830149,0.8961659783443672,0.9492063492063492,0.947136563876652
pos_R5,hier,rf+xgboost,45,0.7902738588910058,0.8135048231511254,0.5613540197461213,0.8259109311740891,0.750599520383693,1.0,0.7902738588910058,0.9002602911404608,0.9161176987263943,0.9361233480176211
pos_R5,hier,rf+xgboost,46,0.7998484867327658,0.8377952755905512,0.5734664764621968,0.8252688172043011,0.7627118644067796,1.0,0.7998484867327658,0.9035268423382078,0.9161176987263943,0.9432819383259912
jit_R6,hier,rf+xgboost,42,0.6983823598696027,0.49056603773584906,0.5991735537190083,0.6245161290322581,0.7776560788608982,1.0,0.6983823598696027,0.8451944444444445,0.8516825396825396,0.864185110663984
jit_R6,hier,rf+xgboost,43,0.6737126546577881,0.39357429718875503,0.5821501014198783,0.618925831202046,0.7739130434782608,1.0,0.6737126546577881,0.7839726643199654,0.7821754385964912,0.8480885311871227
jit_R6,hier,rf+xgboost,44,0.6723774094891105,0.3870967741935484,0.5800604229607251,0.6213093709884467,0.7734204793028322,1.0,0.6723774094891105,0.7518714205371233,0.7938738738738739,0.8470824949698189
jit_R6,hier,rf+xgboost,45,0.7047687289749371,0.5139664804469274,0.6018808777429467,0.6254826254826255,0.7825136612021858,1.0,0.7047687289749371,0.8437019428983715,0.9201228878648233,0.8687122736418511
jit_R6,hier,rf+xgboost,46,0.7161770947486891,0.5714285714285714,0.6104589114194237,0.6277561608300908,0.7712418300653595,1.0,0.7161770947486891,0.869160347790921,0.9392463768115942,0.8792756539235412
jit_R7,hier,rf+xgboost,42,0.8219783643232514,0.8396501457725948,0.7092882991556092,0.7641866330390921,0.7967667436489607,1.0,0.8219783643232514,0.9878533941691836,1.0,0.9448068238835926
jit_R7,hier,rf+xgboost,43,0.8120541766005134,0.8119402985074626,0.6986794717887155,0.7587939698492462,0.7908571428571428,1.0,0.8120541766005134,0.9818370344707403,1.0,0.9367787255393879
jit_R7,hier,rf+xgboost,44,0.8127612808155821,0.8119402985074626,0.6996466431095406,0.7531486146095718,0.7990708478513356,1.0,0.8127612808155821,0.9727187249168672,1.0,0.9367787255393879
jit_R7,hier,rf+xgboost,45,0.826256233437715,0.8579626972740315,0.7092882991556092,0.7672634271099744,0.7967667436489607,1.0,0.826256233437715,0.9878777597861568,1.0,0.9503261414952333
jit_R7,hier,rf+xgboost,46,0.831791377408978,0.8757062146892656,0.708029197080292,0.7733674775928298,0.8018539976825029,1.0,0.831791377408978,0.9878533941691836,1.0,0.955845459106874
